{
  "id": "FIREFLIES_5046738",
  "semantic_identifier": "5046738 - Ironspruce Robotics - sales_call - Discussion with Nora Wheeler",
  "title": null,
  "source": "fireflies",
  "doc_updated_at": "2025-06-09 00:00:00",
  "metadata": {
    "meeting_date": "2025-06-09 00:00:00",
    "duration_min": "21"
  },
  "doc_metadata": {
    "hierarchy": {
      "source_path": [
        "2025-06"
      ],
      "year_month": "2025-06",
      "meeting_title": "5046738 - Ironspruce Robotics - sales_call - Discussion with Nora Wheeler",
      "organizer_email": "megan_foster@netherite-extraction.onyx.app"
    }
  },
  "sections": [
    {
      "text": "Megan Foster: Hi Nora, good to see you again. Last time you mentioned you\u2019re trying to be more deliberate about which industries Ironspruce targets next quarter, and that retention plus support burden are big signals for you. Does that still feel like the right focus for today?",
      "link": "https://www.onyx.app/6464256-1"
    },
    {
      "text": "Nora Wheeler: Yes, definitely. We\u2019ve got a couple verticals that look promising on pipeline, but we\u2019re not convinced they\u2019re the ones that will stick or be low-friction for support.",
      "link": "https://www.onyx.app/6464256-2"
    },
    {
      "text": "Megan Foster: Perfect. Then I want to keep this tight and focus on one part of Customer Analyzer that maps directly to that\u2014our positioning recommendations for the segments you prioritize. The idea is: once you\u2019ve decided \u201cthese are the industries to lean into,\u201d we generate segment-specific messaging blocks that your team can actually use\u2014website copy, sales deck bullets, email openers\u2014plus an objection-handling playbook tied back to the evidence from your data.",
      "link": "https://www.onyx.app/6464256-3"
    },
    {
      "text": "Nora Wheeler: That\u2019s helpful. Our biggest pain is inconsistency. Marketing says one thing, sales says another, and support hears something else entirely.",
      "link": "https://www.onyx.app/6464256-4"
    },
    {
      "text": "Megan Foster: Exactly. Let me sanity-check your process today. How are you currently deciding which industries to target\u2014are you looking at renewal rates by vertical, ticket volume, time-to-value, that kind of thing?",
      "link": "https://www.onyx.app/6464256-5"
    },
    {
      "text": "Nora Wheeler: It\u2019s messy. Our CRM industry fields aren\u2019t always filled in correctly, and our support tags are inconsistent. We have a general sense from a handful of accounts, but it\u2019s not systematic.",
      "link": "https://www.onyx.app/6464256-6"
    },
    {
      "text": "Megan Foster: That\u2019s a very common place to start, and it\u2019s also where Customer Analyzer tends to help quickly. We ingest the signals you already have\u2014CRM fields, support tickets, product usage\u2014and even if things aren\u2019t perfect, we can still surface patterns. Then the positioning_recommendation feature takes the \u201cfit drivers\u201d we find\u2014like lower support burden or higher retention in a segment\u2014and turns that into messaging and proof points.",
      "link": "https://www.onyx.app/6464256-7"
    },
    {
      "text": "Nora Wheeler: I like the idea, but I\u2019m worried about garbage in, garbage out. If our industry field is wrong half the time, does the fit score and the messaging end up wrong too?",
      "link": "https://www.onyx.app/6464256-8"
    },
    {
      "text": "Megan Foster: Totally fair concern. Two things there. First, we\u2019re not asking you to magically perfect everything before getting value. We can start with a small set of high-confidence accounts\u2014say the last 30 renewals\u2014and use those as the backbone. Second, the recommendations are linked back to evidence. So if it says \u201cmanufacturing robotics teams care about X,\u201d you can click through and see which tickets, surveys, or notes drove that, and you can edit the block. It\u2019s not a black box that forces you to trust it blindly.",
      "link": "https://www.onyx.app/6464256-9"
    },
    {
      "text": "Nora Wheeler: Okay, so it\u2019s more \u201cassisted positioning\u201d than \u201cauto-generated gospel.\u201d",
      "link": "https://www.onyx.app/6464256-10"
    },
    {
      "text": "Megan Foster: Exactly. Assisted, fast, and consistent. Here\u2019s how it would look for your use case. Step one: you pick the candidate industries\u2014maybe industrial automation, warehouse logistics, and healthcare robotics\u2014whatever is on the table. Step two: we pull retention and support burden signals for each. Step three: for the top one or two, we generate a messaging set: value proposition, top use cases, differentiators, proof points to collect, and a short objection-handling playbook. That way your SDRs, AEs, and marketing aren\u2019t reinventing language every time.",
      "link": "https://www.onyx.app/6464256-11"
    },
    {
      "text": "Nora Wheeler: The objection-handling piece is interesting. Our reps get stuck on the same two objections in certain verticals, and we don\u2019t always have a crisp response.",
      "link": "https://www.onyx.app/6464256-12"
    },
    {
      "text": "Megan Foster: Right\u2014so for a given segment, we\u2019ll output something like: \u201cTop objections we see + recommended talk track + which proof points to use.\u201d And it\u2019s grounded in the customer language you\u2019ve collected\u2014support tickets, interview notes, onboarding survey free-text\u2014so it sounds like your customers, not generic marketing.",
      "link": "https://www.onyx.app/6464256-13"
    },
    {
      "text": "Nora Wheeler: That\u2019s compelling. Another issue though: our usage data is sparse for some accounts because we don\u2019t have consistent event tracking. We\u2019re mid-way through an instrumentation project.",
      "link": "https://www.onyx.app/6464256-14"
    },
    {
      "text": "Megan Foster: That\u2019s also normal. For the first phase, we don\u2019t need perfect product events if we have enough signal from retention, ticket volume, and qualitative notes. We can prioritize \u201cindustries to target next quarter\u201d using those signals, then as your instrumentation improves, the scoring gets richer. The key is: we can start with what you have, and the system will show confidence levels and what data gaps are limiting accuracy.",
      "link": "https://www.onyx.app/6464256-15"
    },
    {
      "text": "Nora Wheeler: Confidence levels would help. I don\u2019t want to take a big bet on an industry if the underlying data is thin.",
      "link": "https://www.onyx.app/6464256-16"
    },
    {
      "text": "Megan Foster: Totally. So, to make this practical: if we did a pilot, we\u2019d choose two industries you\u2019re already debating. We\u2019d ingest your CRM export plus a slice of support tickets\u2014say the last six months\u2014and any onboarding survey responses you have. Within a week or two, you\u2019d have segment-level fit drivers and then the editable messaging blocks. Your team can review them, tweak language, and deploy it in outbound and on your deck.",
      "link": "https://www.onyx.app/6464256-17"
    },
    {
      "text": "Nora Wheeler: What would you need from us to get to that \u201cweek or two\u201d timeline? Because our ops team is stretched.",
      "link": "https://www.onyx.app/6464256-18"
    },
    {
      "text": "Megan Foster: Minimal lift. For CRM, a CSV export with account ID, industry field\u2014even if imperfect\u2014ARR, stage history if you have it, and renewal status. For support, a ticket export with tags, category, and free-text subject/body if allowed. If the tags are inconsistent, that\u2019s okay; the text is often the more valuable part for language and objections. If security is a concern, we can start with redacted text or limited fields.",
      "link": "https://www.onyx.app/6464256-19"
    },
    {
      "text": "Nora Wheeler: Security is always a concern, but we can likely do a controlled export. Our bigger question is: how do we avoid spending time cleaning data?",
      "link": "https://www.onyx.app/6464256-20"
    },
    {
      "text": "Megan Foster: We avoid it by scoping. We don\u2019t boil the ocean. We pick a narrow slice: your top 50 accounts by ARR plus the churned accounts from the last year, mapped to those two industries. That\u2019s usually enough to see meaningful patterns without a months-long data cleanup. And because the positioning recommendations cite evidence, you\u2019ll quickly spot where fields are missing or inconsistent\u2014then you can decide if it\u2019s worth fixing.",
      "link": "https://www.onyx.app/6464256-21"
    },
    {
      "text": "Nora Wheeler: That makes sense. I\u2019m also thinking about adoption. If this produces a nice doc but nobody uses it, we\u2019re back where we started.",
      "link": "https://www.onyx.app/6464256-22"
    },
    {
      "text": "Megan Foster: Agreed. That\u2019s why the output format matters. It\u2019s not a PDF that dies in a folder. The positioning recommendations come as editable blocks specifically meant to drop into a sales deck, website hero section, and outbound email openers. So we can align with you on where it will live\u2014like \u201cthese bullets go into slide 3,\u201d \u201cthis becomes the SDR opener,\u201d \u201cthis is the objection response in your enablement doc.\u201d",
      "link": "https://www.onyx.app/6464256-23"
    },
    {
      "text": "Nora Wheeler: If we can get the sales team to stop freelancing the pitch, that\u2019s already a win.",
      "link": "https://www.onyx.app/6464256-24"
    },
    {
      "text": "Megan Foster: Exactly. So here\u2019s what I\u2019d propose as a next step to get you to a buying decision confidently. We run a short pilot focused on your \u201cindustries to target next quarter\u201d decision. Deliverables are: the segment ranking with fit drivers, plus positioning recommendations for the top two industries, including objection handling and proof points to collect. At the end, we do a readout with you where you decide: \u201cDo we trust this enough to use it in Q2 targeting and messaging?\u201d",
      "link": "https://www.onyx.app/6464256-25"
    },
    {
      "text": "Nora Wheeler: That\u2019s the right structure. What does pricing look like if we move beyond the pilot?",
      "link": "https://www.onyx.app/6464256-26"
    },
    {
      "text": "Megan Foster: For Ironspruce, given your team size and the scope we discussed, you\u2019d be looking at an annual subscription. The pilot fee can be credited toward the annual if you proceed. Rather than guess numbers live, can I confirm two details\u2014how many people would actively use the messaging outputs, and which systems are the data sources you\u2019d want connected longer-term?",
      "link": "https://www.onyx.app/6464256-27"
    },
    {
      "text": "Nora Wheeler: Actively, probably marketing plus sales leadership\u2014maybe 8 to 12 people. Systems: HubSpot for CRM, Zendesk for support. Product events later, but not in the pilot.",
      "link": "https://www.onyx.app/6464256-28"
    },
    {
      "text": "Megan Foster: Great. That\u2019s enough for me to come back with a clean proposal. If you\u2019re open to it, we can aim for: you send the two exports by next Wednesday, we deliver the first set of positioning blocks the following week, and we do the readout with you and whoever signs off the following Monday. If the outcome is strong, we roll straight into annual without losing momentum.",
      "link": "https://www.onyx.app/6464256-29"
    },
    {
      "text": "Nora Wheeler: That timeline works. I\u2019ll need to loop in ops for the exports, but it sounds manageable if we keep it to those top accounts.",
      "link": "https://www.onyx.app/6464256-30"
    },
    {
      "text": "Megan Foster: Perfect. I\u2019ll email a one-page checklist for the exports\u2014exact fields, plus an option if you need to limit free-text. And I\u2019ll include an outline of the pilot deliverables so you can share internally.",
      "link": "https://www.onyx.app/6464256-31"
    },
    {
      "text": "Nora Wheeler: Do that. If the recommendations really come out as usable sales copy and an objection playbook, I can see this being a no-brainer for us.",
      "link": "https://www.onyx.app/6464256-32"
    },
    {
      "text": "Megan Foster: That\u2019s the goal\u2014usable, evidence-linked, and consistent across teams. I\u2019ll send that over in the next hour, and I\u2019ll put a tentative readout on the calendar for two weeks out. Sound good?",
      "link": "https://www.onyx.app/6464256-33"
    },
    {
      "text": "Nora Wheeler: Sounds good. Let\u2019s proceed.",
      "link": "https://www.onyx.app/6464256-34"
    }
  ],
  "primary_owners": [
    {
      "display_name": null,
      "first_name": null,
      "middle_initial": null,
      "last_name": null,
      "email": "megan_foster@netherite-extraction.onyx.app"
    }
  ],
  "secondary_owners": [
    {
      "display_name": null,
      "first_name": null,
      "middle_initial": null,
      "last_name": null,
      "email": "nora_wheeler@ironspruce_robotics.onyx.app"
    }
  ]
}