{
  "id": "FIREFLIES_8624132",
  "semantic_identifier": "8624132 - Vividcedar Marketing - sales_call - Discussion with Ricardo Alvarez",
  "title": null,
  "source": "fireflies",
  "doc_updated_at": "2025-06-07 00:00:00",
  "metadata": {
    "meeting_date": "2025-06-07 00:00:00",
    "duration_min": "18"
  },
  "doc_metadata": {
    "hierarchy": {
      "source_path": [
        "2025-06"
      ],
      "year_month": "2025-06",
      "meeting_title": "8624132 - Vividcedar Marketing - sales_call - Discussion with Ricardo Alvarez",
      "organizer_email": "mina_park@netherite-extraction.onyx.app"
    }
  },
  "sections": [
    {
      "text": "Mina Park: Hi Ricardo\u2014good to see you again. Last time you mentioned you\u2019re trying to be more deliberate about which industries Vividcedar targets next quarter, and that\u2019s what sparked interest in Customer Analyzer. Does that goal still hold, or has anything shifted since we last spoke?",
      "link": "https://www.onyx.app/2380708-1"
    },
    {
      "text": "Ricardo Alvarez: Hi Mina. Yeah, still the priority. We\u2019ve got pressure to grow pipeline, but we don\u2019t want to repeat last quarter where support load went up and retention was worse in a couple segments.",
      "link": "https://www.onyx.app/2380708-2"
    },
    {
      "text": "Mina Park: That\u2019s exactly the scenario Customer Analyzer is built for. I\u2019d like to focus today on one core piece: our fit estimation feature. It takes signals you already have\u2014CRM fields, support tickets, usage patterns\u2014and turns them into a fit score from 0 to 100 at both the account and segment level. Then it shows the driver breakdown so you can see why a segment is scoring high or low. If we can map that to your retention and support burden by industry, we can get you to a short list of \u201cgo after these, pause these.\u201d",
      "link": "https://www.onyx.app/2380708-3"
    },
    {
      "text": "Ricardo Alvarez: The fit scoring is what caught my attention, but my worry is the data going into it. Our CRM fields aren\u2019t always clean, and usage tagging is inconsistent. I don\u2019t want a fancy score that\u2019s just reflecting bad inputs.",
      "link": "https://www.onyx.app/2380708-4"
    },
    {
      "text": "Mina Park: Totally fair, and it\u2019s a common concern. Two things we do to handle that. First, we make missingness visible\u2014so if \u201cindustry\u201d is blank for 30% of accounts, you\u2019ll see how much that\u2019s affecting confidence in the score. Second, you can choose fit drivers that are more reliable for you. For example, if your usage events are sparse, we can lean more on retention outcomes plus support burden signals\u2014ticket volume, escalation rates, time-to-resolution\u2014because those are often cleaner and directly tied to the pain you described.",
      "link": "https://www.onyx.app/2380708-5"
    },
    {
      "text": "Ricardo Alvarez: Okay, so it\u2019s not a black box. But we also have weird tagging in support\u2014some teams categorize tickets differently. Would the system misread \u201csupport burden\u201d if ticket types aren\u2019t consistent?",
      "link": "https://www.onyx.app/2380708-6"
    },
    {
      "text": "Mina Park: It could if we blindly trusted raw labels. In practice, we usually start with simple, stable measures that don\u2019t depend on perfect categorization\u2014like tickets per active account, reopen rate, median resolution time, and escalation count. If you have consistent \u201cseverity\u201d tagging, great, we can incorporate it. If not, we can still get a strong signal from volume and time-based metrics. Then the driver breakdown makes it obvious if \u201csupport burden\u201d is dominating the score in a way that doesn\u2019t match reality, and we can adjust weighting or swap drivers.",
      "link": "https://www.onyx.app/2380708-7"
    },
    {
      "text": "Ricardo Alvarez: That makes sense. How does it help with the \u201cwhich industries next quarter\u201d question, specifically? We already have some retention reports by vertical.",
      "link": "https://www.onyx.app/2380708-8"
    },
    {
      "text": "Mina Park: Great point. The difference is it connects the dots across signals and turns it into a decision tool. Here\u2019s how it typically looks: you define segments\u2014say, industry + size band. Customer Analyzer then compares segments side-by-side: retention rate, expansion, average support burden, time-to-value proxies, and any adoption patterns you have. It outputs a fit score per segment and tells you what drove it. So instead of \u201cHealthcare has 92% retention,\u201d you get \u201cHealthcare mid-market scores 84 because retention is high and support burden is low; Retail SMB scores 41 because support burden is high and early churn spikes in month one.\u201d That\u2019s what lets you prioritize.",
      "link": "https://www.onyx.app/2380708-9"
    },
    {
      "text": "Ricardo Alvarez: Got it. We\u2019re debating whether to double down on SaaS startups versus professional services firms. Startups convert fast but churn more; services firms are slower but stable. Would it show that tradeoff?",
      "link": "https://www.onyx.app/2380708-10"
    },
    {
      "text": "Mina Park: Yes\u2014and in a way that\u2019s actionable for next quarter. You\u2019d see the fit score split by those segments and a driver breakdown that surfaces the tradeoff explicitly: conversion velocity versus churn risk and support load. Then you can decide, \u201cOkay, startups are a fit if they meet these conditions,\u201d like minimum team size or certain technographic signals, rather than treating all startups the same. It turns a vague debate into an ICP recommendation based on observed outcomes.",
      "link": "https://www.onyx.app/2380708-11"
    },
    {
      "text": "Ricardo Alvarez: That\u2019s useful. One more concern: we\u2019re missing \u201cindustry\u201d for a chunk of leads and some accounts. Would that block the segment analysis?",
      "link": "https://www.onyx.app/2380708-12"
    },
    {
      "text": "Mina Park: Not block it, but it will limit segmentation until we fill it in. What we usually do is a quick data readiness pass: identify the critical fields for your segmentation\u2014industry and size are the common ones\u2014and quantify completeness. If industry is missing, you can still run scoring at the account level using other drivers, and we can segment on what you do have, like company size or product tier. And we can also flag \u201cunknown industry\u201d as its own bucket so it doesn\u2019t pollute other segments.",
      "link": "https://www.onyx.app/2380708-13"
    },
    {
      "text": "Ricardo Alvarez: Okay. If we do that, what do you need from us to get a meaningful first pass? I don\u2019t want a big integration project.",
      "link": "https://www.onyx.app/2380708-14"
    },
    {
      "text": "Mina Park: We can keep it lightweight. For a first pass aimed at next-quarter targeting, we typically start with: a CRM export (accounts with industry, size, stage, outcome fields like closed-won/lost if you have them), and a support summary (tickets per account plus resolution times over the last 6\u201312 months). If you have retention/churn by account, that\u2019s ideal. Usage events are nice-to-have; not required to answer your stated use case.",
      "link": "https://www.onyx.app/2380708-15"
    },
    {
      "text": "Ricardo Alvarez: And then you produce the segment comparisons and fit scores?",
      "link": "https://www.onyx.app/2380708-16"
    },
    {
      "text": "Mina Park: Exactly. Within that, we\u2019d focus on your key question: \u201cWhich industries do we prioritize next quarter given retention and support burden?\u201d You\u2019ll see: fit scores by industry, a ranked list, and the driver breakdown so you can defend the decision internally. We can also set thresholds\u2014like \u201conly pursue segments above 70 fit\u201d\u2014and track how that changes pipeline quality over time.",
      "link": "https://www.onyx.app/2380708-17"
    },
    {
      "text": "Ricardo Alvarez: I like the idea of having something we can defend. My leadership team always asks, \u201cWhy this vertical?\u201d and our answer is usually\u2026 a mix of anecdotes and a couple of dashboards.",
      "link": "https://www.onyx.app/2380708-18"
    },
    {
      "text": "Mina Park: Right\u2014and this packages the evidence. One thing I want to check: are you aiming to use this mainly for marketing targeting, sales prioritization, or both?",
      "link": "https://www.onyx.app/2380708-19"
    },
    {
      "text": "Ricardo Alvarez: Both, but sales is urgent. We need reps to stop chasing segments that eat support capacity later.",
      "link": "https://www.onyx.app/2380708-20"
    },
    {
      "text": "Mina Park: Perfect. Then we\u2019ll tune the drivers toward outcomes sales cares about: likelihood to buy and succeed\u2014conversion plus retention and support burden. The fit score becomes a simple shared language: sales can prioritize, marketing can align campaigns, and CS can see what\u2019s coming.",
      "link": "https://www.onyx.app/2380708-21"
    },
    {
      "text": "Ricardo Alvarez: What about false confidence early on? If the model\u2019s learning from our past deals, and our past targeting was already biased, are we just reinforcing it?",
      "link": "https://www.onyx.app/2380708-22"
    },
    {
      "text": "Mina Park: Good question. Two safeguards: first, the driver breakdown forces transparency\u2014if the score is being driven by something like \u201cwe happened to sell to these industries,\u201d you\u2019ll see it. Second, we encourage testing: pick one \u201cadjacent\u201d segment you\u2019re curious about and run it as a controlled bet next quarter. Customer Analyzer then measures whether retention/support burden holds up. It\u2019s not just predicting; it helps you iterate on ICP with feedback loops.",
      "link": "https://www.onyx.app/2380708-23"
    },
    {
      "text": "Ricardo Alvarez: That\u2019s reassuring. If we move forward, what does onboarding look like timewise?",
      "link": "https://www.onyx.app/2380708-24"
    },
    {
      "text": "Mina Park: For the scope we\u2019re discussing\u2014CRM + support summary, segment-level fit estimation\u2014you can usually get an initial readout in about two weeks once data is in. Week one: data pull and normalization, identify missing fields and choose drivers. Week two: scoring, segment comparisons, and an ICP recommendation draft. Then we review together and decide how to operationalize it for reps.",
      "link": "https://www.onyx.app/2380708-25"
    },
    {
      "text": "Ricardo Alvarez: Two weeks is reasonable. Pricing aside, I\u2019d want to see a pilot that proves it can actually tell us something we don\u2019t already know.",
      "link": "https://www.onyx.app/2380708-26"
    },
    {
      "text": "Mina Park: Completely aligned. Here\u2019s what I propose: a pilot focused on your top 4\u20136 industries plus the two segments you\u2019re debating\u2014SaaS startups and professional services. Success criteria could be: we produce a ranked industry list with clear driver breakdown, identify at least one \u201cdeprioritize\u201d segment with evidence, and define an ICP profile your sales team can use immediately. If we hit that, you\u2019ll have confidence to roll it out.",
      "link": "https://www.onyx.app/2380708-27"
    },
    {
      "text": "Ricardo Alvarez: That sounds fair. I\u2019ll need to pull in our RevOps person to help with the CRM export, but I can sponsor it.",
      "link": "https://www.onyx.app/2380708-28"
    },
    {
      "text": "Mina Park: Great. To get you to a buying decision, would it help if we outline the pilot in a simple one-pager\u2014scope, data needed, timeline, and what you\u2019ll get at the end\u2014so you can socialize it internally?",
      "link": "https://www.onyx.app/2380708-29"
    },
    {
      "text": "Ricardo Alvarez: Yes, send that. Also include what happens if the data is messy\u2014like what minimum completeness you need for industry and churn.",
      "link": "https://www.onyx.app/2380708-30"
    },
    {
      "text": "Mina Park: Will do. I\u2019ll include a \u201cdata quality\u201d section with minimum viable fields and what we can do if they\u2019re incomplete\u2014like using size bands or ticket-based burden until industry is cleaned up. Next step: can we schedule a 30-minute working session early next week with you and RevOps to confirm the data pulls?",
      "link": "https://www.onyx.app/2380708-31"
    },
    {
      "text": "Ricardo Alvarez: Tuesday morning works. If you send the one-pager today, I can get buy-in before then.",
      "link": "https://www.onyx.app/2380708-32"
    },
    {
      "text": "Mina Park: Perfect. I\u2019ll send it this afternoon with a proposed pilot plan and a short checklist for the exports. If Tuesday goes well, we can kick off immediately and aim to have the first segment fit results in two weeks. Sound good?",
      "link": "https://www.onyx.app/2380708-33"
    },
    {
      "text": "Ricardo Alvarez: Sounds good, Mina. Let\u2019s do it.",
      "link": "https://www.onyx.app/2380708-34"
    }
  ],
  "primary_owners": [
    {
      "display_name": null,
      "first_name": null,
      "middle_initial": null,
      "last_name": null,
      "email": "mina_park@netherite-extraction.onyx.app"
    }
  ],
  "secondary_owners": [
    {
      "display_name": null,
      "first_name": null,
      "middle_initial": null,
      "last_name": null,
      "email": "ricardo_alvarez@vividcedar_marketing.onyx.app"
    }
  ]
}