{
  "id": "hubspot_deal_8238738",
  "semantic_identifier": "Apexnova Solutions - Customer Analyzer",
  "title": null,
  "source": "hubspot",
  "doc_updated_at": "2025-03-30 00:00:00",
  "metadata": {
    "object_type": "deal",
    "deal_stage": "closed-lost",
    "pipeline": "default",
    "amount": "168054",
    "associated_contact_ids": []
  },
  "doc_metadata": {
    "hierarchy": {
      "source_path": [
        "Deals"
      ]
    },
    "object_type": "deal",
    "object_id": "8238738"
  },
  "sections": [
    {
      "text": "Deal: Apexnova Solutions\nAmount: $168054\nProduct of Interest: Customer Analyzer\nFeatures of Interest: positioning_recommendation\nClose Date: 2025-06-14 00:00:00\nPipeline: default",
      "link": "https://www.onyx.app/28843"
    },
    {
      "text": "Contact: Maria Lane\nEmail: maria_lane@apexnova_solutions.onyx.app",
      "link": "https://www.onyx.app/95662"
    },
    {
      "text": "Company: Apexnova Solutions\nDomain: apexnova_solutions.onyx.app",
      "link": "https://www.onyx.app/74981"
    },
    {
      "text": "In the works",
      "link": "https://www.onyx.app/20473"
    }
  ],
  "primary_owners": [],
  "secondary_owners": []
}