{
  "id": "hubspot_deal_2433666",
  "semantic_identifier": "Brighthearth Manufacturing - Sales Accelerator",
  "title": null,
  "source": "hubspot",
  "doc_updated_at": "2025-08-21 00:00:00",
  "metadata": {
    "object_type": "deal",
    "deal_stage": "closed-lost",
    "pipeline": "default",
    "amount": "119985",
    "associated_contact_ids": []
  },
  "doc_metadata": {
    "hierarchy": {
      "source_path": [
        "Deals"
      ]
    },
    "object_type": "deal",
    "object_id": "2433666"
  },
  "sections": [
    {
      "text": "Deal: Brighthearth Manufacturing\nAmount: $119985\nProduct of Interest: Sales Accelerator\nFeatures of Interest: sales_forecast\nClose Date: 2025-12-15 00:00:00\nPipeline: default",
      "link": "https://www.onyx.app/73366"
    },
    {
      "text": "Contact: Alina Pham\nEmail: alina_pham@brighthearth_manufacturing.onyx.app",
      "link": "https://www.onyx.app/23155"
    },
    {
      "text": "Company: Brighthearth Manufacturing\nDomain: brighthearth_manufacturing.onyx.app",
      "link": "https://www.onyx.app/56032"
    },
    {
      "text": "In the works",
      "link": "https://www.onyx.app/64842"
    }
  ],
  "primary_owners": [],
  "secondary_owners": []
}