{
  "id": "hubspot_deal_3717782",
  "semantic_identifier": "Cedeak Technologies - Customer Analyzer",
  "title": null,
  "source": "hubspot",
  "doc_updated_at": "2025-08-01 00:00:00",
  "metadata": {
    "object_type": "deal",
    "deal_stage": "closed-lost",
    "pipeline": "default",
    "amount": "180682",
    "associated_contact_ids": []
  },
  "doc_metadata": {
    "hierarchy": {
      "source_path": [
        "Deals"
      ]
    },
    "object_type": "deal",
    "object_id": "3717782"
  },
  "sections": [
    {
      "text": "Deal: Cedeak Technologies\nAmount: $180682\nProduct of Interest: Customer Analyzer\nFeatures of Interest: fit_estimation\nClose Date: 2025-10-14 00:00:00\nPipeline: default",
      "link": "https://www.onyx.app/53122"
    },
    {
      "text": "Contact: Maria Chavez\nEmail: maria_chavez@cedeak_technologies.onyx.app",
      "link": "https://www.onyx.app/39865"
    },
    {
      "text": "Company: Cedeak Technologies\nDomain: cedeak_technologies.onyx.app",
      "link": "https://www.onyx.app/42377"
    },
    {
      "text": "In the works",
      "link": "https://www.onyx.app/69132"
    }
  ],
  "primary_owners": [],
  "secondary_owners": []
}