{
  "id": "hubspot_deal_2598786",
  "semantic_identifier": "Crisp & Willow Florals - Issue Tracker",
  "title": null,
  "source": "hubspot",
  "doc_updated_at": "2025-11-23 00:00:00",
  "metadata": {
    "object_type": "deal",
    "deal_stage": "closed_won",
    "pipeline": "default",
    "amount": "77861",
    "associated_contact_ids": []
  },
  "doc_metadata": {
    "hierarchy": {
      "source_path": [
        "Deals"
      ]
    },
    "object_type": "deal",
    "object_id": "2598786"
  },
  "sections": [
    {
      "text": "Deal: Crisp & Willow Florals\nAmount: $77861\nProduct of Interest: Issue Tracker\nFeatures of Interest: issue_priotization\nClose Date: 2026-01-25 00:00:00\nPipeline: default",
      "link": "https://www.onyx.app/40666"
    },
    {
      "text": "Contact: Oscar Fuentes\nEmail: oscar_fuentes@crisp_&_willow_florals.onyx.app",
      "link": "https://www.onyx.app/49851"
    },
    {
      "text": "Company: Crisp & Willow Florals\nDomain: crisp_&_willow_florals.onyx.app",
      "link": "https://www.onyx.app/98450"
    },
    {
      "text": "In the works",
      "link": "https://www.onyx.app/69410"
    }
  ],
  "primary_owners": [],
  "secondary_owners": []
}