{
  "id": "hubspot_deal_5955972",
  "semantic_identifier": "Deepwell Aurora Filling - Sales Accelerator",
  "title": null,
  "source": "hubspot",
  "doc_updated_at": "2025-12-08 00:00:00",
  "metadata": {
    "object_type": "deal",
    "deal_stage": "closed_won",
    "pipeline": "default",
    "amount": "100286",
    "associated_contact_ids": []
  },
  "doc_metadata": {
    "hierarchy": {
      "source_path": [
        "Deals"
      ]
    },
    "object_type": "deal",
    "object_id": "5955972"
  },
  "sections": [
    {
      "text": "Deal: Deepwell Aurora Filling\nAmount: $100286\nProduct of Interest: Sales Accelerator\nFeatures of Interest: sales_initiation_recommendations\nClose Date: 2026-04-06 00:00:00\nPipeline: default",
      "link": "https://www.onyx.app/97812"
    },
    {
      "text": "Contact: Adam Medina\nEmail: adam_medina@deepwell_aurora_filling.onyx.app",
      "link": "https://www.onyx.app/27408"
    },
    {
      "text": "Company: Deepwell Aurora Filling\nDomain: deepwell_aurora_filling.onyx.app",
      "link": "https://www.onyx.app/83251"
    },
    {
      "text": "In the works",
      "link": "https://www.onyx.app/33010"
    }
  ],
  "primary_owners": [],
  "secondary_owners": []
}