{
  "id": "hubspot_deal_6431244",
  "semantic_identifier": "Driftwood Orion Co - Sales Accelerator",
  "title": null,
  "source": "hubspot",
  "doc_updated_at": "2025-05-17 00:00:00",
  "metadata": {
    "object_type": "deal",
    "deal_stage": "closed-lost",
    "pipeline": "default",
    "amount": "219231",
    "associated_contact_ids": []
  },
  "doc_metadata": {
    "hierarchy": {
      "source_path": [
        "Deals"
      ]
    },
    "object_type": "deal",
    "object_id": "6431244"
  },
  "sections": [
    {
      "text": "Deal: Driftwood Orion Co\nAmount: $219231\nProduct of Interest: Sales Accelerator\nFeatures of Interest: sales_initiation_recommendations\nClose Date: 2025-06-20 00:00:00\nPipeline: default",
      "link": "https://www.onyx.app/36309"
    },
    {
      "text": "Contact: Marcus Anderson\nEmail: marcus_anderson@driftwood_orion_co.onyx.app",
      "link": "https://www.onyx.app/62322"
    },
    {
      "text": "Company: Driftwood Orion Co\nDomain: driftwood_orion_co.onyx.app",
      "link": "https://www.onyx.app/84644"
    },
    {
      "text": "In the works",
      "link": "https://www.onyx.app/87097"
    }
  ],
  "primary_owners": [],
  "secondary_owners": []
}