{
  "id": "hubspot_deal_1445988",
  "semantic_identifier": "Echostone Industries - Issue Tracker",
  "title": null,
  "source": "hubspot",
  "doc_updated_at": "2025-07-04 00:00:00",
  "metadata": {
    "object_type": "deal",
    "deal_stage": "closed-lost",
    "pipeline": "default",
    "amount": "186906",
    "associated_contact_ids": []
  },
  "doc_metadata": {
    "hierarchy": {
      "source_path": [
        "Deals"
      ]
    },
    "object_type": "deal",
    "object_id": "1445988"
  },
  "sections": [
    {
      "text": "Deal: Echostone Industries\nAmount: $186906\nProduct of Interest: Issue Tracker\nFeatures of Interest: integrations_connectors\nClose Date: 2025-10-21 00:00:00\nPipeline: default",
      "link": "https://www.onyx.app/52456"
    },
    {
      "text": "Contact: Terry Bennett\nEmail: terry_bennett@echostone_industries.onyx.app",
      "link": "https://www.onyx.app/23733"
    },
    {
      "text": "Company: Echostone Industries\nDomain: echostone_industries.onyx.app",
      "link": "https://www.onyx.app/15352"
    },
    {
      "text": "In the works",
      "link": "https://www.onyx.app/90555"
    }
  ],
  "primary_owners": [],
  "secondary_owners": []
}