{
  "id": "hubspot_deal_6045639",
  "semantic_identifier": "Glassroot Cybernetics - Customer Analyzer",
  "title": null,
  "source": "hubspot",
  "doc_updated_at": "2025-09-17 00:00:00",
  "metadata": {
    "object_type": "deal",
    "deal_stage": "closed-lost",
    "pipeline": "default",
    "amount": "57810",
    "associated_contact_ids": []
  },
  "doc_metadata": {
    "hierarchy": {
      "source_path": [
        "Deals"
      ]
    },
    "object_type": "deal",
    "object_id": "6045639"
  },
  "sections": [
    {
      "text": "Deal: Glassroot Cybernetics\nAmount: $57810\nProduct of Interest: Customer Analyzer\nFeatures of Interest: positioning_recommendation\nClose Date: 2026-01-14 00:00:00\nPipeline: default",
      "link": "https://www.onyx.app/66469"
    },
    {
      "text": "Contact: Jayden Turner\nEmail: jayden_turner@glassroot_cybernetics.onyx.app",
      "link": "https://www.onyx.app/34108"
    },
    {
      "text": "Company: Glassroot Cybernetics\nDomain: glassroot_cybernetics.onyx.app",
      "link": "https://www.onyx.app/56448"
    },
    {
      "text": "In the works",
      "link": "https://www.onyx.app/75983"
    }
  ],
  "primary_owners": [],
  "secondary_owners": []
}