{
  "id": "hubspot_deal_5588218",
  "semantic_identifier": "Glimmersage Health - Customer Analyzer",
  "title": null,
  "source": "hubspot",
  "doc_updated_at": "2025-08-17 00:00:00",
  "metadata": {
    "object_type": "deal",
    "deal_stage": "closed-lost",
    "pipeline": "default",
    "amount": "216861",
    "associated_contact_ids": []
  },
  "doc_metadata": {
    "hierarchy": {
      "source_path": [
        "Deals"
      ]
    },
    "object_type": "deal",
    "object_id": "5588218"
  },
  "sections": [
    {
      "text": "Deal: Glimmersage Health\nAmount: $216861\nProduct of Interest: Customer Analyzer\nFeatures of Interest: positioning_recommendation\nClose Date: 2025-10-15 00:00:00\nPipeline: default",
      "link": "https://www.onyx.app/90213"
    },
    {
      "text": "Contact: Christopher Burke\nEmail: christopher_burke@glimmersage_health.onyx.app",
      "link": "https://www.onyx.app/27344"
    },
    {
      "text": "Company: Glimmersage Health\nDomain: glimmersage_health.onyx.app",
      "link": "https://www.onyx.app/92818"
    },
    {
      "text": "In the works",
      "link": "https://www.onyx.app/21408"
    }
  ],
  "primary_owners": [],
  "secondary_owners": []
}