{
  "id": "hubspot_deal_1072765",
  "semantic_identifier": "Inland Crest Packaging - Customer Analyzer",
  "title": null,
  "source": "hubspot",
  "doc_updated_at": "2025-09-29 00:00:00",
  "metadata": {
    "object_type": "deal",
    "deal_stage": "closed-lost",
    "pipeline": "default",
    "amount": "47184",
    "associated_contact_ids": []
  },
  "doc_metadata": {
    "hierarchy": {
      "source_path": [
        "Deals"
      ]
    },
    "object_type": "deal",
    "object_id": "1072765"
  },
  "sections": [
    {
      "text": "Deal: Inland Crest Packaging\nAmount: $47184\nProduct of Interest: Customer Analyzer\nFeatures of Interest: fit_estimation\nClose Date: 2026-01-17 00:00:00\nPipeline: default",
      "link": "https://www.onyx.app/61665"
    },
    {
      "text": "Contact: Jerry Dean\nEmail: jerry_dean@inland_crest_packaging.onyx.app",
      "link": "https://www.onyx.app/49299"
    },
    {
      "text": "Company: Inland Crest Packaging\nDomain: inland_crest_packaging.onyx.app",
      "link": "https://www.onyx.app/52616"
    },
    {
      "text": "In the works",
      "link": "https://www.onyx.app/19418"
    }
  ],
  "primary_owners": [],
  "secondary_owners": []
}