{
  "id": "hubspot_deal_4364569",
  "semantic_identifier": "Ironspruce Robotics - Customer Analyzer",
  "title": null,
  "source": "hubspot",
  "doc_updated_at": "2025-03-08 00:00:00",
  "metadata": {
    "object_type": "deal",
    "deal_stage": "closed-lost",
    "pipeline": "default",
    "amount": "164463",
    "associated_contact_ids": []
  },
  "doc_metadata": {
    "hierarchy": {
      "source_path": [
        "Deals"
      ]
    },
    "object_type": "deal",
    "object_id": "4364569"
  },
  "sections": [
    {
      "text": "Deal: Ironspruce Robotics\nAmount: $164463\nProduct of Interest: Customer Analyzer\nFeatures of Interest: positioning_recommendation\nClose Date: 2025-05-22 00:00:00\nPipeline: default",
      "link": "https://www.onyx.app/26205"
    },
    {
      "text": "Contact: Nora Wheeler\nEmail: nora_wheeler@ironspruce_robotics.onyx.app",
      "link": "https://www.onyx.app/32136"
    },
    {
      "text": "Company: Ironspruce Robotics\nDomain: ironspruce_robotics.onyx.app",
      "link": "https://www.onyx.app/25008"
    },
    {
      "text": "In the works",
      "link": "https://www.onyx.app/28642"
    }
  ],
  "primary_owners": [],
  "secondary_owners": []
}