{
  "id": "hubspot_deal_9462509",
  "semantic_identifier": "Jadecircuit Electronics - Customer Analyzer",
  "title": null,
  "source": "hubspot",
  "doc_updated_at": "2025-02-08 00:00:00",
  "metadata": {
    "object_type": "deal",
    "deal_stage": "closed_won",
    "pipeline": "default",
    "amount": "197826",
    "associated_contact_ids": []
  },
  "doc_metadata": {
    "hierarchy": {
      "source_path": [
        "Deals"
      ]
    },
    "object_type": "deal",
    "object_id": "9462509"
  },
  "sections": [
    {
      "text": "Deal: Jadecircuit Electronics\nAmount: $197826\nProduct of Interest: Customer Analyzer\nFeatures of Interest: positioning_recommendation\nClose Date: 2025-04-04 00:00:00\nPipeline: default",
      "link": "https://www.onyx.app/61094"
    },
    {
      "text": "Contact: Liliana Zamora\nEmail: liliana_zamora@jadecircuit_electronics.onyx.app",
      "link": "https://www.onyx.app/45545"
    },
    {
      "text": "Company: Jadecircuit Electronics\nDomain: jadecircuit_electronics.onyx.app",
      "link": "https://www.onyx.app/62420"
    },
    {
      "text": "In the works",
      "link": "https://www.onyx.app/99580"
    }
  ],
  "primary_owners": [],
  "secondary_owners": []
}