{
  "id": "hubspot_deal_2837440",
  "semantic_identifier": "Juncturestone Ai - Customer Analyzer",
  "title": null,
  "source": "hubspot",
  "doc_updated_at": "2025-12-13 00:00:00",
  "metadata": {
    "object_type": "deal",
    "deal_stage": "closed-lost",
    "pipeline": "default",
    "amount": "95352",
    "associated_contact_ids": []
  },
  "doc_metadata": {
    "hierarchy": {
      "source_path": [
        "Deals"
      ]
    },
    "object_type": "deal",
    "object_id": "2837440"
  },
  "sections": [
    {
      "text": "Deal: Juncturestone Ai\nAmount: $95352\nProduct of Interest: Customer Analyzer\nFeatures of Interest: positioning_recommendation\nClose Date: 2026-02-27 00:00:00\nPipeline: default",
      "link": "https://www.onyx.app/66191"
    },
    {
      "text": "Contact: Kendall Walker\nEmail: kendall_walker@juncturestone_ai.onyx.app",
      "link": "https://www.onyx.app/89386"
    },
    {
      "text": "Company: Juncturestone Ai\nDomain: juncturestone_ai.onyx.app",
      "link": "https://www.onyx.app/33202"
    },
    {
      "text": "In the works",
      "link": "https://www.onyx.app/73218"
    }
  ],
  "primary_owners": [],
  "secondary_owners": []
}