{
  "id": "hubspot_deal_3672415",
  "semantic_identifier": "Junipergorge Studios - Customer Analyzer",
  "title": null,
  "source": "hubspot",
  "doc_updated_at": "2025-09-15 00:00:00",
  "metadata": {
    "object_type": "deal",
    "deal_stage": "closed-lost",
    "pipeline": "default",
    "amount": "109693",
    "associated_contact_ids": []
  },
  "doc_metadata": {
    "hierarchy": {
      "source_path": [
        "Deals"
      ]
    },
    "object_type": "deal",
    "object_id": "3672415"
  },
  "sections": [
    {
      "text": "Deal: Junipergorge Studios\nAmount: $109693\nProduct of Interest: Customer Analyzer\nFeatures of Interest: fit_estimation\nClose Date: 2025-10-19 00:00:00\nPipeline: default",
      "link": "https://www.onyx.app/79578"
    },
    {
      "text": "Contact: Griffin Burke\nEmail: griffin_burke@junipergorge_studios.onyx.app",
      "link": "https://www.onyx.app/51916"
    },
    {
      "text": "Company: Junipergorge Studios\nDomain: junipergorge_studios.onyx.app",
      "link": "https://www.onyx.app/80286"
    },
    {
      "text": "In the works",
      "link": "https://www.onyx.app/85101"
    }
  ],
  "primary_owners": [],
  "secondary_owners": []
}