{
  "id": "hubspot_deal_3262318",
  "semantic_identifier": "Kindredcove Care - Customer Analyzer",
  "title": null,
  "source": "hubspot",
  "doc_updated_at": "2025-10-19 00:00:00",
  "metadata": {
    "object_type": "deal",
    "deal_stage": "closed-lost",
    "pipeline": "default",
    "amount": "85887",
    "associated_contact_ids": []
  },
  "doc_metadata": {
    "hierarchy": {
      "source_path": [
        "Deals"
      ]
    },
    "object_type": "deal",
    "object_id": "3262318"
  },
  "sections": [
    {
      "text": "Deal: Kindredcove Care\nAmount: $85887\nProduct of Interest: Customer Analyzer\nFeatures of Interest: positioning_recommendation\nClose Date: 2026-01-19 00:00:00\nPipeline: default",
      "link": "https://www.onyx.app/40536"
    },
    {
      "text": "Contact: Joel Dean\nEmail: joel_dean@kindredcove_care.onyx.app",
      "link": "https://www.onyx.app/90937"
    },
    {
      "text": "Company: Kindredcove Care\nDomain: kindredcove_care.onyx.app",
      "link": "https://www.onyx.app/83528"
    },
    {
      "text": "In the works",
      "link": "https://www.onyx.app/39333"
    }
  ],
  "primary_owners": [],
  "secondary_owners": []
}