{
  "id": "hubspot_deal_8364043",
  "semantic_identifier": "Lighthouse Kinetics - Customer Analyzer",
  "title": null,
  "source": "hubspot",
  "doc_updated_at": "2025-08-12 00:00:00",
  "metadata": {
    "object_type": "deal",
    "deal_stage": "closed-lost",
    "pipeline": "default",
    "amount": "98640",
    "associated_contact_ids": []
  },
  "doc_metadata": {
    "hierarchy": {
      "source_path": [
        "Deals"
      ]
    },
    "object_type": "deal",
    "object_id": "8364043"
  },
  "sections": [
    {
      "text": "Deal: Lighthouse Kinetics\nAmount: $98640\nProduct of Interest: Customer Analyzer\nFeatures of Interest: fit_estimation\nClose Date: 2025-12-04 00:00:00\nPipeline: default",
      "link": "https://www.onyx.app/14519"
    },
    {
      "text": "Contact: Albert Medina\nEmail: albert_medina@lighthouse_kinetics.onyx.app",
      "link": "https://www.onyx.app/63889"
    },
    {
      "text": "Company: Lighthouse Kinetics\nDomain: lighthouse_kinetics.onyx.app",
      "link": "https://www.onyx.app/87352"
    },
    {
      "text": "In the works",
      "link": "https://www.onyx.app/70780"
    }
  ],
  "primary_owners": [],
  "secondary_owners": []
}