{
  "id": "hubspot_deal_2766256",
  "semantic_identifier": "Lucid Grove Studios - Customer Analyzer",
  "title": null,
  "source": "hubspot",
  "doc_updated_at": "2025-12-08 00:00:00",
  "metadata": {
    "object_type": "deal",
    "deal_stage": "closed-lost",
    "pipeline": "default",
    "amount": "63061",
    "associated_contact_ids": []
  },
  "doc_metadata": {
    "hierarchy": {
      "source_path": [
        "Deals"
      ]
    },
    "object_type": "deal",
    "object_id": "2766256"
  },
  "sections": [
    {
      "text": "Deal: Lucid Grove Studios\nAmount: $63061\nProduct of Interest: Customer Analyzer\nFeatures of Interest: fit_estimation\nClose Date: 2026-03-26 00:00:00\nPipeline: default",
      "link": "https://www.onyx.app/70909"
    },
    {
      "text": "Contact: Ava Jacobs\nEmail: ava_jacobs@lucid_grove_studios.onyx.app",
      "link": "https://www.onyx.app/91940"
    },
    {
      "text": "Company: Lucid Grove Studios\nDomain: lucid_grove_studios.onyx.app",
      "link": "https://www.onyx.app/50828"
    },
    {
      "text": "In the works",
      "link": "https://www.onyx.app/63579"
    }
  ],
  "primary_owners": [],
  "secondary_owners": []
}