{
  "id": "hubspot_deal_9069325",
  "semantic_identifier": "Mapleridge Retail - Customer Analyzer",
  "title": null,
  "source": "hubspot",
  "doc_updated_at": "2025-08-29 00:00:00",
  "metadata": {
    "object_type": "deal",
    "deal_stage": "closed-lost",
    "pipeline": "default",
    "amount": "41218",
    "associated_contact_ids": []
  },
  "doc_metadata": {
    "hierarchy": {
      "source_path": [
        "Deals"
      ]
    },
    "object_type": "deal",
    "object_id": "9069325"
  },
  "sections": [
    {
      "text": "Deal: Mapleridge Retail\nAmount: $41218\nProduct of Interest: Customer Analyzer\nFeatures of Interest: fit_estimation\nClose Date: 2025-12-04 00:00:00\nPipeline: default",
      "link": "https://www.onyx.app/15364"
    },
    {
      "text": "Contact: Claire Simmons\nEmail: claire_simmons@mapleridge_retail.onyx.app",
      "link": "https://www.onyx.app/32203"
    },
    {
      "text": "Company: Mapleridge Retail\nDomain: mapleridge_retail.onyx.app",
      "link": "https://www.onyx.app/67652"
    },
    {
      "text": "In the works",
      "link": "https://www.onyx.app/33730"
    }
  ],
  "primary_owners": [],
  "secondary_owners": []
}