{
  "id": "hubspot_deal_1040242",
  "semantic_identifier": "Marinerock Outdoor Gear - Sales Accelerator",
  "title": null,
  "source": "hubspot",
  "doc_updated_at": "2025-03-26 00:00:00",
  "metadata": {
    "object_type": "deal",
    "deal_stage": "closed_won",
    "pipeline": "default",
    "amount": "223691",
    "associated_contact_ids": []
  },
  "doc_metadata": {
    "hierarchy": {
      "source_path": [
        "Deals"
      ]
    },
    "object_type": "deal",
    "object_id": "1040242"
  },
  "sections": [
    {
      "text": "Deal: Marinerock Outdoor Gear\nAmount: $223691\nProduct of Interest: Sales Accelerator\nFeatures of Interest: sales_forecast\nClose Date: 2025-07-17 00:00:00\nPipeline: default",
      "link": "https://www.onyx.app/89276"
    },
    {
      "text": "Contact: Dustin Dean\nEmail: dustin_dean@marinerock_outdoor_gear.onyx.app",
      "link": "https://www.onyx.app/84330"
    },
    {
      "text": "Company: Marinerock Outdoor Gear\nDomain: marinerock_outdoor_gear.onyx.app",
      "link": "https://www.onyx.app/22267"
    },
    {
      "text": "In the works",
      "link": "https://www.onyx.app/13995"
    }
  ],
  "primary_owners": [],
  "secondary_owners": []
}