{
  "id": "hubspot_deal_4076580",
  "semantic_identifier": "Nightfall Beacon Entertainment - Customer Analyzer",
  "title": null,
  "source": "hubspot",
  "doc_updated_at": "2025-08-10 00:00:00",
  "metadata": {
    "object_type": "deal",
    "deal_stage": "closed-lost",
    "pipeline": "default",
    "amount": "49459",
    "associated_contact_ids": []
  },
  "doc_metadata": {
    "hierarchy": {
      "source_path": [
        "Deals"
      ]
    },
    "object_type": "deal",
    "object_id": "4076580"
  },
  "sections": [
    {
      "text": "Deal: Nightfall Beacon Entertainment\nAmount: $49459\nProduct of Interest: Customer Analyzer\nFeatures of Interest: fit_estimation\nClose Date: 2025-10-03 00:00:00\nPipeline: default",
      "link": "https://www.onyx.app/81446"
    },
    {
      "text": "Contact: Audrey Pierce\nEmail: audrey_pierce@nightfall_beacon_entertainment.onyx.app",
      "link": "https://www.onyx.app/51655"
    },
    {
      "text": "Company: Nightfall Beacon Entertainment\nDomain: nightfall_beacon_entertainment.onyx.app",
      "link": "https://www.onyx.app/15080"
    },
    {
      "text": "In the works",
      "link": "https://www.onyx.app/31636"
    }
  ],
  "primary_owners": [],
  "secondary_owners": []
}