{
  "id": "hubspot_deal_4990077",
  "semantic_identifier": "Northeastwind Parcel Services - Customer Analyzer",
  "title": null,
  "source": "hubspot",
  "doc_updated_at": "2025-02-05 00:00:00",
  "metadata": {
    "object_type": "deal",
    "deal_stage": "closed_won",
    "pipeline": "default",
    "amount": "64473",
    "associated_contact_ids": []
  },
  "doc_metadata": {
    "hierarchy": {
      "source_path": [
        "Deals"
      ]
    },
    "object_type": "deal",
    "object_id": "4990077"
  },
  "sections": [
    {
      "text": "Deal: Northeastwind Parcel Services\nAmount: $64473\nProduct of Interest: Customer Analyzer\nFeatures of Interest: fit_estimation\nClose Date: 2025-05-22 00:00:00\nPipeline: default",
      "link": "https://www.onyx.app/44472"
    },
    {
      "text": "Contact: Charles Arnold\nEmail: charles_arnold@northeastwind_parcel_services.onyx.app",
      "link": "https://www.onyx.app/52353"
    },
    {
      "text": "Company: Northeastwind Parcel Services\nDomain: northeastwind_parcel_services.onyx.app",
      "link": "https://www.onyx.app/61163"
    },
    {
      "text": "In the works",
      "link": "https://www.onyx.app/32124"
    }
  ],
  "primary_owners": [],
  "secondary_owners": []
}