{
  "id": "hubspot_deal_4083013",
  "semantic_identifier": "Novafathom Analytics - Sales Accelerator",
  "title": null,
  "source": "hubspot",
  "doc_updated_at": "2025-11-12 00:00:00",
  "metadata": {
    "object_type": "deal",
    "deal_stage": "closed-lost",
    "pipeline": "default",
    "amount": "105504",
    "associated_contact_ids": []
  },
  "doc_metadata": {
    "hierarchy": {
      "source_path": [
        "Deals"
      ]
    },
    "object_type": "deal",
    "object_id": "4083013"
  },
  "sections": [
    {
      "text": "Deal: Novafathom Analytics\nAmount: $105504\nProduct of Interest: Sales Accelerator\nFeatures of Interest: sales_followup_recommendations\nClose Date: 2026-02-13 00:00:00\nPipeline: default",
      "link": "https://www.onyx.app/59925"
    },
    {
      "text": "Contact: Isabel Patel\nEmail: isabel_patel@novafathom_analytics.onyx.app",
      "link": "https://www.onyx.app/67909"
    },
    {
      "text": "Company: Novafathom Analytics\nDomain: novafathom_analytics.onyx.app",
      "link": "https://www.onyx.app/24238"
    },
    {
      "text": "In the works",
      "link": "https://www.onyx.app/83644"
    }
  ],
  "primary_owners": [],
  "secondary_owners": []
}