{
  "id": "hubspot_deal_4126220",
  "semantic_identifier": "Opalgate Enterprises - Issue Tracker",
  "title": null,
  "source": "hubspot",
  "doc_updated_at": "2025-12-13 00:00:00",
  "metadata": {
    "object_type": "deal",
    "deal_stage": "closed-lost",
    "pipeline": "default",
    "amount": "68087",
    "associated_contact_ids": []
  },
  "doc_metadata": {
    "hierarchy": {
      "source_path": [
        "Deals"
      ]
    },
    "object_type": "deal",
    "object_id": "4126220"
  },
  "sections": [
    {
      "text": "Deal: Opalgate Enterprises\nAmount: $68087\nProduct of Interest: Issue Tracker\nFeatures of Interest: issue_clustering\nClose Date: 2026-03-24 00:00:00\nPipeline: default",
      "link": "https://www.onyx.app/66254"
    },
    {
      "text": "Contact: Aria Daniels\nEmail: aria_daniels@opalgate_enterprises.onyx.app",
      "link": "https://www.onyx.app/50644"
    },
    {
      "text": "Company: Opalgate Enterprises\nDomain: opalgate_enterprises.onyx.app",
      "link": "https://www.onyx.app/19975"
    },
    {
      "text": "In the works",
      "link": "https://www.onyx.app/50452"
    }
  ],
  "primary_owners": [],
  "secondary_owners": []
}