{
  "id": "hubspot_deal_2987091",
  "semantic_identifier": "Orchidpointe Hospitality - Customer Analyzer",
  "title": null,
  "source": "hubspot",
  "doc_updated_at": "2025-11-21 00:00:00",
  "metadata": {
    "object_type": "deal",
    "deal_stage": "closed-lost",
    "pipeline": "default",
    "amount": "49094",
    "associated_contact_ids": []
  },
  "doc_metadata": {
    "hierarchy": {
      "source_path": [
        "Deals"
      ]
    },
    "object_type": "deal",
    "object_id": "2987091"
  },
  "sections": [
    {
      "text": "Deal: Orchidpointe Hospitality\nAmount: $49094\nProduct of Interest: Customer Analyzer\nFeatures of Interest: fit_estimation\nClose Date: 2026-02-18 00:00:00\nPipeline: default",
      "link": "https://www.onyx.app/82502"
    },
    {
      "text": "Contact: Jace Matthews\nEmail: jace_matthews@orchidpointe_hospitality.onyx.app",
      "link": "https://www.onyx.app/97363"
    },
    {
      "text": "Company: Orchidpointe Hospitality\nDomain: orchidpointe_hospitality.onyx.app",
      "link": "https://www.onyx.app/93398"
    },
    {
      "text": "In the works",
      "link": "https://www.onyx.app/11894"
    }
  ],
  "primary_owners": [],
  "secondary_owners": []
}