{
  "id": "hubspot_deal_4894207",
  "semantic_identifier": "Orchidpointe Hospitality - Issue Tracker",
  "title": null,
  "source": "hubspot",
  "doc_updated_at": "2025-11-21 00:00:00",
  "metadata": {
    "object_type": "deal",
    "deal_stage": "closed-lost",
    "pipeline": "default",
    "amount": "71199",
    "associated_contact_ids": []
  },
  "doc_metadata": {
    "hierarchy": {
      "source_path": [
        "Deals"
      ]
    },
    "object_type": "deal",
    "object_id": "4894207"
  },
  "sections": [
    {
      "text": "Deal: Orchidpointe Hospitality\nAmount: $71199\nProduct of Interest: Issue Tracker\nFeatures of Interest: issue_clustering\nClose Date: 2026-01-30 00:00:00\nPipeline: default",
      "link": "https://www.onyx.app/31912"
    },
    {
      "text": "Contact: Emilio Medina\nEmail: emilio_medina@orchidpointe_hospitality.onyx.app",
      "link": "https://www.onyx.app/19880"
    },
    {
      "text": "Company: Orchidpointe Hospitality\nDomain: orchidpointe_hospitality.onyx.app",
      "link": "https://www.onyx.app/36990"
    },
    {
      "text": "In the works",
      "link": "https://www.onyx.app/80084"
    }
  ],
  "primary_owners": [],
  "secondary_owners": []
}