{
  "id": "hubspot_deal_3930514",
  "semantic_identifier": "Pedal & Dine Coffee - Sales Accelerator",
  "title": null,
  "source": "hubspot",
  "doc_updated_at": "2025-05-30 00:00:00",
  "metadata": {
    "object_type": "deal",
    "deal_stage": "closed_won",
    "pipeline": "default",
    "amount": "180904",
    "associated_contact_ids": []
  },
  "doc_metadata": {
    "hierarchy": {
      "source_path": [
        "Deals"
      ]
    },
    "object_type": "deal",
    "object_id": "3930514"
  },
  "sections": [
    {
      "text": "Deal: Pedal & Dine Coffee\nAmount: $180904\nProduct of Interest: Sales Accelerator\nFeatures of Interest: sales_forecast\nClose Date: 2025-09-22 00:00:00\nPipeline: default",
      "link": "https://www.onyx.app/52254"
    },
    {
      "text": "Contact: Allison Peterson\nEmail: allison_peterson@pedal_&_dine_coffee.onyx.app",
      "link": "https://www.onyx.app/65364"
    },
    {
      "text": "Company: Pedal & Dine Coffee\nDomain: pedal_&_dine_coffee.onyx.app",
      "link": "https://www.onyx.app/19990"
    },
    {
      "text": "In the works",
      "link": "https://www.onyx.app/84909"
    }
  ],
  "primary_owners": [],
  "secondary_owners": []
}