{
  "id": "hubspot_deal_4182902",
  "semantic_identifier": "Pinewell Logistics - Issue Tracker",
  "title": null,
  "source": "hubspot",
  "doc_updated_at": "2025-11-14 00:00:00",
  "metadata": {
    "object_type": "deal",
    "deal_stage": "closed-lost",
    "pipeline": "default",
    "amount": "182844",
    "associated_contact_ids": []
  },
  "doc_metadata": {
    "hierarchy": {
      "source_path": [
        "Deals"
      ]
    },
    "object_type": "deal",
    "object_id": "4182902"
  },
  "sections": [
    {
      "text": "Deal: Pinewell Logistics\nAmount: $182844\nProduct of Interest: Issue Tracker\nFeatures of Interest: issue_history\nClose Date: 2026-02-21 00:00:00\nPipeline: default",
      "link": "https://www.onyx.app/97941"
    },
    {
      "text": "Contact: Grace Pierce\nEmail: grace_pierce@pinewell_logistics.onyx.app",
      "link": "https://www.onyx.app/71076"
    },
    {
      "text": "Company: Pinewell Logistics\nDomain: pinewell_logistics.onyx.app",
      "link": "https://www.onyx.app/91770"
    },
    {
      "text": "In the works",
      "link": "https://www.onyx.app/87468"
    }
  ],
  "primary_owners": [],
  "secondary_owners": []
}