{
  "id": "hubspot_deal_1271214",
  "semantic_identifier": "Ridgeway Lumen Telecom - Customer Analyzer",
  "title": null,
  "source": "hubspot",
  "doc_updated_at": "2025-05-05 00:00:00",
  "metadata": {
    "object_type": "deal",
    "deal_stage": "closed-lost",
    "pipeline": "default",
    "amount": "102110",
    "associated_contact_ids": []
  },
  "doc_metadata": {
    "hierarchy": {
      "source_path": [
        "Deals"
      ]
    },
    "object_type": "deal",
    "object_id": "1271214"
  },
  "sections": [
    {
      "text": "Deal: Ridgeway Lumen Telecom\nAmount: $102110\nProduct of Interest: Customer Analyzer\nFeatures of Interest: positioning_recommendation\nClose Date: 2025-06-25 00:00:00\nPipeline: default",
      "link": "https://www.onyx.app/75401"
    },
    {
      "text": "Contact: Carl Burke\nEmail: carl_burke@ridgeway_lumen_telecom.onyx.app",
      "link": "https://www.onyx.app/67319"
    },
    {
      "text": "Company: Ridgeway Lumen Telecom\nDomain: ridgeway_lumen_telecom.onyx.app",
      "link": "https://www.onyx.app/50191"
    },
    {
      "text": "In the works",
      "link": "https://www.onyx.app/71969"
    }
  ],
  "primary_owners": [],
  "secondary_owners": []
}