{
  "id": "hubspot_deal_4361468",
  "semantic_identifier": "Starfall Terra Analytics - Customer Analyzer",
  "title": null,
  "source": "hubspot",
  "doc_updated_at": "2025-07-10 00:00:00",
  "metadata": {
    "object_type": "deal",
    "deal_stage": "closed-lost",
    "pipeline": "default",
    "amount": "43232",
    "associated_contact_ids": []
  },
  "doc_metadata": {
    "hierarchy": {
      "source_path": [
        "Deals"
      ]
    },
    "object_type": "deal",
    "object_id": "4361468"
  },
  "sections": [
    {
      "text": "Deal: Starfall Terra Analytics\nAmount: $43232\nProduct of Interest: Customer Analyzer\nFeatures of Interest: positioning_recommendation\nClose Date: 2025-11-05 00:00:00\nPipeline: default",
      "link": "https://www.onyx.app/40290"
    },
    {
      "text": "Contact: Audrey Rogers\nEmail: audrey_rogers@starfall_terra_analytics.onyx.app",
      "link": "https://www.onyx.app/53019"
    },
    {
      "text": "Company: Starfall Terra Analytics\nDomain: starfall_terra_analytics.onyx.app",
      "link": "https://www.onyx.app/28997"
    },
    {
      "text": "In the works",
      "link": "https://www.onyx.app/43860"
    }
  ],
  "primary_owners": [],
  "secondary_owners": []
}