{
  "id": "hubspot_deal_9432053",
  "semantic_identifier": "Sunfield Artisan Goods - Sales Accelerator",
  "title": null,
  "source": "hubspot",
  "doc_updated_at": "2025-12-01 00:00:00",
  "metadata": {
    "object_type": "deal",
    "deal_stage": "closed-lost",
    "pipeline": "default",
    "amount": "57580",
    "associated_contact_ids": []
  },
  "doc_metadata": {
    "hierarchy": {
      "source_path": [
        "Deals"
      ]
    },
    "object_type": "deal",
    "object_id": "9432053"
  },
  "sections": [
    {
      "text": "Deal: Sunfield Artisan Goods\nAmount: $57580\nProduct of Interest: Sales Accelerator\nFeatures of Interest: sales_followup_recommendations\nClose Date: 2026-01-18 00:00:00\nPipeline: default",
      "link": "https://www.onyx.app/79645"
    },
    {
      "text": "Contact: Sofia Warren\nEmail: sofia_warren@sunfield_artisan_goods.onyx.app",
      "link": "https://www.onyx.app/42891"
    },
    {
      "text": "Company: Sunfield Artisan Goods\nDomain: sunfield_artisan_goods.onyx.app",
      "link": "https://www.onyx.app/55732"
    },
    {
      "text": "In the works",
      "link": "https://www.onyx.app/36690"
    }
  ],
  "primary_owners": [],
  "secondary_owners": []
}