{
  "id": "hubspot_deal_9189089",
  "semantic_identifier": "Terraspire Energy - Sales Accelerator",
  "title": null,
  "source": "hubspot",
  "doc_updated_at": "2025-07-04 00:00:00",
  "metadata": {
    "object_type": "deal",
    "deal_stage": "closed_won",
    "pipeline": "default",
    "amount": "193774",
    "associated_contact_ids": []
  },
  "doc_metadata": {
    "hierarchy": {
      "source_path": [
        "Deals"
      ]
    },
    "object_type": "deal",
    "object_id": "9189089"
  },
  "sections": [
    {
      "text": "Deal: Terraspire Energy\nAmount: $193774\nProduct of Interest: Sales Accelerator\nFeatures of Interest: sales_forecast\nClose Date: 2025-11-01 00:00:00\nPipeline: default",
      "link": "https://www.onyx.app/73655"
    },
    {
      "text": "Contact: Max Chavez\nEmail: max_chavez@terraspire_energy.onyx.app",
      "link": "https://www.onyx.app/77242"
    },
    {
      "text": "Company: Terraspire Energy\nDomain: terraspire_energy.onyx.app",
      "link": "https://www.onyx.app/13971"
    },
    {
      "text": "In the works",
      "link": "https://www.onyx.app/91067"
    }
  ],
  "primary_owners": [],
  "secondary_owners": []
}