{
  "id": "hubspot_deal_6145918",
  "semantic_identifier": "Tonebridge Microfinance - Customer Analyzer",
  "title": null,
  "source": "hubspot",
  "doc_updated_at": "2025-10-16 00:00:00",
  "metadata": {
    "object_type": "deal",
    "deal_stage": "closed-lost",
    "pipeline": "default",
    "amount": "46132",
    "associated_contact_ids": []
  },
  "doc_metadata": {
    "hierarchy": {W
      "source_path": [
        "Deals"
      ]
    },
    "object_type": "deal",
    "object_id": "6145918"
  },
  "sections": [
    {
      "text": "Deal: Tonebridge Microfinance\nAmount: $46132\nProduct of Interest: Customer Analyzer\nFeatures of Interest: fit_estimation\nClose Date: 2025-12-25 00:00:00\nPipeline: default",
      "link": "https://www.onyx.app/12685"
    },
    {
      "text": "Contact: Beau Medina\nEmail: beau_medina@tonebridge_microfinance.onyx.app",
      "link": "https://www.onyx.app/53714"
    },
    {
      "text": "Company: Tonebridge Microfinance\nDomain: tonebridge_microfinance.onyx.app",
      "link": "https://www.onyx.app/43145"
    },
    {
      "text": "In the works",
      "link": "https://www.onyx.app/40682"
    }
  ],
  "primary_owners": [],
  "secondary_owners": []
}