{
  "id": "hubspot_deal_2281532",
  "semantic_identifier": "Truenorth Circuits - Issue Tracker",
  "title": null,
  "source": "hubspot",
  "doc_updated_at": "2025-12-11 00:00:00",
  "metadata": {
    "object_type": "deal",
    "deal_stage": "closed-lost",
    "pipeline": "default",
    "amount": "125047",
    "associated_contact_ids": []
  },
  "doc_metadata": {
    "hierarchy": {
      "source_path": [
        "Deals"
      ]
    },
    "object_type": "deal",
    "object_id": "2281532"
  },
  "sections": [
    {
      "text": "Deal: Truenorth Circuits\nAmount: $125047\nProduct of Interest: Issue Tracker\nFeatures of Interest: issue_clustering\nClose Date: 2026-03-21 00:00:00\nPipeline: default",
      "link": "https://www.onyx.app/54193"
    },
    {
      "text": "Contact: Emma Fowler\nEmail: emma_fowler@truenorth_circuits.onyx.app",
      "link": "https://www.onyx.app/69810"
    },
    {
      "text": "Company: Truenorth Circuits\nDomain: truenorth_circuits.onyx.app",
      "link": "https://www.onyx.app/40255"
    },
    {
      "text": "In the works",
      "link": "https://www.onyx.app/95481"
    }
  ],
  "primary_owners": [],
  "secondary_owners": []
}