{
  "id": "hubspot_deal_3741214",
  "semantic_identifier": "Valeforge Automotive - Customer Analyzer",
  "title": null,
  "source": "hubspot",
  "doc_updated_at": "2025-04-03 00:00:00",
  "metadata": {
    "object_type": "deal",
    "deal_stage": "closed-lost",
    "pipeline": "default",
    "amount": "174152",
    "associated_contact_ids": []
  },
  "doc_metadata": {
    "hierarchy": {
      "source_path": [
        "Deals"
      ]
    },
    "object_type": "deal",
    "object_id": "3741214"
  },
  "sections": [
    {
      "text": "Deal: Valeforge Automotive\nAmount: $174152\nProduct of Interest: Customer Analyzer\nFeatures of Interest: positioning_recommendation\nClose Date: 2025-05-11 00:00:00\nPipeline: default",
      "link": "https://www.onyx.app/72552"
    },
    {
      "text": "Contact: Parker Chapman\nEmail: parker_chapman@valeforge_automotive.onyx.app",
      "link": "https://www.onyx.app/88780"
    },
    {
      "text": "Company: Valeforge Automotive\nDomain: valeforge_automotive.onyx.app",
      "link": "https://www.onyx.app/22560"
    },
    {
      "text": "In the works",
      "link": "https://www.onyx.app/15052"
    }
  ],
  "primary_owners": [],
  "secondary_owners": []
}