{
  "id": "hubspot_deal_2135424",
  "semantic_identifier": "Wavelink Marine Systems - Customer Analyzer",
  "title": null,
  "source": "hubspot",
  "doc_updated_at": "2025-07-06 00:00:00",
  "metadata": {
    "object_type": "deal",
    "deal_stage": "closed_won",
    "pipeline": "default",
    "amount": "85859",
    "associated_contact_ids": []
  },
  "doc_metadata": {
    "hierarchy": {
      "source_path": [
        "Deals"
      ]
    },
    "object_type": "deal",
    "object_id": "2135424"
  },
  "sections": [
    {
      "text": "Deal: Wavelink Marine Systems\nAmount: $85859\nProduct of Interest: Customer Analyzer\nFeatures of Interest: positioning_recommendation\nClose Date: 2025-08-13 00:00:00\nPipeline: default",
      "link": "https://www.onyx.app/20074"
    },
    {
      "text": "Contact: Joaquin Bennett\nEmail: joaquin_bennett@wavelink_marine_systems.onyx.app",
      "link": "https://www.onyx.app/20648"
    },
    {
      "text": "Company: Wavelink Marine Systems\nDomain: wavelink_marine_systems.onyx.app",
      "link": "https://www.onyx.app/99331"
    },
    {
      "text": "In the works",
      "link": "https://www.onyx.app/48990"
    }
  ],
  "primary_owners": [],
  "secondary_owners": []
}