{
  "id": "hubspot_deal_5530664",
  "semantic_identifier": "Westgate Alloy Works - Sales Accelerator",
  "title": null,
  "source": "hubspot",
  "doc_updated_at": "2025-12-11 00:00:00",
  "metadata": {
    "object_type": "deal",
    "deal_stage": "closed-lost",
    "pipeline": "default",
    "amount": "96712",
    "associated_contact_ids": []
  },
  "doc_metadata": {
    "hierarchy": {
      "source_path": [
        "Deals"
      ]
    },
    "object_type": "deal",
    "object_id": "5530664"
  },
  "sections": [
    {
      "text": "Deal: Westgate Alloy Works\nAmount: $96712\nProduct of Interest: Sales Accelerator\nFeatures of Interest: sales_forecast\nClose Date: 2026-03-01 00:00:00\nPipeline: default",
      "link": "https://www.onyx.app/40992"
    },
    {
      "text": "Contact: Levi Ray\nEmail: levi_ray@westgate_alloy_works.onyx.app",
      "link": "https://www.onyx.app/46194"
    },
    {
      "text": "Company: Westgate Alloy Works\nDomain: westgate_alloy_works.onyx.app",
      "link": "https://www.onyx.app/48315"
    },
    {
      "text": "In the works",
      "link": "https://www.onyx.app/14839"
    }
  ],
  "primary_owners": [],
  "secondary_owners": []
}