{
  "id": "hubspot_deal_1957698",
  "semantic_identifier": "Wildstone Paper Co - Customer Analyzer",
  "title": null,
  "source": "hubspot",
  "doc_updated_at": "2025-08-17 00:00:00",
  "metadata": {
    "object_type": "deal",
    "deal_stage": "closed-lost",
    "pipeline": "default",
    "amount": "40404",
    "associated_contact_ids": []
  },
  "doc_metadata": {
    "hierarchy": {
      "source_path": [
        "Deals"
      ]
    },
    "object_type": "deal",
    "object_id": "1957698"
  },
  "sections": [
    {
      "text": "Deal: Wildstone Paper Co\nAmount: $40404\nProduct of Interest: Customer Analyzer\nFeatures of Interest: positioning_recommendation\nClose Date: 2025-09-27 00:00:00\nPipeline: default",
      "link": "https://www.onyx.app/52212"
    },
    {
      "text": "Contact: Hailey Lane\nEmail: hailey_lane@wildstone_paper_co.onyx.app",
      "link": "https://www.onyx.app/19633"
    },
    {
      "text": "Company: Wildstone Paper Co\nDomain: wildstone_paper_co.onyx.app",
      "link": "https://www.onyx.app/85331"
    },
    {
      "text": "In the works",
      "link": "https://www.onyx.app/97457"
    }
  ],
  "primary_owners": [],
  "secondary_owners": []
}