{
  "id": "hubspot_deal_9200727",
  "semantic_identifier": "Willowarc Financial - Customer Analyzer",
  "title": null,
  "source": "hubspot",
  "doc_updated_at": "2025-08-25 00:00:00",
  "metadata": {
    "object_type": "deal",
    "deal_stage": "closed-lost",
    "pipeline": "default",
    "amount": "44902",
    "associated_contact_ids": []
  },
  "doc_metadata": {
    "hierarchy": {
      "source_path": [
        "Deals"
      ]
    },
    "object_type": "deal",
    "object_id": "9200727"
  },
  "sections": [
    {
      "text": "Deal: Willowarc Financial\nAmount: $44902\nProduct of Interest: Customer Analyzer\nFeatures of Interest: positioning_recommendation\nClose Date: 2025-12-10 00:00:00\nPipeline: default",
      "link": "https://www.onyx.app/61710"
    },
    {
      "text": "Contact: Xavier Walker\nEmail: xavier_walker@willowarc_financial.onyx.app",
      "link": "https://www.onyx.app/78434"
    },
    {
      "text": "Company: Willowarc Financial\nDomain: willowarc_financial.onyx.app",
      "link": "https://www.onyx.app/32528"
    },
    {
      "text": "In the works",
      "link": "https://www.onyx.app/89565"
    }
  ],
  "primary_owners": [],
  "secondary_owners": []
}