{
  "id": "hubspot_deal_3093490",
  "semantic_identifier": "Xenith Argo Logistics - Customer Analyzer",
  "title": null,
  "source": "hubspot",
  "doc_updated_at": "2025-05-03 00:00:00",
  "metadata": {
    "object_type": "deal",
    "deal_stage": "closed_won",
    "pipeline": "default",
    "amount": "71837",
    "associated_contact_ids": []
  },
  "doc_metadata": {
    "hierarchy": {
      "source_path": [
        "Deals"
      ]
    },
    "object_type": "deal",
    "object_id": "3093490"
  },
  "sections": [
    {
      "text": "Deal: Xenith Argo Logistics\nAmount: $71837\nProduct of Interest: Customer Analyzer\nFeatures of Interest: fit_estimation\nClose Date: 2025-08-21 00:00:00\nPipeline: default",
      "link": "https://www.onyx.app/39532"
    },
    {
      "text": "Contact: Claire Bell\nEmail: claire_bell@xenith_argo_logistics.onyx.app",
      "link": "https://www.onyx.app/85246"
    },
    {
      "text": "Company: Xenith Argo Logistics\nDomain: xenith_argo_logistics.onyx.app",
      "link": "https://www.onyx.app/92281"
    },
    {
      "text": "In the works",
      "link": "https://www.onyx.app/84005"
    }
  ],
  "primary_owners": [],
  "secondary_owners": []
}