{
  "id": "hubspot_deal_8534218",
  "semantic_identifier": "Zephyrroot Materials - Customer Analyzer",
  "title": null,
  "source": "hubspot",
  "doc_updated_at": "2025-07-29 00:00:00",
  "metadata": {
    "object_type": "deal",
    "deal_stage": "closed_won",
    "pipeline": "default",
    "amount": "215863",
    "associated_contact_ids": []
  },
  "doc_metadata": {
    "hierarchy": {
      "source_path": [
        "Deals"
      ]
    },
    "object_type": "deal",
    "object_id": "8534218"
  },
  "sections": [
    {
      "text": "Deal: Zephyrroot Materials\nAmount: $215863\nProduct of Interest: Customer Analyzer\nFeatures of Interest: fit_estimation\nClose Date: 2025-11-19 00:00:00\nPipeline: default",
      "link": "https://www.onyx.app/16632"
    },
    {
      "text": "Contact: Colton Medina\nEmail: colton_medina@zephyrroot_materials.onyx.app",
      "link": "https://www.onyx.app/44162"
    },
    {
      "text": "Company: Zephyrroot Materials\nDomain: zephyrroot_materials.onyx.app",
      "link": "https://www.onyx.app/75564"
    },
    {
      "text": "In the works",
      "link": "https://www.onyx.app/77450"
    }
  ],
  "primary_owners": [],
  "secondary_owners": []
}