{
  "id": "385604d0e7414455934322bd10aada9e",
  "semantic_identifier": "Design--Integrations: Optimize field-mapping resolution during sync to prevent performance degradation from duplicate/mismatched mappings.docx",
  "title": null,
  "source": "google_doc",
  "doc_updated_at": "2025-08-12",
  "metadata": {
    "owner_names": ""
  },
  "doc_metadata": {
    "hierarchy": {
      "source_path": [
        "My Drive"
      ],
      "drive_id": null,
      "file_name": "Design--Integrations: Optimize field-mapping resolution during sync to prevent performance degradation from duplicate/mismatched mappings.docx",
      "mime_type": "application/vnd.openxmlformats-officedocument.wordprocessingml.document"
    }
  },
  "sections": [
    {
      "text": "## Overview / Problem\nDuring integration sync runs, our field-mapping application can degrade significantly when mapping configs contain duplicates or conflicting source\u2192destination pairs. Today, the pipeline may repeatedly scan mappings per record/field, apply redundant transforms, and emit multiple signals for effectively the same mapping intent. This results in N+1-style lookup behavior, inconsistent downstream inputs (fit scoring/positioning), and limited visibility into what mappings were actually used.\n\n## Proposed Approach\nAt the start of each sync run, build a **canonical mapping set** from the configured mappings: (1) deduplicate exact duplicates and (2) resolve conflicts deterministically for mismatched pairs (e.g., same source mapped to multiple destinations, or multiple sources to same destination) according to a defined precedence rule (e.g., explicit priority/last-updated-wins; otherwise stable sort by mapping id as tie-breaker). The canonical set is then compiled into an efficient in-memory structure (e.g., `Map<sourceField, CanonicalMapping[]>` plus any destination index needed) so that per-record application becomes a single-pass transform over the incoming payload fields, avoiding repeated scans and repeated transforms.\n\n## Pipeline Changes / Application Semantics\nReplace per-field \u201csearch and apply\u201d logic with: extract relevant input fields \u2192 lookup canonical mappings via constant-time indices \u2192 apply transforms once per applicable canonical mapping \u2192 emit a single, de-duplicated set of output updates/signals. This ensures consistent behavior across the run and prevents amplification when configs are messy. The canonicalization happens once per run (or per integration config hash) and is reused for all objects processed in that run.\n\n## Diagnostics / Observability\nEach run should emit structured diagnostics that describe the canonicalization outcome and its impact: total mappings seen, duplicates dropped, conflicts detected/resolved, mappings retained, and the set of affected source/destination fields (optionally capped/top-N with counts). These diagnostics should be attached to run metadata/log events in a machine-readable format so downstream consumers can correlate changes in fit scoring/positioning inputs with mapping resolution, and support can quickly debug \u201cwhy did this field map this way\u201d without replaying the full mapping evaluation.",
      "link": "https://www.onyx.app/47515"
    }
  ],
  "primary_owners": [
    "jason_morris"
  ],
  "secondary_owners": []
}