{
  "id": "9eda33aaadf04934b3e19b0a971ebafa",
  "semantic_identifier": "Service Usage Data for 2025-04-24.docx",
  "title": null,
  "source": "google_doc",
  "doc_updated_at": "2025-04-24",
  "metadata": {
    "owner_names": ""
  },
  "doc_metadata": {
    "hierarchy": {
      "source_path": [
        "My Drive"
      ],
      "drive_id": null,
      "file_name": "Service Usage Data for 2025-04-24.docx",
      "mime_type": "application/vnd.openxmlformats-officedocument.wordprocessingml.document"
    }
  },
  "sections": [
    {
      "text": "[{'account': 'Vividcedar Marketing', 'value': 0.9405726865480031, 'day': 9}, {'account': 'Jadecircuit Electronics', 'value': 1.2361278780132225, 'day': 20}]",
      "link": "https://www.onyx.app/49715"
    }
  ],
  "primary_owners": [],
  "secondary_owners": []
}