{
  "id": "140d3df2fed144a4adbf37766dc65965",
  "semantic_identifier": "Service Usage Data for 2025-08-16.docx",
  "title": null,
  "source": "google_doc",
  "doc_updated_at": "2025-08-16",
  "metadata": {
    "owner_names": ""
  },
  "doc_metadata": {
    "hierarchy": {
      "source_path": [
        "My Drive"
      ],
      "drive_id": null,
      "file_name": "Service Usage Data for 2025-08-16.docx",
      "mime_type": "application/vnd.openxmlformats-officedocument.wordprocessingml.document"
    }
  },
  "sections": [
    {
      "text": "[{'account': 'Vividcedar Marketing', 'value': 0.17980182554646945, 'day': 123}, {'account': 'Jadecircuit Electronics', 'value': 1.7699599067595204, 'day': 134}, {'account': 'Wavelink Marine Systems', 'value': 0.7094787502550125, 'day': 3}, {'account': 'Northeastwind Parcel Services', 'value': 0.6093535625582553, 'day': 86}, {'account': 'Marinerock Outdoor Gear', 'value': 2.4238651347192866, 'day': 30}]",
      "link": "https://www.onyx.app/12422"
    }
  ],
  "primary_owners": [],
  "secondary_owners": []
}