{
  "id": "a4e47782c67e4b6dace4c15630c0e9fd",
  "semantic_identifier": "Service Usage Data for 2025-06-06.docx",
  "title": null,
  "source": "google_doc",
  "doc_updated_at": "2025-06-06",
  "metadata": {
    "owner_names": ""
  },
  "doc_metadata": {
    "hierarchy": {
      "source_path": [
        "My Drive"
      ],
      "drive_id": null,
      "file_name": "Service Usage Data for 2025-06-06.docx",
      "mime_type": "application/vnd.openxmlformats-officedocument.wordprocessingml.document"
    }
  },
  "sections": [
    {
      "text": "[{'account': 'Vividcedar Marketing', 'value': 0.6881346742960697, 'day': 52}, {'account': 'Jadecircuit Electronics', 'value': 1.2149419631408116, 'day': 63}, {'account': 'Northeastwind Parcel Services', 'value': 0.44547254727949553, 'day': 15}]",
      "link": "https://www.onyx.app/33996"
    }
  ],
  "primary_owners": [],
  "secondary_owners": []
}