{
  "id": "f88e70c2ef8a49e29bdcbfbe2e678e44",
  "semantic_identifier": "Service Usage Data for 2025-11-05.docx",
  "title": null,
  "source": "google_doc",
  "doc_updated_at": "2025-11-05",
  "metadata": {
    "owner_names": ""
  },
  "doc_metadata": {
    "hierarchy": {
      "source_path": [
        "My Drive"
      ],
      "drive_id": null,
      "file_name": "Service Usage Data for 2025-11-05.docx",
      "mime_type": "application/vnd.openxmlformats-officedocument.wordprocessingml.document"
    }
  },
  "sections": [
    {
      "text": "[{'account': 'Vividcedar Marketing', 'value': 0.7452203906906255, 'day': 204}, {'account': 'Jadecircuit Electronics', 'value': 1.0745977045759756, 'day': 215}, {'account': 'Xenith Argo Logistics', 'value': 0.011368508284431922, 'day': 76}, {'account': 'Wavelink Marine Systems', 'value': 0.5707371223195152, 'day': 84}, {'account': 'Indigoriver Ventures', 'value': 1.05351730635931, 'day': 35}, {'account': 'Northeastwind Parcel Services', 'value': 0.002570044895712803, 'day': 167}, {'account': 'Pedal & Dine Coffee', 'value': 2.339748364100466, 'day': 44}, {'account': 'Alpinequill Publishing', 'value': 1.411668375583725, 'day': 5}, {'account': 'Terraspire Energy', 'value': 1.7155077565364147, 'day': 4}, {'account': 'Marinerock Outdoor Gear', 'value': 2.040058021012634, 'day': 111}]",
      "link": "https://www.onyx.app/24257"
    }
  ],
  "primary_owners": [],
  "secondary_owners": []
}