{
  "id": "33f1e24de0d94b02a93439de191b3d9b",
  "semantic_identifier": "Service Usage Data for 2026-01-13.docx",
  "title": null,
  "source": "google_doc",
  "doc_updated_at": "2026-01-13",
  "metadata": {
    "owner_names": ""
  },
  "doc_metadata": {
    "hierarchy": {
      "source_path": [
        "My Drive"
      ],
      "drive_id": null,
      "file_name": "Service Usage Data for 2026-01-13.docx",
      "mime_type": "application/vnd.openxmlformats-officedocument.wordprocessingml.document"
    }
  },
  "sections": [
    {
      "text": "[{'account': 'Vividcedar Marketing', 'value': 0.152110855667431, 'day': 273}, {'account': 'Jadecircuit Electronics', 'value': 1.2154465790366107, 'day': 284}, {'account': 'Firefly Meridian Labs', 'value': 0.8123708736920926, 'day': 38}, {'account': 'Xenith Argo Logistics', 'value': 0.05562381222727661, 'day': 145}, {'account': 'Wavelink Marine Systems', 'value': 0.2676340799313746, 'day': 153}, {'account': 'Indigoriver Ventures', 'value': 1.0028764373601038, 'day': 104}, {'account': 'Circlecompass Travel', 'value': 2.2737081259128114, 'day': 29}, {'account': 'Northeastwind Parcel Services', 'value': -0.17709607259525617, 'day': 236}, {'account': 'Pedal & Dine Coffee', 'value': 2.4154842931210996, 'day': 113}, {'account': 'Zephyrroot Materials', 'value': 0.8657116627533699, 'day': 55}, {'account': 'Alpinequill Publishing', 'value': 1.4155003021013208, 'day': 74}, {'account': 'Terraspire Energy', 'value': 2.239656799400899, 'day': 73}, {'account': 'Marinerock Outdoor Gear', 'value': 2.2930215019585645, 'day': 180}, {'account': 'Xylembright Water Tech', 'value': 0.09264605186405596, 'day': 54}]",
      "link": "https://www.onyx.app/28809"
    }
  ],
  "primary_owners": [],
  "secondary_owners": []
}