{
  "id": "c92745017c8a4d12ae6c2340e8add506",
  "semantic_identifier": "Service Usage Data for 2025-11-29.docx",
  "title": null,
  "source": "google_doc",
  "doc_updated_at": "2025-11-29",
  "metadata": {
    "owner_names": ""
  },
  "doc_metadata": {
    "hierarchy": {
      "source_path": [
        "My Drive"
      ],
      "drive_id": null,
      "file_name": "Service Usage Data for 2025-11-29.docx",
      "mime_type": "application/vnd.openxmlformats-officedocument.wordprocessingml.document"
    }
  },
  "sections": [
    {
      "text": "[{'account': 'Vividcedar Marketing', 'value': 0.3437785757175088, 'day': 228}, {'account': 'Jadecircuit Electronics', 'value': 1.6189001033890813, 'day': 239}, {'account': 'Xenith Argo Logistics', 'value': 0.46698748819553454, 'day': 100}, {'account': 'Wavelink Marine Systems', 'value': 0.5706877837630371, 'day': 108}, {'account': 'Indigoriver Ventures', 'value': 1.1804688206629828, 'day': 59}, {'account': 'Northeastwind Parcel Services', 'value': 0.4262141752502513, 'day': 191}, {'account': 'Pedal & Dine Coffee', 'value': 1.817790726156133, 'day': 68}, {'account': 'Zephyrroot Materials', 'value': 1.105759832004778, 'day': 10}, {'account': 'Alpinequill Publishing', 'value': 1.9326517541862605, 'day': 29}, {'account': 'Terraspire Energy', 'value': 1.8213652030658904, 'day': 28}, {'account': 'Marinerock Outdoor Gear', 'value': 2.8010721992010104, 'day': 135}, {'account': 'Xylembright Water Tech', 'value': 0.907669622077591, 'day': 9}]",
      "link": "https://www.onyx.app/53962"
    }
  ],
  "primary_owners": [],
  "secondary_owners": []
}