{
  "id": "de6d69fa3c8f4e34977064169df128bc",
  "semantic_identifier": "Service Usage Data for 2025-08-09.docx",
  "title": null,
  "source": "google_doc",
  "doc_updated_at": "2025-08-09",
  "metadata": {
    "owner_names": ""
  },
  "doc_metadata": {
    "hierarchy": {
      "source_path": [
        "My Drive"
      ],
      "drive_id": null,
      "file_name": "Service Usage Data for 2025-08-09.docx",
      "mime_type": "application/vnd.openxmlformats-officedocument.wordprocessingml.document"
    }
  },
  "sections": [
    {
      "text": "[{'account': 'Vividcedar Marketing', 'value': 0.30138653860781983, 'day': 116}, {'account': 'Jadecircuit Electronics', 'value': 1.7564159812438385, 'day': 127}, {'account': 'Northeastwind Parcel Services', 'value': 0.4156979163848693, 'day': 79}, {'account': 'Marinerock Outdoor Gear', 'value': 2.456288605954202, 'day': 23}]",
      "link": "https://www.onyx.app/64115"
    }
  ],
  "primary_owners": [],
  "secondary_owners": []
}