{
  "id": "df9f045409cb43c2b7e5987ae5da8cb9",
  "semantic_identifier": "Service Usage Data for 2025-05-21.docx",
  "title": null,
  "source": "google_doc",
  "doc_updated_at": "2025-05-21",
  "metadata": {
    "owner_names": ""
  },
  "doc_metadata": {
    "hierarchy": {
      "source_path": [
        "My Drive"
      ],
      "drive_id": null,
      "file_name": "Service Usage Data for 2025-05-21.docx",
      "mime_type": "application/vnd.openxmlformats-officedocument.wordprocessingml.document"
    }
  },
  "sections": [
    {
      "text": "[{'account': 'Vividcedar Marketing', 'value': 0.9191774971797824, 'day': 36}, {'account': 'Jadecircuit Electronics', 'value': 1.2002250732901105, 'day': 47}]",
      "link": "https://www.onyx.app/51554"
    }
  ],
  "primary_owners": [],
  "secondary_owners": []
}