{
  "id": "0e7e7f41f7914dae828fd5f16cc32247",
  "semantic_identifier": "Service Usage Data for 2025-10-11.docx",
  "title": null,
  "source": "google_doc",
  "doc_updated_at": "2025-10-11",
  "metadata": {
    "owner_names": ""
  },
  "doc_metadata": {
    "hierarchy": {
      "source_path": [
        "My Drive"
      ],
      "drive_id": null,
      "file_name": "Service Usage Data for 2025-10-11.docx",
      "mime_type": "application/vnd.openxmlformats-officedocument.wordprocessingml.document"
    }
  },
  "sections": [
    {
      "text": "[{'account': 'Vividcedar Marketing', 'value': 0.06966725550080702, 'day': 179}, {'account': 'Jadecircuit Electronics', 'value': 1.484711701500162, 'day': 190}, {'account': 'Xenith Argo Logistics', 'value': 0.5834462213749382, 'day': 51}, {'account': 'Wavelink Marine Systems', 'value': 0.7455456473619071, 'day': 59}, {'account': 'Indigoriver Ventures', 'value': 0.9251134323079562, 'day': 10}, {'account': 'Northeastwind Parcel Services', 'value': 0.662258285516782, 'day': 142}, {'account': 'Pedal & Dine Coffee', 'value': 1.5599850960031432, 'day': 19}, {'account': 'Marinerock Outdoor Gear', 'value': 2.719159115601135, 'day': 86}]",
      "link": "https://www.onyx.app/33320"
    }
  ],
  "primary_owners": [],
  "secondary_owners": []
}