{
  "id": "b805ff6e441f4ec1b0ffca132f2f0fca",
  "semantic_identifier": "Service Usage Data for 2025-10-14.docx",
  "title": null,
  "source": "google_doc",
  "doc_updated_at": "2025-10-14",
  "metadata": {
    "owner_names": ""
  },
  "doc_metadata": {
    "hierarchy": {
      "source_path": [
        "My Drive"
      ],
      "drive_id": null,
      "file_name": "Service Usage Data for 2025-10-14.docx",
      "mime_type": "application/vnd.openxmlformats-officedocument.wordprocessingml.document"
    }
  },
  "sections": [
    {
      "text": "[{'account': 'Vividcedar Marketing', 'value': 0.4578808931252303, 'day': 182}, {'account': 'Jadecircuit Electronics', 'value': 1.2059663011126571, 'day': 193}, {'account': 'Xenith Argo Logistics', 'value': 0.17915274114308471, 'day': 54}, {'account': 'Wavelink Marine Systems', 'value': 0.4275820409474492, 'day': 62}, {'account': 'Indigoriver Ventures', 'value': 0.5002117154976964, 'day': 13}, {'account': 'Northeastwind Parcel Services', 'value': 0.0011574485739579143, 'day': 145}, {'account': 'Pedal & Dine Coffee', 'value': 2.0866737616049496, 'day': 22}, {'account': 'Marinerock Outdoor Gear', 'value': 2.1284275144135587, 'day': 89}]",
      "link": "https://www.onyx.app/27148"
    }
  ],
  "primary_owners": [],
  "secondary_owners": []
}