{
  "id": "8ebc4f28f6f1490d912d33f1b307d758",
  "semantic_identifier": "Service Usage Data for 2025-04-17.docx",
  "title": null,
  "source": "google_doc",
  "doc_updated_at": "2025-04-17",
  "metadata": {
    "owner_names": ""
  },
  "doc_metadata": {
    "hierarchy": {
      "source_path": [
        "My Drive"
      ],
      "drive_id": null,
      "file_name": "Service Usage Data for 2025-04-17.docx",
      "mime_type": "application/vnd.openxmlformats-officedocument.wordprocessingml.document"
    }
  },
  "sections": [
    {
      "text": "[{'account': 'Vividcedar Marketing', 'value': 1.0282033609400936, 'day': 2}, {'account': 'Jadecircuit Electronics', 'value': 1.2101294971853789, 'day': 13}]",
      "link": "https://www.onyx.app/73783"
    }
  ],
  "primary_owners": [],
  "secondary_owners": []
}