{
  "id": "502229f9e12f4fe4b945aa8000e07d5e",
  "semantic_identifier": "Service Usage Data for 2025-09-04.docx",
  "title": null,
  "source": "google_doc",
  "doc_updated_at": "2025-09-04",
  "metadata": {
    "owner_names": ""
  },
  "doc_metadata": {
    "hierarchy": {
      "source_path": [
        "My Drive"
      ],
      "drive_id": null,
      "file_name": "Service Usage Data for 2025-09-04.docx",
      "mime_type": "application/vnd.openxmlformats-officedocument.wordprocessingml.document"
    }
  },
  "sections": [
    {
      "text": "[{'account': 'Vividcedar Marketing', 'value': 0.8897904441032958, 'day': 142}, {'account': 'Jadecircuit Electronics', 'value': 0.9616385319500702, 'day': 153}, {'account': 'Xenith Argo Logistics', 'value': 0.29173073367909946, 'day': 14}, {'account': 'Wavelink Marine Systems', 'value': 0.7309038472033863, 'day': 22}, {'account': 'Northeastwind Parcel Services', 'value': 0.08564835339582635, 'day': 105}, {'account': 'Marinerock Outdoor Gear', 'value': 2.3683221375458743, 'day': 49}]",
      "link": "https://www.onyx.app/64082"
    }
  ],
  "primary_owners": [],
  "secondary_owners": []
}