{
  "id": "a3ce30f7e6de49c5ae394b54dfa6a3a7",
  "semantic_identifier": "Service Usage Data for 2025-07-27.docx",
  "title": null,
  "source": "google_doc",
  "doc_updated_at": "2025-07-27",
  "metadata": {
    "owner_names": ""
  },
  "doc_metadata": {
    "hierarchy": {
      "source_path": [
        "My Drive"
      ],
      "drive_id": null,
      "file_name": "Service Usage Data for 2025-07-27.docx",
      "mime_type": "application/vnd.openxmlformats-officedocument.wordprocessingml.document"
    }
  },
  "sections": [
    {
      "text": "[{'account': 'Vividcedar Marketing', 'value': 0.0847146426297487, 'day': 103}, {'account': 'Jadecircuit Electronics', 'value': 1.5926445786629384, 'day': 114}, {'account': 'Northeastwind Parcel Services', 'value': 0.3063738132224632, 'day': 66}, {'account': 'Marinerock Outdoor Gear', 'value': 2.305660962342345, 'day': 10}]",
      "link": "https://www.onyx.app/81934"
    }
  ],
  "primary_owners": [],
  "secondary_owners": []
}