{
  "id": "9ff04974f6164bf6a3910b58346581fe",
  "semantic_identifier": "Service Usage Data for 2025-12-19.docx",
  "title": null,
  "source": "google_doc",
  "doc_updated_at": "2025-12-19",
  "metadata": {
    "owner_names": ""
  },
  "doc_metadata": {
    "hierarchy": {
      "source_path": [
        "My Drive"
      ],
      "drive_id": null,
      "file_name": "Service Usage Data for 2025-12-19.docx",
      "mime_type": "application/vnd.openxmlformats-officedocument.wordprocessingml.document"
    }
  },
  "sections": [
    {
      "text": "[{'account': 'Vividcedar Marketing', 'value': 0.37437589675832805, 'day': 248}, {'account': 'Jadecircuit Electronics', 'value': 1.411405516951038, 'day': 259}, {'account': 'Firefly Meridian Labs', 'value': 0.5873624181289163, 'day': 13}, {'account': 'Xenith Argo Logistics', 'value': 0.44824224369492843, 'day': 120}, {'account': 'Wavelink Marine Systems', 'value': 0.6730983177469948, 'day': 128}, {'account': 'Indigoriver Ventures', 'value': 1.5595387256326636, 'day': 79}, {'account': 'Circlecompass Travel', 'value': 1.861366211400037, 'day': 4}, {'account': 'Northeastwind Parcel Services', 'value': 0.4987101261209546, 'day': 211}, {'account': 'Pedal & Dine Coffee', 'value': 1.8948031632803248, 'day': 88}, {'account': 'Zephyrroot Materials', 'value': 1.2010836602296786, 'day': 30}, {'account': 'Alpinequill Publishing', 'value': 1.8078816020806026, 'day': 49}, {'account': 'Terraspire Energy', 'value': 1.7765811054048597, 'day': 48}, {'account': 'Marinerock Outdoor Gear', 'value': 2.6933632732137593, 'day': 155}, {'account': 'Xylembright Water Tech', 'value': 0.9233249252290905, 'day': 29}]",
      "link": "https://www.onyx.app/40858"
    }
  ],
  "primary_owners": [],
  "secondary_owners": []
}