{
  "id": "f01d20d345834792aaf2c785de0a19f8",
  "semantic_identifier": "Service Usage Data for 2025-08-31.docx",
  "title": null,
  "source": "google_doc",
  "doc_updated_at": "2025-08-31",
  "metadata": {
    "owner_names": ""
  },
  "doc_metadata": {
    "hierarchy": {
      "source_path": [
        "My Drive"
      ],
      "drive_id": null,
      "file_name": "Service Usage Data for 2025-08-31.docx",
      "mime_type": "application/vnd.openxmlformats-officedocument.wordprocessingml.document"
    }
  },
  "sections": [
    {
      "text": "[{'account': 'Vividcedar Marketing', 'value': -0.01080218572249124, 'day': 138}, {'account': 'Jadecircuit Electronics', 'value': 1.494664917966887, 'day': 149}, {'account': 'Xenith Argo Logistics', 'value': 0.4662469491029744, 'day': 10}, {'account': 'Wavelink Marine Systems', 'value': 0.6181311556482192, 'day': 18}, {'account': 'Northeastwind Parcel Services', 'value': 0.33700780140660735, 'day': 101}, {'account': 'Marinerock Outdoor Gear', 'value': 2.48628286373762, 'day': 45}]",
      "link": "https://www.onyx.app/84134"
    }
  ],
  "primary_owners": [],
  "secondary_owners": []
}