{
  "id": "36123b9463e54ca38d8fbeab0b4f0734",
  "semantic_identifier": "Service Usage Data for 2025-09-23.docx",
  "title": null,
  "source": "google_doc",
  "doc_updated_at": "2025-09-23",
  "metadata": {
    "owner_names": ""
  },
  "doc_metadata": {
    "hierarchy": {
      "source_path": [
        "My Drive"
      ],
      "drive_id": null,
      "file_name": "Service Usage Data for 2025-09-23.docx",
      "mime_type": "application/vnd.openxmlformats-officedocument.wordprocessingml.document"
    }
  },
  "sections": [
    {
      "text": "[{'account': 'Vividcedar Marketing', 'value': 0.3722959172415706, 'day': 161}, {'account': 'Jadecircuit Electronics', 'value': 1.295889925361653, 'day': 172}, {'account': 'Xenith Argo Logistics', 'value': -0.08601421438151019, 'day': 33}, {'account': 'Wavelink Marine Systems', 'value': 0.4761622126324715, 'day': 41}, {'account': 'Northeastwind Parcel Services', 'value': -0.08633856674134308, 'day': 124}, {'account': 'Pedal & Dine Coffee', 'value': 1.8915686911491647, 'day': 1}, {'account': 'Marinerock Outdoor Gear', 'value': 2.12412752102246, 'day': 68}]",
      "link": "https://www.onyx.app/78872"
    }
  ],
  "primary_owners": [],
  "secondary_owners": []
}