{
  "id": "64c9b3a96f6a4670ac306a91e323c2ea",
  "semantic_identifier": "Service Usage Data for 2025-10-24.docx",
  "title": null,
  "source": "google_doc",
  "doc_updated_at": "2025-10-24",
  "metadata": {
    "owner_names": ""
  },
  "doc_metadata": {
    "hierarchy": {
      "source_path": [
        "My Drive"
      ],
      "drive_id": null,
      "file_name": "Service Usage Data for 2025-10-24.docx",
      "mime_type": "application/vnd.openxmlformats-officedocument.wordprocessingml.document"
    }
  },
  "sections": [
    {
      "text": "[{'account': 'Vividcedar Marketing', 'value': 0.6205458800563195, 'day': 192}, {'account': 'Jadecircuit Electronics', 'value': 1.443859293490124, 'day': 203}, {'account': 'Xenith Argo Logistics', 'value': 0.5183726491152952, 'day': 64}, {'account': 'Wavelink Marine Systems', 'value': 0.6978990659430168, 'day': 72}, {'account': 'Indigoriver Ventures', 'value': 0.9822725810218752, 'day': 23}, {'account': 'Northeastwind Parcel Services', 'value': 0.4989117026570279, 'day': 155}, {'account': 'Pedal & Dine Coffee', 'value': 1.8047227354154267, 'day': 32}, {'account': 'Marinerock Outdoor Gear', 'value': 2.6720856199390024, 'day': 99}]",
      "link": "https://www.onyx.app/97130"
    }
  ],
  "primary_owners": [],
  "secondary_owners": []
}