{
  "id": "ecec87dda46e44798b0c5f988d76f04d",
  "semantic_identifier": "Service Usage Data for 2025-08-10.docx",
  "title": null,
  "source": "google_doc",
  "doc_updated_at": "2025-08-10",
  "metadata": {
    "owner_names": ""
  },
  "doc_metadata": {
    "hierarchy": {
      "source_path": [
        "My Drive"
      ],
      "drive_id": null,
      "file_name": "Service Usage Data for 2025-08-10.docx",
      "mime_type": "application/vnd.openxmlformats-officedocument.wordprocessingml.document"
    }
  },
  "sections": [
    {
      "text": "[{'account': 'Vividcedar Marketing', 'value': 0.25909591190516856, 'day': 117}, {'account': 'Jadecircuit Electronics', 'value': 1.4489603338202974, 'day': 128}, {'account': 'Northeastwind Parcel Services', 'value': 0.18053300705104666, 'day': 80}, {'account': 'Marinerock Outdoor Gear', 'value': 2.3843037505902664, 'day': 24}]",
      "link": "https://www.onyx.app/50800"
    }
  ],
  "primary_owners": [],
  "secondary_owners": []
}