{
  "id": "c5dda62c7a6e40819971fd22970cec3d",
  "semantic_identifier": "Service Usage Data for 2025-05-08.docx",
  "title": null,
  "source": "google_doc",
  "doc_updated_at": "2025-05-08",
  "metadata": {
    "owner_names": ""
  },
  "doc_metadata": {
    "hierarchy": {
      "source_path": [
        "My Drive"
      ],
      "drive_id": null,
      "file_name": "Service Usage Data for 2025-05-08.docx",
      "mime_type": "application/vnd.openxmlformats-officedocument.wordprocessingml.document"
    }
  },
  "sections": [
    {
      "text": "[{'account': 'Vividcedar Marketing', 'value': 0.9149858507641719, 'day': 23}, {'account': 'Jadecircuit Electronics', 'value': 1.0462172255885387, 'day': 34}]",
      "link": "https://www.onyx.app/21871"
    }
  ],
  "primary_owners": [],
  "secondary_owners": []
}