{
  "id": "e7981e4165d544bca8ec6616e0f5dd52",
  "semantic_identifier": "Service Usage Data for 2025-09-28.docx",
  "title": null,
  "source": "google_doc",
  "doc_updated_at": "2025-09-28",
  "metadata": {
    "owner_names": ""
  },
  "doc_metadata": {
    "hierarchy": {
      "source_path": [
        "My Drive"
      ],
      "drive_id": null,
      "file_name": "Service Usage Data for 2025-09-28.docx",
      "mime_type": "application/vnd.openxmlformats-officedocument.wordprocessingml.document"
    }
  },
  "sections": [
    {
      "text": "[{'account': 'Vividcedar Marketing', 'value': -0.10504817629003785, 'day': 166}, {'account': 'Jadecircuit Electronics', 'value': 1.7432167985746174, 'day': 177}, {'account': 'Xenith Argo Logistics', 'value': 0.3796356845944778, 'day': 38}, {'account': 'Wavelink Marine Systems', 'value': 0.6107640051507225, 'day': 46}, {'account': 'Northeastwind Parcel Services', 'value': 0.22085354101789922, 'day': 129}, {'account': 'Pedal & Dine Coffee', 'value': 1.731532846390127, 'day': 6}, {'account': 'Marinerock Outdoor Gear', 'value': 2.67659312351833, 'day': 73}]",
      "link": "https://www.onyx.app/32330"
    }
  ],
  "primary_owners": [],
  "secondary_owners": []
}