{
  "id": "9dd3e4998e8840868731e0fbcb0c34ef",
  "semantic_identifier": "Service Usage Data for 2025-04-11.docx",
  "title": null,
  "source": "google_doc",
  "doc_updated_at": "2025-04-11",
  "metadata": {
    "owner_names": ""
  },
  "doc_metadata": {
    "hierarchy": {
      "source_path": [
        "My Drive"
      ],
      "drive_id": null,
      "file_name": "Service Usage Data for 2025-04-11.docx",
      "mime_type": "application/vnd.openxmlformats-officedocument.wordprocessingml.document"
    }
  },
  "sections": [
    {
      "text": "[{'account': 'Jadecircuit Electronics', 'value': 1.3974313008849237, 'day': 7}]",
      "link": "https://www.onyx.app/62495"
    }
  ],
  "primary_owners": [],
  "secondary_owners": []
}