{
  "id": "13d923282df940dbbaf7840cf5c0d63a",
  "semantic_identifier": "Service Usage Data for 2025-12-12.docx",
  "title": null,
  "source": "google_doc",
  "doc_updated_at": "2025-12-12",
  "metadata": {
    "owner_names": ""
  },
  "doc_metadata": {
    "hierarchy": {
      "source_path": [
        "My Drive"
      ],
      "drive_id": null,
      "file_name": "Service Usage Data for 2025-12-12.docx",
      "mime_type": "application/vnd.openxmlformats-officedocument.wordprocessingml.document"
    }
  },
  "sections": [
    {
      "text": "[{'account': 'Vividcedar Marketing', 'value': 0.3786085352288494, 'day': 241}, {'account': 'Jadecircuit Electronics', 'value': 1.0739717756706701, 'day': 252}, {'account': 'Firefly Meridian Labs', 'value': 0.44483110975530793, 'day': 6}, {'account': 'Xenith Argo Logistics', 'value': 0.5862843561063504, 'day': 113}, {'account': 'Wavelink Marine Systems', 'value': 0.6378170202106846, 'day': 121}, {'account': 'Indigoriver Ventures', 'value': 1.4246146807209388, 'day': 72}, {'account': 'Northeastwind Parcel Services', 'value': 0.19746788945255653, 'day': 204}, {'account': 'Pedal & Dine Coffee', 'value': 1.8361521070253852, 'day': 81}, {'account': 'Zephyrroot Materials', 'value': 1.5429809903186829, 'day': 23}, {'account': 'Alpinequill Publishing', 'value': 1.5671478560612393, 'day': 42}, {'account': 'Terraspire Energy', 'value': 1.6646507878497605, 'day': 41}, {'account': 'Marinerock Outdoor Gear', 'value': 2.9108279593241906, 'day': 148}, {'account': 'Xylembright Water Tech', 'value': 0.8116297827634948, 'day': 22}]",
      "link": "https://www.onyx.app/68299"
    }
  ],
  "primary_owners": [],
  "secondary_owners": []
}