{
  "id": "2f5e86dc82404709be2160087ee9d173",
  "semantic_identifier": "Service Usage Data for 2025-10-03.docx",
  "title": null,
  "source": "google_doc",
  "doc_updated_at": "2025-10-03",
  "metadata": {
    "owner_names": ""
  },
  "doc_metadata": {
    "hierarchy": {
      "source_path": [
        "My Drive"
      ],
      "drive_id": null,
      "file_name": "Service Usage Data for 2025-10-03.docx",
      "mime_type": "application/vnd.openxmlformats-officedocument.wordprocessingml.document"
    }
  },
  "sections": [
    {
      "text": "[{'account': 'Vividcedar Marketing', 'value': 0.640477732042638, 'day': 171}, {'account': 'Jadecircuit Electronics', 'value': 1.4462007837227107, 'day': 182}, {'account': 'Xenith Argo Logistics', 'value': 0.6784288137967303, 'day': 43}, {'account': 'Wavelink Marine Systems', 'value': 0.7410508164328166, 'day': 51}, {'account': 'Indigoriver Ventures', 'value': 0.8042761027882446, 'day': 2}, {'account': 'Northeastwind Parcel Services', 'value': 0.4239800907962078, 'day': 134}, {'account': 'Pedal & Dine Coffee', 'value': 1.8166817405180302, 'day': 11}, {'account': 'Marinerock Outdoor Gear', 'value': 2.7804170485259125, 'day': 78}]",
      "link": "https://www.onyx.app/49223"
    }
  ],
  "primary_owners": [],
  "secondary_owners": []
}