{
  "id": "f12a4d20e4e041c59dadf4cb7a338430",
  "semantic_identifier": "Service Usage Data for 2025-05-30.docx",
  "title": null,
  "source": "google_doc",
  "doc_updated_at": "2025-05-30",
  "metadata": {
    "owner_names": ""
  },
  "doc_metadata": {
    "hierarchy": {
      "source_path": [
        "My Drive"
      ],
      "drive_id": null,
      "file_name": "Service Usage Data for 2025-05-30.docx",
      "mime_type": "application/vnd.openxmlformats-officedocument.wordprocessingml.document"
    }
  },
  "sections": [
    {
      "text": "[{'account': 'Vividcedar Marketing', 'value': 0.6150979290864007, 'day': 45}, {'account': 'Jadecircuit Electronics', 'value': 1.465102070319619, 'day': 56}, {'account': 'Northeastwind Parcel Services', 'value': 0.5738012623169215, 'day': 8}]",
      "link": "https://www.onyx.app/67122"
    }
  ],
  "primary_owners": [],
  "secondary_owners": []
}