{
  "id": "9b43939d8d6945f2a5c32983f4e0e1f8",
  "semantic_identifier": "Service Usage Data for 2025-09-25.docx",
  "title": null,
  "source": "google_doc",
  "doc_updated_at": "2025-09-25",
  "metadata": {
    "owner_names": ""
  },
  "doc_metadata": {
    "hierarchy": {
      "source_path": [
        "My Drive"
      ],
      "drive_id": null,
      "file_name": "Service Usage Data for 2025-09-25.docx",
      "mime_type": "application/vnd.openxmlformats-officedocument.wordprocessingml.document"
    }
  },
  "sections": [
    {
      "text": "[{'account': 'Vividcedar Marketing', 'value': 0.6035729515595365, 'day': 163}, {'account': 'Jadecircuit Electronics', 'value': 1.0305953499674123, 'day': 174}, {'account': 'Xenith Argo Logistics', 'value': 0.46785565814829383, 'day': 35}, {'account': 'Wavelink Marine Systems', 'value': 0.6922352102870384, 'day': 43}, {'account': 'Northeastwind Parcel Services', 'value': 0.04164944345465041, 'day': 126}, {'account': 'Pedal & Dine Coffee', 'value': 1.919700576950069, 'day': 3}, {'account': 'Marinerock Outdoor Gear', 'value': 2.4881739570662833, 'day': 70}]",
      "link": "https://www.onyx.app/60568"
    }
  ],
  "primary_owners": [],
  "secondary_owners": []
}