{
  "id": "d02c5ac728864171ad3de11aaedab4a8",
  "semantic_identifier": "Service Usage Data for 2025-08-23.docx",
  "title": null,
  "source": "google_doc",
  "doc_updated_at": "2025-08-23",
  "metadata": {
    "owner_names": ""
  },
  "doc_metadata": {
    "hierarchy": {
      "source_path": [
        "My Drive"
      ],
      "drive_id": null,
      "file_name": "Service Usage Data for 2025-08-23.docx",
      "mime_type": "application/vnd.openxmlformats-officedocument.wordprocessingml.document"
    }
  },
  "sections": [
    {
      "text": "[{'account': 'Vividcedar Marketing', 'value': 0.45279122606380057, 'day': 130}, {'account': 'Jadecircuit Electronics', 'value': 1.6005538822963337, 'day': 141}, {'account': 'Xenith Argo Logistics', 'value': 0.7348991543026253, 'day': 2}, {'account': 'Wavelink Marine Systems', 'value': 0.5995857036131058, 'day': 10}, {'account': 'Northeastwind Parcel Services', 'value': 0.506063911897784, 'day': 93}, {'account': 'Marinerock Outdoor Gear', 'value': 2.6121945833480376, 'day': 37}]",
      "link": "https://www.onyx.app/94897"
    }
  ],
  "primary_owners": [],
  "secondary_owners": []
}