{
  "id": "e64c5183988a44b9a41bfbf40680a8f7",
  "semantic_identifier": "Service Usage Data for 2025-08-04.docx",
  "title": null,
  "source": "google_doc",
  "doc_updated_at": "2025-08-04",
  "metadata": {
    "owner_names": ""
  },
  "doc_metadata": {
    "hierarchy": {
      "source_path": [
        "My Drive"
      ],
      "drive_id": null,
      "file_name": "Service Usage Data for 2025-08-04.docx",
      "mime_type": "application/vnd.openxmlformats-officedocument.wordprocessingml.document"
    }
  },
  "sections": [
    {
      "text": "[{'account': 'Vividcedar Marketing', 'value': 0.2989810629453815, 'day': 111}, {'account': 'Jadecircuit Electronics', 'value': 1.3362353251764, 'day': 122}, {'account': 'Northeastwind Parcel Services', 'value': 0.25754029708269033, 'day': 74}, {'account': 'Marinerock Outdoor Gear', 'value': 2.169979425683467, 'day': 18}]",
      "link": "https://www.onyx.app/87449"
    }
  ],
  "primary_owners": [],
  "secondary_owners": []
}