{
  "id": "265053fc192a461c8aacda7677018e3b",
  "semantic_identifier": "Service Usage Data for 2025-11-03.docx",
  "title": null,
  "source": "google_doc",
  "doc_updated_at": "2025-11-03",
  "metadata": {
    "owner_names": ""
  },
  "doc_metadata": {
    "hierarchy": {
      "source_path": [
        "My Drive"
      ],
      "drive_id": null,
      "file_name": "Service Usage Data for 2025-11-03.docx",
      "mime_type": "application/vnd.openxmlformats-officedocument.wordprocessingml.document"
    }
  },
  "sections": [
    {
      "text": "[{'account': 'Vividcedar Marketing', 'value': 0.2072644520192334, 'day': 202}, {'account': 'Jadecircuit Electronics', 'value': 1.3921441390499651, 'day': 213}, {'account': 'Xenith Argo Logistics', 'value': 0.3362115838853629, 'day': 74}, {'account': 'Wavelink Marine Systems', 'value': 0.21158500389026746, 'day': 82}, {'account': 'Indigoriver Ventures', 'value': 0.715417535568758, 'day': 33}, {'account': 'Northeastwind Parcel Services', 'value': -0.04077389283032509, 'day': 165}, {'account': 'Pedal & Dine Coffee', 'value': 1.7869059471759425, 'day': 42}, {'account': 'Alpinequill Publishing', 'value': 1.642463089615378, 'day': 3}, {'account': 'Terraspire Energy', 'value': 2.3254757749375488, 'day': 2}, {'account': 'Marinerock Outdoor Gear', 'value': 2.3132645081293064, 'day': 109}]",
      "link": "https://www.onyx.app/24986"
    }
  ],
  "primary_owners": [],
  "secondary_owners": []
}