{
  "id": "874db508fd3e43328aa1ba6e0e3fc458",
  "semantic_identifier": "Service Usage Data for 2025-08-25.docx",
  "title": null,
  "source": "google_doc",
  "doc_updated_at": "2025-08-25",
  "metadata": {
    "owner_names": ""
  },
  "doc_metadata": {
    "hierarchy": {
      "source_path": [
        "My Drive"
      ],
      "drive_id": null,
      "file_name": "Service Usage Data for 2025-08-25.docx",
      "mime_type": "application/vnd.openxmlformats-officedocument.wordprocessingml.document"
    }
  },
  "sections": [
    {
      "text": "[{'account': 'Vividcedar Marketing', 'value': 0.07096838584752525, 'day': 132}, {'account': 'Jadecircuit Electronics', 'value': 1.2763775408991882, 'day': 143}, {'account': 'Xenith Argo Logistics', 'value': 0.2890493829131802, 'day': 4}, {'account': 'Wavelink Marine Systems', 'value': 0.15939708299656263, 'day': 12}, {'account': 'Northeastwind Parcel Services', 'value': 0.01874630383640709, 'day': 95}, {'account': 'Marinerock Outdoor Gear', 'value': 2.0028005268080054, 'day': 39}]",
      "link": "https://www.onyx.app/92157"
    }
  ],
  "primary_owners": [],
  "secondary_owners": []
}