{
  "id": "b883b4134d0f4ebf9b6893b518506308",
  "semantic_identifier": "Service Usage Data for 2025-05-29.docx",
  "title": null,
  "source": "google_doc",
  "doc_updated_at": "2025-05-29",
  "metadata": {
    "owner_names": ""
  },
  "doc_metadata": {
    "hierarchy": {
      "source_path": [
        "My Drive"
      ],
      "drive_id": null,
      "file_name": "Service Usage Data for 2025-05-29.docx",
      "mime_type": "application/vnd.openxmlformats-officedocument.wordprocessingml.document"
    }
  },
  "sections": [
    {
      "text": "[{'account': 'Vividcedar Marketing', 'value': 0.8739879472312089, 'day': 44}, {'account': 'Jadecircuit Electronics', 'value': 1.2913264586991715, 'day': 55}, {'account': 'Northeastwind Parcel Services', 'value': 0.1655090690888766, 'day': 7}]",
      "link": "https://www.onyx.app/38387"
    }
  ],
  "primary_owners": [],
  "secondary_owners": []
}