{
  "id": "09d5693e5cbe44c0948f4d68dba92e1b",
  "semantic_identifier": "Service Usage Data for 2025-10-08.docx",
  "title": null,
  "source": "google_doc",
  "doc_updated_at": "2025-10-08",
  "metadata": {
    "owner_names": ""
  },
  "doc_metadata": {
    "hierarchy": {
      "source_path": [
        "My Drive"
      ],
      "drive_id": null,
      "file_name": "Service Usage Data for 2025-10-08.docx",
      "mime_type": "application/vnd.openxmlformats-officedocument.wordprocessingml.document"
    }
  },
  "sections": [
    {
      "text": "[{'account': 'Vividcedar Marketing', 'value': 0.6259270658615236, 'day': 176}, {'account': 'Jadecircuit Electronics', 'value': 1.0128178448370186, 'day': 187}, {'account': 'Xenith Argo Logistics', 'value': 0.18778820900464066, 'day': 48}, {'account': 'Wavelink Marine Systems', 'value': 0.6064590100971397, 'day': 56}, {'account': 'Indigoriver Ventures', 'value': 0.5517945858288803, 'day': 7}, {'account': 'Northeastwind Parcel Services', 'value': 0.009025390712018827, 'day': 139}, {'account': 'Pedal & Dine Coffee', 'value': 2.0746682611981706, 'day': 16}, {'account': 'Marinerock Outdoor Gear', 'value': 2.2189046126844745, 'day': 83}]",
      "link": "https://www.onyx.app/90445"
    }
  ],
  "primary_owners": [],
  "secondary_owners": []
}