{
  "id": "361ff10af23b4bccb97b185827f60e48",
  "semantic_identifier": "Service Usage Data for 2025-12-05.docx",
  "title": null,
  "source": "google_doc",
  "doc_updated_at": "2025-12-05",
  "metadata": {
    "owner_names": ""
  },
  "doc_metadata": {
    "hierarchy": {
      "source_path": [
        "My Drive"
      ],
      "drive_id": null,
      "file_name": "Service Usage Data for 2025-12-05.docx",
      "mime_type": "application/vnd.openxmlformats-officedocument.wordprocessingml.document"
    }
  },
  "sections": [
    {
      "text": "[{'account': 'Vividcedar Marketing', 'value': 0.5137209019245822, 'day': 234}, {'account': 'Jadecircuit Electronics', 'value': 1.3187162184482581, 'day': 245}, {'account': 'Xenith Argo Logistics', 'value': 0.486027552366023, 'day': 106}, {'account': 'Wavelink Marine Systems', 'value': 0.9264876385054786, 'day': 114}, {'account': 'Indigoriver Ventures', 'value': 1.181088850432002, 'day': 65}, {'account': 'Northeastwind Parcel Services', 'value': 0.5535521930292577, 'day': 197}, {'account': 'Pedal & Dine Coffee', 'value': 2.001963246267494, 'day': 74}, {'account': 'Zephyrroot Materials', 'value': 1.3240600925901793, 'day': 16}, {'account': 'Alpinequill Publishing', 'value': 1.5253625650999276, 'day': 35}, {'account': 'Terraspire Energy', 'value': 1.7448735284885637, 'day': 34}, {'account': 'Marinerock Outdoor Gear', 'value': 2.549960670876192, 'day': 141}, {'account': 'Xylembright Water Tech', 'value': 0.618581127164902, 'day': 15}]",
      "link": "https://www.onyx.app/46114"
    }
  ],
  "primary_owners": [],
  "secondary_owners": []
}