{
  "id": "860e739a974f4ee3bec354666933d48f",
  "semantic_identifier": "Service Usage Data for 2025-06-22.docx",
  "title": null,
  "source": "google_doc",
  "doc_updated_at": "2025-06-22",
  "metadata": {
    "owner_names": ""
  },
  "doc_metadata": {
    "hierarchy": {
      "source_path": [
        "My Drive"
      ],
      "drive_id": null,
      "file_name": "Service Usage Data for 2025-06-22.docx",
      "mime_type": "application/vnd.openxmlformats-officedocument.wordprocessingml.document"
    }
  },
  "sections": [
    {
      "text": "[{'account': 'Vividcedar Marketing', 'value': 0.047145829332209205, 'day': 68}, {'account': 'Jadecircuit Electronics', 'value': 1.786932592289077, 'day': 79}, {'account': 'Northeastwind Parcel Services', 'value': 0.2649665719737667, 'day': 31}]",
      "link": "https://www.onyx.app/27846"
    }
  ],
  "primary_owners": [],
  "secondary_owners": []
}