{
  "id": "91308e21a680440d8321f42f51629f48",
  "semantic_identifier": "Service Usage Data for 2025-12-21.docx",
  "title": null,
  "source": "google_doc",
  "doc_updated_at": "2025-12-21",
  "metadata": {
    "owner_names": ""
  },
  "doc_metadata": {
    "hierarchy": {
      "source_path": [
        "My Drive"
      ],
      "drive_id": null,
      "file_name": "Service Usage Data for 2025-12-21.docx",
      "mime_type": "application/vnd.openxmlformats-officedocument.wordprocessingml.document"
    }
  },
  "sections": [
    {
      "text": "[{'account': 'Vividcedar Marketing', 'value': 0.07984516765073885, 'day': 250}, {'account': 'Jadecircuit Electronics', 'value': 1.4572627279940373, 'day': 261}, {'account': 'Firefly Meridian Labs', 'value': 1.0619605065758548, 'day': 15}, {'account': 'Xenith Argo Logistics', 'value': 0.5131139123960848, 'day': 122}, {'account': 'Wavelink Marine Systems', 'value': 0.42343309294759024, 'day': 130}, {'account': 'Indigoriver Ventures', 'value': 0.8429381005942987, 'day': 81}, {'account': 'Circlecompass Travel', 'value': 1.7574128888682554, 'day': 6}, {'account': 'Northeastwind Parcel Services', 'value': 0.42781178798458314, 'day': 213}, {'account': 'Pedal & Dine Coffee', 'value': 1.7749847545090411, 'day': 90}, {'account': 'Zephyrroot Materials', 'value': 0.752304604983904, 'day': 32}, {'account': 'Alpinequill Publishing', 'value': 1.975405395223734, 'day': 51}, {'account': 'Terraspire Energy', 'value': 2.2104319210496675, 'day': 50}, {'account': 'Marinerock Outdoor Gear', 'value': 2.674096864294947, 'day': 157}, {'account': 'Xylembright Water Tech', 'value': 0.6744609793588718, 'day': 31}]",
      "link": "https://www.onyx.app/20583"
    }
  ],
  "primary_owners": [],
  "secondary_owners": []
}