{
  "id": "f1cb78ccee884901b1c434d85ea14dab",
  "semantic_identifier": "Service Usage Data for 2026-01-16.docx",
  "title": null,
  "source": "google_doc",
  "doc_updated_at": "2026-01-16",
  "metadata": {
    "owner_names": ""
  },
  "doc_metadata": {
    "hierarchy": {
      "source_path": [
        "My Drive"
      ],
      "drive_id": null,
      "file_name": "Service Usage Data for 2026-01-16.docx",
      "mime_type": "application/vnd.openxmlformats-officedocument.wordprocessingml.document"
    }
  },
  "sections": [
    {
      "text": "[{'account': 'Vividcedar Marketing', 'value': 0.4295878811323714, 'day': 276}, {'account': 'Jadecircuit Electronics', 'value': 1.2432316532406298, 'day': 287}, {'account': 'Firefly Meridian Labs', 'value': 0.5932898471311909, 'day': 41}, {'account': 'Xenith Argo Logistics', 'value': 0.5302563052297351, 'day': 148}, {'account': 'Wavelink Marine Systems', 'value': 0.611261393516388, 'day': 156}, {'account': 'Indigoriver Ventures', 'value': 1.4553861580142369, 'day': 107}, {'account': 'Circlecompass Travel', 'value': 1.8240141414822237, 'day': 32}, {'account': 'Northeastwind Parcel Services', 'value': 0.40712556750661943, 'day': 239}, {'account': 'Pedal & Dine Coffee', 'value': 1.9088935858316578, 'day': 116}, {'account': 'Zephyrroot Materials', 'value': 1.2711145798422712, 'day': 58}, {'account': 'Alpinequill Publishing', 'value': 1.5415589458698822, 'day': 77}, {'account': 'Terraspire Energy', 'value': 1.9193373157111049, 'day': 76}, {'account': 'Marinerock Outdoor Gear', 'value': 2.8558089197930547, 'day': 183}, {'account': 'Xylembright Water Tech', 'value': 0.8547358097372835, 'day': 57}]",
      "link": "https://www.onyx.app/20124"
    }
  ],
  "primary_owners": [],
  "secondary_owners": []
}