{
  "id": "83d6dff66e8b48e58ae55b909d669e08",
  "semantic_identifier": "Service Usage Data for 2025-11-22.docx",
  "title": null,
  "source": "google_doc",
  "doc_updated_at": "2025-11-22",
  "metadata": {
    "owner_names": ""
  },
  "doc_metadata": {
    "hierarchy": {
      "source_path": [
        "My Drive"
      ],
      "drive_id": null,
      "file_name": "Service Usage Data for 2025-11-22.docx",
      "mime_type": "application/vnd.openxmlformats-officedocument.wordprocessingml.document"
    }
  },
  "sections": [
    {
      "text": "[{'account': 'Vividcedar Marketing', 'value': 0.00043984369846120086, 'day': 221}, {'account': 'Jadecircuit Electronics', 'value': 1.42412317177497, 'day': 232}, {'account': 'Xenith Argo Logistics', 'value': 0.56684372538123, 'day': 93}, {'account': 'Wavelink Marine Systems', 'value': 0.6723782776028642, 'day': 101}, {'account': 'Indigoriver Ventures', 'value': 1.23705419863468, 'day': 52}, {'account': 'Northeastwind Parcel Services', 'value': 0.27731048895365606, 'day': 184}, {'account': 'Pedal & Dine Coffee', 'value': 1.5687091392864574, 'day': 61}, {'account': 'Zephyrroot Materials', 'value': 1.02982277095644, 'day': 3}, {'account': 'Alpinequill Publishing', 'value': 1.752232836213951, 'day': 22}, {'account': 'Terraspire Energy', 'value': 1.8302605708133415, 'day': 21}, {'account': 'Marinerock Outdoor Gear', 'value': 2.665759972807062, 'day': 128}, {'account': 'Xylembright Water Tech', 'value': 0.7870684534771019, 'day': 2}]",
      "link": "https://www.onyx.app/78887"
    }
  ],
  "primary_owners": [],
  "secondary_owners": []
}