{
  "id": "fd027c58a4434e7eaccedc30432cb0b8",
  "semantic_identifier": "Service Usage Data for 2025-07-14.docx",
  "title": null,
  "source": "google_doc",
  "doc_updated_at": "2025-07-14",
  "metadata": {
    "owner_names": ""
  },
  "doc_metadata": {
    "hierarchy": {
      "source_path": [
        "My Drive"
      ],
      "drive_id": null,
      "file_name": "Service Usage Data for 2025-07-14.docx",
      "mime_type": "application/vnd.openxmlformats-officedocument.wordprocessingml.document"
    }
  },
  "sections": [
    {
      "text": "[{'account': 'Vividcedar Marketing', 'value': 0.0811686156163233, 'day': 90}, {'account': 'Jadecircuit Electronics', 'value': 1.66938444353116, 'day': 101}, {'account': 'Northeastwind Parcel Services', 'value': 0.32758117357500305, 'day': 53}]",
      "link": "https://www.onyx.app/26136"
    }
  ],
  "primary_owners": [],
  "secondary_owners": []
}