{
  "id": "90fd04ded3fa4b20bf79bc36429aec90",
  "semantic_identifier": "Service Usage Data for 2025-04-29.docx",
  "title": null,
  "source": "google_doc",
  "doc_updated_at": "2025-04-29",
  "metadata": {
    "owner_names": ""
  },
  "doc_metadata": {
    "hierarchy": {
      "source_path": [
        "My Drive"
      ],
      "drive_id": null,
      "file_name": "Service Usage Data for 2025-04-29.docx",
      "mime_type": "application/vnd.openxmlformats-officedocument.wordprocessingml.document"
    }
  },
  "sections": [
    {
      "text": "[{'account': 'Vividcedar Marketing', 'value': 0.7185128431771677, 'day': 14}, {'account': 'Jadecircuit Electronics', 'value': 1.2466932605652177, 'day': 25}]",
      "link": "https://www.onyx.app/74519"
    }
  ],
  "primary_owners": [],
  "secondary_owners": []
}