{
  "id": "4404c51d957142a9b4a09e09cf66ec15",
  "semantic_identifier": "Service Usage Data for 2025-04-30.docx",
  "title": null,
  "source": "google_doc",
  "doc_updated_at": "2025-04-30",
  "metadata": {
    "owner_names": ""
  },
  "doc_metadata": {
    "hierarchy": {
      "source_path": [
        "My Drive"
      ],
      "drive_id": null,
      "file_name": "Service Usage Data for 2025-04-30.docx",
      "mime_type": "application/vnd.openxmlformats-officedocument.wordprocessingml.document"
    }
  },
  "sections": [
    {
      "text": "[{'account': 'Vividcedar Marketing', 'value': 0.800205306732843, 'day': 15}, {'account': 'Jadecircuit Electronics', 'value': 1.190375738327115, 'day': 26}]",
      "link": "https://www.onyx.app/91931"
    }
  ],
  "primary_owners": [],
  "secondary_owners": []
}