{
  "id": "1f7021a3c8fb42bb977b3b8b2e84970d",
  "semantic_identifier": "Service Usage Data for 2025-06-27.docx",
  "title": null,
  "source": "google_doc",
  "doc_updated_at": "2025-06-27",
  "metadata": {
    "owner_names": ""
  },
  "doc_metadata": {
    "hierarchy": {
      "source_path": [
        "My Drive"
      ],
      "drive_id": null,
      "file_name": "Service Usage Data for 2025-06-27.docx",
      "mime_type": "application/vnd.openxmlformats-officedocument.wordprocessingml.document"
    }
  },
  "sections": [
    {
      "text": "[{'account': 'Vividcedar Marketing', 'value': 0.6583078173520505, 'day': 73}, {'account': 'Jadecircuit Electronics', 'value': 1.399321121595978, 'day': 84}, {'account': 'Northeastwind Parcel Services', 'value': 0.5932980056194382, 'day': 36}]",
      "link": "https://www.onyx.app/15735"
    }
  ],
  "primary_owners": [],
  "secondary_owners": []
}