{
  "id": "9b83e9cb555e47828d10501231956811",
  "semantic_identifier": "Service Usage Data for 2025-04-22.docx",
  "title": null,
  "source": "google_doc",
  "doc_updated_at": "2025-04-22",
  "metadata": {
    "owner_names": ""
  },
  "doc_metadata": {
    "hierarchy": {
      "source_path": [
        "My Drive"
      ],
      "drive_id": null,
      "file_name": "Service Usage Data for 2025-04-22.docx",
      "mime_type": "application/vnd.openxmlformats-officedocument.wordprocessingml.document"
    }
  },
  "sections": [
    {
      "text": "[{'account': 'Vividcedar Marketing', 'value': 0.5599196123557646, 'day': 7}, {'account': 'Jadecircuit Electronics', 'value': 1.3665848548919846, 'day': 18}]",
      "link": "https://www.onyx.app/58255"
    }
  ],
  "primary_owners": [],
  "secondary_owners": []
}