{
  "id": "42e9fe5178524d22afccd1877fdc4dbb",
  "semantic_identifier": "Service Usage Data for 2026-01-23.docx",
  "title": null,
  "source": "google_doc",
  "doc_updated_at": "2026-01-23",
  "metadata": {
    "owner_names": ""
  },
  "doc_metadata": {
    "hierarchy": {
      "source_path": [
        "My Drive"
      ],
      "drive_id": null,
      "file_name": "Service Usage Data for 2026-01-23.docx",
      "mime_type": "application/vnd.openxmlformats-officedocument.wordprocessingml.document"
    }
  },
  "sections": [
    {
      "text": "[{'account': 'Vividcedar Marketing', 'value': 0.3703076345681683, 'day': 283}, {'account': 'Jadecircuit Electronics', 'value': 1.0995533811545846, 'day': 294}, {'account': 'Firefly Meridian Labs', 'value': 0.45208324177859177, 'day': 48}, {'account': 'Xenith Argo Logistics', 'value': 0.6259214502226194, 'day': 155}, {'account': 'Wavelink Marine Systems', 'value': 0.8756278642482183, 'day': 163}, {'account': 'Indigoriver Ventures', 'value': 1.4920480539799759, 'day': 114}, {'account': 'Circlecompass Travel', 'value': 1.920697536592059, 'day': 39}, {'account': 'Northeastwind Parcel Services', 'value': 0.3112303305936073, 'day': 246}, {'account': 'Pedal & Dine Coffee', 'value': 1.7889255748562212, 'day': 123}, {'account': 'Zephyrroot Materials', 'value': 1.226979926913231, 'day': 65}, {'account': 'Alpinequill Publishing', 'value': 1.6951115118554059, 'day': 84}, {'account': 'Terraspire Energy', 'value': 1.8262414644399756, 'day': 83}, {'account': 'Marinerock Outdoor Gear', 'value': 2.682477530650816, 'day': 190}, {'account': 'Xylembright Water Tech', 'value': 0.6544466727811374, 'day': 64}]",
      "link": "https://www.onyx.app/79678"
    }
  ],
  "primary_owners": [],
  "secondary_owners": []
}