{
  "id": "4683559ef2c8489b9c12d5812f1bc698",
  "semantic_identifier": "Service Usage Data for 2025-07-21.docx",
  "title": null,
  "source": "google_doc",
  "doc_updated_at": "2025-07-21",
  "metadata": {
    "owner_names": ""
  },
  "doc_metadata": {
    "hierarchy": {
      "source_path": [
        "My Drive"
      ],
      "drive_id": null,
      "file_name": "Service Usage Data for 2025-07-21.docx",
      "mime_type": "application/vnd.openxmlformats-officedocument.wordprocessingml.document"
    }
  },
  "sections": [
    {
      "text": "[{'account': 'Vividcedar Marketing', 'value': 0.37453179834873895, 'day': 97}, {'account': 'Jadecircuit Electronics', 'value': 1.346523443967315, 'day': 108}, {'account': 'Northeastwind Parcel Services', 'value': 0.23235508154481654, 'day': 60}, {'account': 'Marinerock Outdoor Gear', 'value': 1.9193711831472071, 'day': 4}]",
      "link": "https://www.onyx.app/36114"
    }
  ],
  "primary_owners": [],
  "secondary_owners": []
}