{
  "id": "b1716795b42c456f99e80c4459b637b5",
  "semantic_identifier": "Service Usage Data for 2025-12-14.docx",
  "title": null,
  "source": "google_doc",
  "doc_updated_at": "2025-12-14",
  "metadata": {
    "owner_names": ""
  },
  "doc_metadata": {
    "hierarchy": {
      "source_path": [
        "My Drive"
      ],
      "drive_id": null,
      "file_name": "Service Usage Data for 2025-12-14.docx",
      "mime_type": "application/vnd.openxmlformats-officedocument.wordprocessingml.document"
    }
  },
  "sections": [
    {
      "text": "[{'account': 'Vividcedar Marketing', 'value': 0.17168611962191416, 'day': 243}, {'account': 'Jadecircuit Electronics', 'value': 1.6397719470718715, 'day': 254}, {'account': 'Firefly Meridian Labs', 'value': 1.2023057232479193, 'day': 8}, {'account': 'Xenith Argo Logistics', 'value': 0.33123446081691643, 'day': 115}, {'account': 'Wavelink Marine Systems', 'value': 0.39352443393037273, 'day': 123}, {'account': 'Indigoriver Ventures', 'value': 1.0535936816935303, 'day': 74}, {'account': 'Northeastwind Parcel Services', 'value': 0.2666150806291828, 'day': 206}, {'account': 'Pedal & Dine Coffee', 'value': 1.5387413838998096, 'day': 83}, {'account': 'Zephyrroot Materials', 'value': 0.8598351716992807, 'day': 25}, {'account': 'Alpinequill Publishing', 'value': 1.6956144208839208, 'day': 44}, {'account': 'Terraspire Energy', 'value': 2.2674503803725385, 'day': 43}, {'account': 'Marinerock Outdoor Gear', 'value': 2.5650902851029382, 'day': 150}, {'account': 'Xylembright Water Tech', 'value': 0.6535091155039344, 'day': 24}]",
      "link": "https://www.onyx.app/53503"
    }
  ],
  "primary_owners": [],
  "secondary_owners": []
}