{
  "id": "943b2484b24a4c76bb33de659518d056",
  "semantic_identifier": "Service Usage Data for 2025-05-11.docx",
  "title": null,
  "source": "google_doc",
  "doc_updated_at": "2025-05-11",
  "metadata": {
    "owner_names": ""
  },
  "doc_metadata": {
    "hierarchy": {
      "source_path": [
        "My Drive"
      ],
      "drive_id": null,
      "file_name": "Service Usage Data for 2025-05-11.docx",
      "mime_type": "application/vnd.openxmlformats-officedocument.wordprocessingml.document"
    }
  },
  "sections": [
    {
      "text": "[{'account': 'Vividcedar Marketing', 'value': 0.4089061356555459, 'day': 26}, {'account': 'Jadecircuit Electronics', 'value': 1.6587575697269092, 'day': 37}]",
      "link": "https://www.onyx.app/89475"
    }
  ],
  "primary_owners": [],
  "secondary_owners": []
}