{
  "id": "cddfadcdaf3440bb83830cc9f2d815fe",
  "semantic_identifier": "Service Usage Data for 2025-11-24.docx",
  "title": null,
  "source": "google_doc",
  "doc_updated_at": "2025-11-24",
  "metadata": {
    "owner_names": ""
  },
  "doc_metadata": {
    "hierarchy": {
      "source_path": [
        "My Drive"
      ],
      "drive_id": null,
      "file_name": "Service Usage Data for 2025-11-24.docx",
      "mime_type": "application/vnd.openxmlformats-officedocument.wordprocessingml.document"
    }
  },
  "sections": [
    {
      "text": "[{'account': 'Vividcedar Marketing', 'value': -0.012319832570716505, 'day': 223}, {'account': 'Jadecircuit Electronics', 'value': 1.5697622419725754, 'day': 234}, {'account': 'Xenith Argo Logistics', 'value': 0.23060188804955728, 'day': 95}, {'account': 'Wavelink Marine Systems', 'value': 0.3312037309090343, 'day': 103}, {'account': 'Indigoriver Ventures', 'value': 0.656776371753419, 'day': 54}, {'account': 'Northeastwind Parcel Services', 'value': -0.04318535747108798, 'day': 186}, {'account': 'Pedal & Dine Coffee', 'value': 1.918886317574155, 'day': 63}, {'account': 'Zephyrroot Materials', 'value': 0.9005210746219312, 'day': 5}, {'account': 'Alpinequill Publishing', 'value': 1.5975267126912092, 'day': 24}, {'account': 'Terraspire Energy', 'value': 2.070074129437523, 'day': 23}, {'account': 'Marinerock Outdoor Gear', 'value': 2.2821061789634483, 'day': 130}, {'account': 'Xylembright Water Tech', 'value': 0.552643863260809, 'day': 4}]",
      "link": "https://www.onyx.app/63104"
    }
  ],
  "primary_owners": [],
  "secondary_owners": []
}