{
  "id": "c09e82658f504374aa90509a1392866b",
  "semantic_identifier": "Service Usage Data for 2025-10-05.docx",
  "title": null,
  "source": "google_doc",
  "doc_updated_at": "2025-10-05",
  "metadata": {
    "owner_names": ""
  },
  "doc_metadata": {
    "hierarchy": {
      "source_path": [
        "My Drive"
      ],
      "drive_id": null,
      "file_name": "Service Usage Data for 2025-10-05.docx",
      "mime_type": "application/vnd.openxmlformats-officedocument.wordprocessingml.document"
    }
  },
  "sections": [
    {
      "text": "[{'account': 'Vividcedar Marketing', 'value': 0.11798645564026458, 'day': 173}, {'account': 'Jadecircuit Electronics', 'value': 1.5251184016273855, 'day': 184}, {'account': 'Xenith Argo Logistics', 'value': 0.27612555035541897, 'day': 45}, {'account': 'Wavelink Marine Systems', 'value': 0.6139761887256164, 'day': 53}, {'account': 'Indigoriver Ventures', 'value': 0.42871514848220404, 'day': 4}, {'account': 'Northeastwind Parcel Services', 'value': 0.26941691191863804, 'day': 136}, {'account': 'Pedal & Dine Coffee', 'value': 1.5987793610990195, 'day': 13}, {'account': 'Marinerock Outdoor Gear', 'value': 2.339325590625143, 'day': 80}]",
      "link": "https://www.onyx.app/61043"
    }
  ],
  "primary_owners": [],
  "secondary_owners": []
}