{
  "id": "b174ee6e2235470da91fed5c0321e01b",
  "semantic_identifier": "Service Usage Data for 2025-09-16.docx",
  "title": null,
  "source": "google_doc",
  "doc_updated_at": "2025-09-16",
  "metadata": {
    "owner_names": ""
  },
  "doc_metadata": {
    "hierarchy": {
      "source_path": [
        "My Drive"
      ],
      "drive_id": null,
      "file_name": "Service Usage Data for 2025-09-16.docx",
      "mime_type": "application/vnd.openxmlformats-officedocument.wordprocessingml.document"
    }
  },
  "sections": [
    {
      "text": "[{'account': 'Vividcedar Marketing', 'value': 0.35128394998010315, 'day': 154}, {'account': 'Jadecircuit Electronics', 'value': 1.1825830232435146, 'day': 165}, {'account': 'Xenith Argo Logistics', 'value': -0.06485673411586991, 'day': 26}, {'account': 'Wavelink Marine Systems', 'value': 0.5185635317290407, 'day': 34}, {'account': 'Northeastwind Parcel Services', 'value': -0.06660253337653549, 'day': 117}, {'account': 'Marinerock Outdoor Gear', 'value': 1.9344818829225328, 'day': 61}]",
      "link": "https://www.onyx.app/27753"
    }
  ],
  "primary_owners": [],
  "secondary_owners": []
}