{
  "id": "3c51a9d33036453aba1346adf1849c37",
  "semantic_identifier": "Service Usage Data for 2025-05-22.docx",
  "title": null,
  "source": "google_doc",
  "doc_updated_at": "2025-05-22",
  "metadata": {
    "owner_names": ""
  },
  "doc_metadata": {
    "hierarchy": {
      "source_path": [
        "My Drive"
      ],
      "drive_id": null,
      "file_name": "Service Usage Data for 2025-05-22.docx",
      "mime_type": "application/vnd.openxmlformats-officedocument.wordprocessingml.document"
    }
  },
  "sections": [
    {
      "text": "[{'account': 'Vividcedar Marketing', 'value': 0.9207185593719958, 'day': 37}, {'account': 'Jadecircuit Electronics', 'value': 1.1659157390342743, 'day': 48}]",
      "link": "https://www.onyx.app/75081"
    }
  ],
  "primary_owners": [],
  "secondary_owners": []
}