{
  "id": "ee2d6e94647a4bbcad858c64d1924d1f",
  "semantic_identifier": "Service Usage Data for 2025-12-06.docx",
  "title": null,
  "source": "google_doc",
  "doc_updated_at": "2025-12-06",
  "metadata": {
    "owner_names": ""
  },
  "doc_metadata": {
    "hierarchy": {
      "source_path": [
        "My Drive"
      ],
      "drive_id": null,
      "file_name": "Service Usage Data for 2025-12-06.docx",
      "mime_type": "application/vnd.openxmlformats-officedocument.wordprocessingml.document"
    }
  },
  "sections": [
    {
      "text": "[{'account': 'Vividcedar Marketing', 'value': 0.18466376874181584, 'day': 235}, {'account': 'Jadecircuit Electronics', 'value': 1.3685896367249413, 'day': 246}, {'account': 'Xenith Argo Logistics', 'value': 0.4838285115151696, 'day': 107}, {'account': 'Wavelink Marine Systems', 'value': 0.8125572249369306, 'day': 115}, {'account': 'Indigoriver Ventures', 'value': 1.1562822285833352, 'day': 66}, {'account': 'Northeastwind Parcel Services', 'value': 0.5276521439623141, 'day': 198}, {'account': 'Pedal & Dine Coffee', 'value': 1.6581719339774277, 'day': 75}, {'account': 'Zephyrroot Materials', 'value': 1.3865474816458545, 'day': 17}, {'account': 'Alpinequill Publishing', 'value': 1.7256294665185128, 'day': 36}, {'account': 'Terraspire Energy', 'value': 2.085475736975354, 'day': 35}, {'account': 'Marinerock Outdoor Gear', 'value': 2.7511478917701515, 'day': 142}, {'account': 'Xylembright Water Tech', 'value': 0.7408515007931686, 'day': 16}]",
      "link": "https://www.onyx.app/46612"
    }
  ],
  "primary_owners": [],
  "secondary_owners": []
}