{
  "id": "da61b81018d44d34ab7fef2a07c7d435",
  "semantic_identifier": "Service Usage Data for 2025-09-02.docx",
  "title": null,
  "source": "google_doc",
  "doc_updated_at": "2025-09-02",
  "metadata": {
    "owner_names": ""
  },
  "doc_metadata": {
    "hierarchy": {
      "source_path": [
        "My Drive"
      ],
      "drive_id": null,
      "file_name": "Service Usage Data for 2025-09-02.docx",
      "mime_type": "application/vnd.openxmlformats-officedocument.wordprocessingml.document"
    }
  },
  "sections": [
    {
      "text": "[{'account': 'Vividcedar Marketing', 'value': 0.2701705901872971, 'day': 140}, {'account': 'Jadecircuit Electronics', 'value': 1.388624486613225, 'day': 151}, {'account': 'Xenith Argo Logistics', 'value': 0.2180618456813032, 'day': 12}, {'account': 'Wavelink Marine Systems', 'value': 0.32069999152264794, 'day': 20}, {'account': 'Northeastwind Parcel Services', 'value': -0.1941989403144257, 'day': 103}, {'account': 'Marinerock Outdoor Gear', 'value': 1.8196787142773725, 'day': 47}]",
      "link": "https://www.onyx.app/75352"
    }
  ],
  "primary_owners": [],
  "secondary_owners": []
}