{
  "id": "d2773b4dcc22413eb30f029c3ed3329b",
  "semantic_identifier": "Service Usage Data for 2025-06-21.docx",
  "title": null,
  "source": "google_doc",
  "doc_updated_at": "2025-06-21",
  "metadata": {
    "owner_names": ""
  },
  "doc_metadata": {
    "hierarchy": {
      "source_path": [
        "My Drive"
      ],
      "drive_id": null,
      "file_name": "Service Usage Data for 2025-06-21.docx",
      "mime_type": "application/vnd.openxmlformats-officedocument.wordprocessingml.document"
    }
  },
  "sections": [
    {
      "text": "[{'account': 'Vividcedar Marketing', 'value': 0.3025750783568566, 'day': 67}, {'account': 'Jadecircuit Electronics', 'value': 1.7546928513278066, 'day': 78}, {'account': 'Northeastwind Parcel Services', 'value': 0.6284336620247659, 'day': 30}]",
      "link": "https://www.onyx.app/57623"
    }
  ],
  "primary_owners": [],
  "secondary_owners": []
}