{
  "id": "bbf46d17f9ae466fb7ef956ef8e9f48a",
  "semantic_identifier": "Service Usage Data for 2025-08-28.docx",
  "title": null,
  "source": "google_doc",
  "doc_updated_at": "2025-08-28",
  "metadata": {
    "owner_names": ""
  },
  "doc_metadata": {
    "hierarchy": {
      "source_path": [
        "My Drive"
      ],
      "drive_id": null,
      "file_name": "Service Usage Data for 2025-08-28.docx",
      "mime_type": "application/vnd.openxmlformats-officedocument.wordprocessingml.document"
    }
  },
  "sections": [
    {
      "text": "[{'account': 'Vividcedar Marketing', 'value': 0.5308600296909487, 'day': 135}, {'account': 'Jadecircuit Electronics', 'value': 1.281677014003444, 'day': 146}, {'account': 'Xenith Argo Logistics', 'value': 0.49754039650892484, 'day': 7}, {'account': 'Wavelink Marine Systems', 'value': 0.689745989486728, 'day': 15}, {'account': 'Northeastwind Parcel Services', 'value': 0.054329846028568995, 'day': 98}, {'account': 'Marinerock Outdoor Gear', 'value': 2.2022834975209515, 'day': 42}]",
      "link": "https://www.onyx.app/51954"
    }
  ],
  "primary_owners": [],
  "secondary_owners": []
}