{
  "id": "2e6ac414b5e6412f8255fec59fd82f33",
  "semantic_identifier": "Service Usage Data for 2025-07-19.docx",
  "title": null,
  "source": "google_doc",
  "doc_updated_at": "2025-07-19",
  "metadata": {
    "owner_names": ""
  },
  "doc_metadata": {
    "hierarchy": {
      "source_path": [
        "My Drive"
      ],
      "drive_id": null,
      "file_name": "Service Usage Data for 2025-07-19.docx",
      "mime_type": "application/vnd.openxmlformats-officedocument.wordprocessingml.document"
    }
  },
  "sections": [
    {
      "text": "[{'account': 'Vividcedar Marketing', 'value': 0.38973904228464623, 'day': 95}, {'account': 'Jadecircuit Electronics', 'value': 1.4278168069703516, 'day': 106}, {'account': 'Northeastwind Parcel Services', 'value': 0.569489408363195, 'day': 58}, {'account': 'Marinerock Outdoor Gear', 'value': 2.6179490302572996, 'day': 2}]",
      "link": "https://www.onyx.app/51340"
    }
  ],
  "primary_owners": [],
  "secondary_owners": []
}