{
  "id": "0c557132da9648469800a07677196bbe",
  "semantic_identifier": "Service Usage Data for 2026-01-07.docx",
  "title": null,
  "source": "google_doc",
  "doc_updated_at": "2026-01-07",
  "metadata": {
    "owner_names": ""
  },
  "doc_metadata": {
    "hierarchy": {
      "source_path": [
        "My Drive"
      ],
      "drive_id": null,
      "file_name": "Service Usage Data for 2026-01-07.docx",
      "mime_type": "application/vnd.openxmlformats-officedocument.wordprocessingml.document"
    }
  },
  "sections": [
    {
      "text": "[{'account': 'Vividcedar Marketing', 'value': 0.48837557279783483, 'day': 267}, {'account': 'Jadecircuit Electronics', 'value': 0.7814655348629593, 'day': 278}, {'account': 'Firefly Meridian Labs', 'value': 0.8067725078558569, 'day': 32}, {'account': 'Xenith Argo Logistics', 'value': 0.024106160038953106, 'day': 139}, {'account': 'Wavelink Marine Systems', 'value': 0.3316717532065231, 'day': 147}, {'account': 'Indigoriver Ventures', 'value': 1.121261983951164, 'day': 98}, {'account': 'Circlecompass Travel', 'value': 2.4401456480633463, 'day': 23}, {'account': 'Northeastwind Parcel Services', 'value': 0.04865357718129387, 'day': 230}, {'account': 'Pedal & Dine Coffee', 'value': 2.1192219317458654, 'day': 107}, {'account': 'Zephyrroot Materials', 'value': 0.8831908754524538, 'day': 49}, {'account': 'Alpinequill Publishing', 'value': 1.3919101935186833, 'day': 68}, {'account': 'Terraspire Energy', 'value': 1.8977290734143764, 'day': 67}, {'account': 'Marinerock Outdoor Gear', 'value': 2.246756397196829, 'day': 174}, {'account': 'Xylembright Water Tech', 'value': 0.227182667898857, 'day': 48}]",
      "link": "https://www.onyx.app/32481"
    }
  ],
  "primary_owners": [],
  "secondary_owners": []
}