{
  "id": "3ccb119a9678456db3cb28f15dc852c0",
  "semantic_identifier": "Service Usage Data for 2025-06-14.docx",
  "title": null,
  "source": "google_doc",
  "doc_updated_at": "2025-06-14",
  "metadata": {
    "owner_names": ""
  },
  "doc_metadata": {
    "hierarchy": {
      "source_path": [
        "My Drive"
      ],
      "drive_id": null,
      "file_name": "Service Usage Data for 2025-06-14.docx",
      "mime_type": "application/vnd.openxmlformats-officedocument.wordprocessingml.document"
    }
  },
  "sections": [
    {
      "text": "[{'account': 'Vividcedar Marketing', 'value': 0.16403881547522567, 'day': 60}, {'account': 'Jadecircuit Electronics', 'value': 1.6029887664647637, 'day': 71}, {'account': 'Northeastwind Parcel Services', 'value': 0.6073808095561498, 'day': 23}]",
      "link": "https://www.onyx.app/41238"
    }
  ],
  "primary_owners": [],
  "secondary_owners": []
}