{
  "id": "76be9973395a49c0853521d33c9acccd",
  "semantic_identifier": "Service Usage Data for 2025-10-29.docx",
  "title": null,
  "source": "google_doc",
  "doc_updated_at": "2025-10-29",
  "metadata": {
    "owner_names": ""
  },
  "doc_metadata": {
    "hierarchy": {
      "source_path": [
        "My Drive"
      ],
      "drive_id": null,
      "file_name": "Service Usage Data for 2025-10-29.docx",
      "mime_type": "application/vnd.openxmlformats-officedocument.wordprocessingml.document"
    }
  },
  "sections": [
    {
      "text": "[{'account': 'Vividcedar Marketing', 'value': 0.6560032895640682, 'day': 197}, {'account': 'Jadecircuit Electronics', 'value': 1.0688783243373685, 'day': 208}, {'account': 'Xenith Argo Logistics', 'value': 0.012331656107418904, 'day': 69}, {'account': 'Wavelink Marine Systems', 'value': 0.5579803415196181, 'day': 77}, {'account': 'Indigoriver Ventures', 'value': 1.0189968062200192, 'day': 28}, {'account': 'Northeastwind Parcel Services', 'value': -0.2656600727302438, 'day': 160}, {'account': 'Pedal & Dine Coffee', 'value': 1.9933125769356965, 'day': 37}, {'account': 'Marinerock Outdoor Gear', 'value': 2.1542230179560056, 'day': 104}]",
      "link": "https://www.onyx.app/39494"
    }
  ],
  "primary_owners": [],
  "secondary_owners": []
}