{
  "id": "9ebf91fc3e8f4a8394d53854300e99e7",
  "semantic_identifier": "Service Usage Data for 2025-11-08.docx",
  "title": null,
  "source": "google_doc",
  "doc_updated_at": "2025-11-08",
  "metadata": {
    "owner_names": ""
  },
  "doc_metadata": {
    "hierarchy": {
      "source_path": [
        "My Drive"
      ],
      "drive_id": null,
      "file_name": "Service Usage Data for 2025-11-08.docx",
      "mime_type": "application/vnd.openxmlformats-officedocument.wordprocessingml.document"
    }
  },
  "sections": [
    {
      "text": "[{'account': 'Vividcedar Marketing', 'value': 0.22291009645125318, 'day': 207}, {'account': 'Jadecircuit Electronics', 'value': 1.4545041252750097, 'day': 218}, {'account': 'Xenith Argo Logistics', 'value': 0.7481794372281304, 'day': 79}, {'account': 'Wavelink Marine Systems', 'value': 0.7311246383982908, 'day': 87}, {'account': 'Indigoriver Ventures', 'value': 1.2065422276165854, 'day': 38}, {'account': 'Northeastwind Parcel Services', 'value': 0.4247290199340907, 'day': 170}, {'account': 'Pedal & Dine Coffee', 'value': 1.421124930409099, 'day': 47}, {'account': 'Alpinequill Publishing', 'value': 1.7794962708640838, 'day': 8}, {'account': 'Terraspire Energy', 'value': 1.787489248524209, 'day': 7}, {'account': 'Marinerock Outdoor Gear', 'value': 2.9240685985741974, 'day': 114}]",
      "link": "https://www.onyx.app/50088"
    }
  ],
  "primary_owners": [],
  "secondary_owners": []
}