{
  "id": "7c497a4da58344d89782413480f543ed",
  "semantic_identifier": "Service Usage Data for 2026-01-09.docx",
  "title": null,
  "source": "google_doc",
  "doc_updated_at": "2026-01-09",
  "metadata": {
    "owner_names": ""
  },
  "doc_metadata": {
    "hierarchy": {
      "source_path": [
        "My Drive"
      ],
      "drive_id": null,
      "file_name": "Service Usage Data for 2026-01-09.docx",
      "mime_type": "application/vnd.openxmlformats-officedocument.wordprocessingml.document"
    }
  },
  "sections": [
    {
      "text": "[{'account': 'Vividcedar Marketing', 'value': 0.4330479983660422, 'day': 269}, {'account': 'Jadecircuit Electronics', 'value': 1.107153055665809, 'day': 280}, {'account': 'Firefly Meridian Labs', 'value': 0.6399890155260743, 'day': 34}, {'account': 'Xenith Argo Logistics', 'value': 0.5378887087247477, 'day': 141}, {'account': 'Wavelink Marine Systems', 'value': 0.9731551954896497, 'day': 149}, {'account': 'Indigoriver Ventures', 'value': 1.2901697308308453, 'day': 100}, {'account': 'Circlecompass Travel', 'value': 1.8169627790199712, 'day': 25}, {'account': 'Northeastwind Parcel Services', 'value': 0.393619023277231, 'day': 232}, {'account': 'Pedal & Dine Coffee', 'value': 2.018107159413054, 'day': 109}, {'account': 'Zephyrroot Materials', 'value': 1.1625082742383093, 'day': 51}, {'account': 'Alpinequill Publishing', 'value': 1.7514437283906452, 'day': 70}, {'account': 'Terraspire Energy', 'value': 1.90889555201812, 'day': 69}, {'account': 'Marinerock Outdoor Gear', 'value': 2.683449491798021, 'day': 176}, {'account': 'Xylembright Water Tech', 'value': 0.7275928592258983, 'day': 50}]",
      "link": "https://www.onyx.app/98600"
    }
  ],
  "primary_owners": [],
  "secondary_owners": []
}