{
  "id": "3f819df59e8f435aa81868dd38fa6b48",
  "semantic_identifier": "Service Usage Data for 2026-01-10.docx",
  "title": null,
  "source": "google_doc",
  "doc_updated_at": "2026-01-10",
  "metadata": {
    "owner_names": ""
  },
  "doc_metadata": {
    "hierarchy": {
      "source_path": [
        "My Drive"
      ],
      "drive_id": null,
      "file_name": "Service Usage Data for 2026-01-10.docx",
      "mime_type": "application/vnd.openxmlformats-officedocument.wordprocessingml.document"
    }
  },
  "sections": [
    {
      "text": "[{'account': 'Vividcedar Marketing', 'value': 0.17960740411790235, 'day': 270}, {'account': 'Jadecircuit Electronics', 'value': 1.5663141705542232, 'day': 281}, {'account': 'Firefly Meridian Labs', 'value': 0.9380185032420152, 'day': 35}, {'account': 'Xenith Argo Logistics', 'value': 0.6792375655019476, 'day': 142}, {'account': 'Wavelink Marine Systems', 'value': 0.8161193739281236, 'day': 150}, {'account': 'Indigoriver Ventures', 'value': 1.34562813680319, 'day': 101}, {'account': 'Circlecompass Travel', 'value': 1.8675621104573652, 'day': 26}, {'account': 'Northeastwind Parcel Services', 'value': 0.3347645376930082, 'day': 233}, {'account': 'Pedal & Dine Coffee', 'value': 1.5438638263849755, 'day': 110}, {'account': 'Zephyrroot Materials', 'value': 1.120522444357053, 'day': 52}, {'account': 'Alpinequill Publishing', 'value': 1.9093055514239756, 'day': 71}, {'account': 'Terraspire Energy', 'value': 2.250360754710134, 'day': 70}, {'account': 'Marinerock Outdoor Gear', 'value': 2.886869858812249, 'day': 177}, {'account': 'Xylembright Water Tech', 'value': 0.6935021344440313, 'day': 51}]",
      "link": "https://www.onyx.app/42818"
    }
  ],
  "primary_owners": [],
  "secondary_owners": []
}