{
  "id": "30f98e1e57cc4e868569951a218195d7",
  "semantic_identifier": "Service Usage Data for 2025-08-02.docx",
  "title": null,
  "source": "google_doc",
  "doc_updated_at": "2025-08-02",
  "metadata": {
    "owner_names": ""
  },
  "doc_metadata": {
    "hierarchy": {
      "source_path": [
        "My Drive"
      ],
      "drive_id": null,
      "file_name": "Service Usage Data for 2025-08-02.docx",
      "mime_type": "application/vnd.openxmlformats-officedocument.wordprocessingml.document"
    }
  },
  "sections": [
    {
      "text": "[{'account': 'Vividcedar Marketing', 'value': 0.48457080348865295, 'day': 109}, {'account': 'Jadecircuit Electronics', 'value': 1.6591490443342123, 'day': 120}, {'account': 'Northeastwind Parcel Services', 'value': 0.7403712982109911, 'day': 72}, {'account': 'Marinerock Outdoor Gear', 'value': 2.70038150256872, 'day': 16}]",
      "link": "https://www.onyx.app/98467"
    }
  ],
  "primary_owners": [],
  "secondary_owners": []
}