{
  "id": "a65e7b85bf3c4dfe9428f50dd0b943b7",
  "semantic_identifier": "Service Usage Data for 2025-07-30.docx",
  "title": null,
  "source": "google_doc",
  "doc_updated_at": "2025-07-30",
  "metadata": {
    "owner_names": ""
  },
  "doc_metadata": {
    "hierarchy": {
      "source_path": [
        "My Drive"
      ],
      "drive_id": null,
      "file_name": "Service Usage Data for 2025-07-30.docx",
      "mime_type": "application/vnd.openxmlformats-officedocument.wordprocessingml.document"
    }
  },
  "sections": [
    {
      "text": "[{'account': 'Vividcedar Marketing', 'value': 0.6106406088978118, 'day': 106}, {'account': 'Jadecircuit Electronics', 'value': 1.1446216793027022, 'day': 117}, {'account': 'Northeastwind Parcel Services', 'value': -0.16446195289939106, 'day': 69}, {'account': 'Marinerock Outdoor Gear', 'value': 1.8662794608254063, 'day': 13}]",
      "link": "https://www.onyx.app/70772"
    }
  ],
  "primary_owners": [],
  "secondary_owners": []
}