{
  "id": "3f5fad9f6e744f47be14d3de7a44f5d0",
  "semantic_identifier": "Service Usage Data for 2025-06-17.docx",
  "title": null,
  "source": "google_doc",
  "doc_updated_at": "2025-06-17",
  "metadata": {
    "owner_names": ""
  },
  "doc_metadata": {
    "hierarchy": {
      "source_path": [
        "My Drive"
      ],
      "drive_id": null,
      "file_name": "Service Usage Data for 2025-06-17.docx",
      "mime_type": "application/vnd.openxmlformats-officedocument.wordprocessingml.document"
    }
  },
  "sections": [
    {
      "text": "[{'account': 'Vividcedar Marketing', 'value': 0.43050015678983417, 'day': 63}, {'account': 'Jadecircuit Electronics', 'value': 1.0752385557179522, 'day': 74}, {'account': 'Northeastwind Parcel Services', 'value': 0.07506929417432473, 'day': 26}]",
      "link": "https://www.onyx.app/35890"
    }
  ],
  "primary_owners": [],
  "secondary_owners": []
}