{
  "id": "0acbf6593247467aa92e138bd110ec67",
  "semantic_identifier": "Service Usage Data for 2025-04-12.docx",
  "title": null,
  "source": "google_doc",
  "doc_updated_at": "2025-04-12",
  "metadata": {
    "owner_names": ""
  },
  "doc_metadata": {
    "hierarchy": {
      "source_path": [
        "My Drive"
      ],
      "drive_id": null,
      "file_name": "Service Usage Data for 2025-04-12.docx",
      "mime_type": "application/vnd.openxmlformats-officedocument.wordprocessingml.document"
    }
  },
  "sections": [
    {
      "text": "[{'account': 'Jadecircuit Electronics', 'value': 1.8522364831940488, 'day': 8}]",
      "link": "https://www.onyx.app/38206"
    }
  ],
  "primary_owners": [],
  "secondary_owners": []
}