{
  "id": "bac89e4c075a406da540f998ee314452",
  "semantic_identifier": "Service Usage Data for 2025-10-30.docx",
  "title": null,
  "source": "google_doc",
  "doc_updated_at": "2025-10-30",
  "metadata": {
    "owner_names": ""
  },
  "doc_metadata": {
    "hierarchy": {
      "source_path": [
        "My Drive"
      ],
      "drive_id": null,
      "file_name": "Service Usage Data for 2025-10-30.docx",
      "mime_type": "application/vnd.openxmlformats-officedocument.wordprocessingml.document"
    }
  },
  "sections": [
    {
      "text": "[{'account': 'Vividcedar Marketing', 'value': 0.7902968261155294, 'day': 198}, {'account': 'Jadecircuit Electronics', 'value': 0.9717936533618141, 'day': 209}, {'account': 'Xenith Argo Logistics', 'value': 0.2307425699670469, 'day': 70}, {'account': 'Wavelink Marine Systems', 'value': 0.735292033774058, 'day': 78}, {'account': 'Indigoriver Ventures', 'value': 0.9167412820977515, 'day': 29}, {'account': 'Northeastwind Parcel Services', 'value': 0.023844001562522477, 'day': 161}, {'account': 'Pedal & Dine Coffee', 'value': 1.8801779215357943, 'day': 38}, {'account': 'Marinerock Outdoor Gear', 'value': 2.6037362488375773, 'day': 105}]",
      "link": "https://www.onyx.app/18266"
    }
  ],
  "primary_owners": [],
  "secondary_owners": []
}