{
  "id": "01c8949a6e184254baa7256fced093c6",
  "semantic_identifier": "Service Usage Data for 2025-05-05.docx",
  "title": null,
  "source": "google_doc",
  "doc_updated_at": "2025-05-05",
  "metadata": {
    "owner_names": ""
  },
  "doc_metadata": {
    "hierarchy": {
      "source_path": [
        "My Drive"
      ],
      "drive_id": null,
      "file_name": "Service Usage Data for 2025-05-05.docx",
      "mime_type": "application/vnd.openxmlformats-officedocument.wordprocessingml.document"
    }
  },
  "sections": [
    {
      "text": "[{'account': 'Vividcedar Marketing', 'value': 0.4880019118078288, 'day': 20}, {'account': 'Jadecircuit Electronics', 'value': 1.6323882133615437, 'day': 31}]",
      "link": "https://www.onyx.app/24251"
    }
  ],
  "primary_owners": [],
  "secondary_owners": []
}