{
  "id": "28eeda05cd7b41d9b3c47e0bcd66e3dc",
  "semantic_identifier": "Service Usage Data for 2025-11-11.docx",
  "title": null,
  "source": "google_doc",
  "doc_updated_at": "2025-11-11",
  "metadata": {
    "owner_names": ""
  },
  "doc_metadata": {
    "hierarchy": {
      "source_path": [
        "My Drive"
      ],
      "drive_id": null,
      "file_name": "Service Usage Data for 2025-11-11.docx",
      "mime_type": "application/vnd.openxmlformats-officedocument.wordprocessingml.document"
    }
  },
  "sections": [
    {
      "text": "[{'account': 'Vividcedar Marketing', 'value': 0.4947530763592329, 'day': 210}, {'account': 'Jadecircuit Electronics', 'value': 1.1258987404374705, 'day': 221}, {'account': 'Xenith Argo Logistics', 'value': -0.051666381997571176, 'day': 82}, {'account': 'Wavelink Marine Systems', 'value': 0.14243701314042057, 'day': 90}, {'account': 'Indigoriver Ventures', 'value': 0.8090066037401702, 'day': 41}, {'account': 'Northeastwind Parcel Services', 'value': 0.032854267010788224, 'day': 173}, {'account': 'Pedal & Dine Coffee', 'value': 2.2954605582964347, 'day': 50}, {'account': 'Alpinequill Publishing', 'value': 1.5149851108243158, 'day': 11}, {'account': 'Terraspire Energy', 'value': 2.184050082307247, 'day': 10}, {'account': 'Marinerock Outdoor Gear', 'value': 1.9855776672468184, 'day': 117}]",
      "link": "https://www.onyx.app/60335"
    }
  ],
  "primary_owners": [],
  "secondary_owners": []
}