{
  "id": "FIREFLIES_9725776",
  "semantic_identifier": "9725776 - Driftwood Orion Co - sales_call - Discussion with Marcus Anderson",
  "title": null,
  "source": "fireflies",
  "doc_updated_at": "2025-07-12 00:00:00",
  "metadata": {
    "meeting_date": "2025-07-12 00:00:00",
    "duration_min": "41"
  },
  "doc_metadata": {
    "hierarchy": {
      "source_path": [
        "2025-07"
      ],
      "year_month": "2025-07",
      "meeting_title": "9725776 - Driftwood Orion Co - sales_call - Discussion with Marcus Anderson",
      "organizer_email": "camila_vega@netherite-extraction.onyx.app"
    }
  },
  "sections": [
    {
      "text": "Camila Vega: Hi Marcus\u2014good to see you again. Last time you mentioned your SDRs are spending too much time guessing which accounts to hit and how to tailor the first touch. Today I wanted to show you how Sales Accelerator turns the fit tiers you already built in Customer Analyzer into a \u201cnext 50 accounts\u201d list plus the exact openers and proof points your team can use right away. Does that still line up with what you\u2019re trying to solve at Driftwood Orion?",
      "link": "https://www.onyx.app/5161247-1"
    },
    {
      "text": "Marcus Anderson: Yeah, that\u2019s still the pain. We\u2019ve got fit scoring in place, but it\u2019s not consistently used, and messaging gets\u2026 creative. I\u2019m interested in anything that helps prioritize and standardize without making reps feel like they\u2019re on rails.",
      "link": "https://www.onyx.app/5161247-2"
    },
    {
      "text": "Camila Vega: Totally. The focus area I\u2019d like to stay on today is one feature: sales initiation recommendations. It\u2019s basically next-best-account and next-best-message, and it\u2019s designed to sit on top of Salesforce\u2014no ripping and replacing. It consumes your Customer Analyzer fit score and those segment positioning blocks you already approved, then combines that with CRM and intent/engagement signals to recommend who to contact and what angle to lead with.",
      "link": "https://www.onyx.app/5161247-3"
    },
    {
      "text": "Marcus Anderson: Okay. When you say \u201crecommend,\u201d is it like a black box? Because adoption dies here if reps don\u2019t trust why an account is #1 versus #20.",
      "link": "https://www.onyx.app/5161247-4"
    },
    {
      "text": "Camila Vega: That\u2019s the most common concern, and it\u2019s exactly why we made the recommendations explainable. For each recommended account, it shows the drivers: the fit tier from Customer Analyzer, the specific fit attributes contributing, the segment positioning block it\u2019s pulling from, and any trigger events it detected\u2014like recent web engagement, a funding signal, or an expansion hire pattern if you track that. Then the generated opener is linked back to those drivers\u2014so reps can see \u201cwe\u2019re leading with X because you\u2019re in Segment A and you showed intent on Y.\u201d",
      "link": "https://www.onyx.app/5161247-5"
    },
    {
      "text": "Marcus Anderson: That helps. But reps will still ask, \u201cIs this going to force a script?\u201d We\u2019ve got some top performers who hate templates.",
      "link": "https://www.onyx.app/5161247-6"
    },
    {
      "text": "Camila Vega: It\u2019s not a forced script. Think of it as a starting point plus guardrails. We produce a customizable initiation playbook per account: a first-touch email draft, a LinkedIn opener, a call talk track, and even a suggested meeting agenda if they get the meeting. Reps can edit, but what we\u2019re doing is anchoring them to your approved ICP and positioning so their \u201ccreativity\u201d stays on-brand and effective.",
      "link": "https://www.onyx.app/5161247-7"
    },
    {
      "text": "Marcus Anderson: Got it. Walk me through what my SDR manager would actually do on a Monday morning.",
      "link": "https://www.onyx.app/5161247-8"
    },
    {
      "text": "Camila Vega: Sure. Your SDR manager opens Sales Accelerator, filters by Customer Analyzer fit tiers\u2014say Tier 1 and Tier 2 only\u2014then Sales Accelerator recommends the next 50 accounts to contact. It\u2019s not just a static list; it\u2019s ordered by likelihood to engage based on fit plus signals. For each account, the SDR clicks in and sees: recommended persona to contact, the angle to lead with tied to the positioning block, and a couple proof points and objection handlers to include.",
      "link": "https://www.onyx.app/5161247-9"
    },
    {
      "text": "Marcus Anderson: Where are the proof points coming from? We\u2019ve got ours in a battlecard doc, and it\u2019s not always up to date.",
      "link": "https://www.onyx.app/5161247-10"
    },
    {
      "text": "Camila Vega: We can start with what you have today, but the key is the mapping: we tie proof points to segment positioning blocks. So if Customer Analyzer says \u201cManufacturing Mid-Market, ops-led,\u201d Sales Accelerator pulls the proof points you\u2019ve approved for that segment. Over time you can refine those libraries, but you don\u2019t have to boil the ocean to get value in week one.",
      "link": "https://www.onyx.app/5161247-11"
    },
    {
      "text": "Marcus Anderson: And this all lives outside Salesforce, or in it?",
      "link": "https://www.onyx.app/5161247-12"
    },
    {
      "text": "Camila Vega: It sits on top of Salesforce. Practically, reps work in Sales Accelerator for the prioritized list and the playbook, and it links back to the CRM record. We also push the activity context back\u2014so ops and managers still have visibility in Salesforce, and reps aren\u2019t double-entering.",
      "link": "https://www.onyx.app/5161247-13"
    },
    {
      "text": "Marcus Anderson: I like the idea, but I\u2019m still worried about the trust gap. If the model recommends accounts and messaging and it\u2019s wrong, my manager is the one getting blamed.",
      "link": "https://www.onyx.app/5161247-14"
    },
    {
      "text": "Camila Vega: Completely fair. Two things we do to reduce that. First: transparency\u2014those \u201cwhy\u201d drivers I mentioned are visible at every step, and managers can audit them. Second: control\u2014your ops team can set rules like \u201cnever recommend accounts below Tier 2,\u201d \u201conly recommend personas in our target buying committee,\u201d or \u201conly use approved proof points.\u201d So you\u2019re not handing the keys to an unbounded system; you\u2019re operationalizing your strategy.",
      "link": "https://www.onyx.app/5161247-15"
    },
    {
      "text": "Marcus Anderson: That control is important. Another question: we already have Customer Analyzer. Are we paying twice for the same thing? I don\u2019t want duplicate ICP work.",
      "link": "https://www.onyx.app/5161247-16"
    },
    {
      "text": "Camila Vega: You\u2019re not. Sales Accelerator doesn\u2019t redo ICP, fit scoring, or positioning. It consumes Customer Analyzer outputs and turns them into execution: who to contact next, what to say first, and how to follow up. So Customer Analyzer is the strategy and insight layer; Sales Accelerator is the action layer for SDRs and AEs.",
      "link": "https://www.onyx.app/5161247-17"
    },
    {
      "text": "Marcus Anderson: Okay. What kind of improvement do you typically see with the initiation recommendations?",
      "link": "https://www.onyx.app/5161247-18"
    },
    {
      "text": "Camila Vega: The most immediate lift is reply rate and meeting creation because reps stop spraying and praying. They\u2019re contacting better-fit accounts with segment-aligned angles. Also, managers get consistency\u2014fewer off-message emails, fewer random sequences, and less wasted time on low-fit prospects.",
      "link": "https://www.onyx.app/5161247-19"
    },
    {
      "text": "Marcus Anderson: If we did this, how would we roll it out without disrupting the team mid-quarter?",
      "link": "https://www.onyx.app/5161247-20"
    },
    {
      "text": "Camila Vega: We\u2019d keep it light. A pilot with one SDR pod for, say, 3\u20134 weeks. We\u2019d ingest your Customer Analyzer fit tiers and positioning blocks, connect Salesforce, then configure the initiation playbooks for your top two segments. You measure: meetings booked per SDR, reply rates, and time-to-first-touch. If it hits your success criteria, you expand.",
      "link": "https://www.onyx.app/5161247-21"
    },
    {
      "text": "Marcus Anderson: That sounds reasonable. What do you need from me to scope that?",
      "link": "https://www.onyx.app/5161247-22"
    },
    {
      "text": "Camila Vega: Two things. First, confirm the pod\u2014how many SDRs and which segments they focus on. Second, confirm what you consider a win\u2014like \u201c20% lift in meeting creation\u201d or \u201cX more Tier 1 meetings per week.\u201d Then I\u2019ll put together a short pilot plan with timeline, the integration steps, and the enablement session outline.",
      "link": "https://www.onyx.app/5161247-23"
    },
    {
      "text": "Marcus Anderson: For the pod, we could do the outbound team of six SDRs focused on mid-market. For success, I\u2019d want a measurable lift\u2014say 15\u201320% more meetings from Tier 1\u20132 accounts, and fewer touches wasted on Tier 3.",
      "link": "https://www.onyx.app/5161247-24"
    },
    {
      "text": "Camila Vega: Perfect. Last check: any internal blockers\u2014security review, Salesforce admin bandwidth, anything like that?",
      "link": "https://www.onyx.app/5161247-25"
    },
    {
      "text": "Marcus Anderson: Security will want to know what data you\u2019re pulling and whether the message generation is stored. But if it\u2019s primarily CRM data plus our Customer Analyzer outputs, and we can control what gets pushed back, I think we can move quickly.",
      "link": "https://www.onyx.app/5161247-26"
    },
    {
      "text": "Camila Vega: Great. I\u2019ll send a one-pager specifically on data flow and explainability\u2014what signals are used, what\u2019s stored, and how the \u201cwhy\u201d is displayed to reps. Then we can schedule a 30-minute working session with your Salesforce admin next week to confirm the integration scope.",
      "link": "https://www.onyx.app/5161247-27"
    },
    {
      "text": "Marcus Anderson: Sounds good. If you send that today, I can loop in our admin and security lead and get us on the calendar.",
      "link": "https://www.onyx.app/5161247-28"
    },
    {
      "text": "Camila Vega: Will do. And just to make sure we\u2019re aligned\u2014if the pilot hits that 15\u201320% lift and the team feels the recommendations are transparent and usable, are you comfortable moving to a broader rollout?",
      "link": "https://www.onyx.app/5161247-29"
    },
    {
      "text": "Marcus Anderson: Yes. If adoption is there and it\u2019s explainable\u2014no black box\u2014I\u2019m comfortable taking it forward.",
      "link": "https://www.onyx.app/5161247-30"
    },
    {
      "text": "Camila Vega: Excellent. I\u2019ll follow up within the hour with the pilot plan outline, data flow doc, and two time slots for the admin working session. Thanks, Marcus\u2014this feels like a strong fit for how you\u2019re already using Customer Analyzer.",
      "link": "https://www.onyx.app/5161247-31"
    },
    {
      "text": "Marcus Anderson: Thanks, Camila. Looking forward to seeing the plan.",
      "link": "https://www.onyx.app/5161247-32"
    }
  ],
  "primary_owners": [
    {
      "display_name": null,
      "first_name": null,
      "middle_initial": null,
      "last_name": null,
      "email": "camila_vega@netherite-extraction.onyx.app"
    }
  ],
  "secondary_owners": [
    {
      "display_name": null,
      "first_name": null,
      "middle_initial": null,
      "last_name": null,
      "email": "marcus_anderson@driftwood_orion_co.onyx.app"
    }
  ]
}