{
  "id": "FIREFLIES_2154085",
  "semantic_identifier": "2154085 - Arcadia Pulse Finance - sales_call - Discussion with Jamie Robinson",
  "title": null,
  "source": "fireflies",
  "doc_updated_at": "2026-02-26 00:00:00",
  "metadata": {
    "meeting_date": "2026-02-26 00:00:00",
    "duration_min": "20"
  },
  "doc_metadata": {
    "hierarchy": {
      "source_path": [
        "2026-02"
      ],
      "year_month": "2026-02",
      "meeting_title": "2154085 - Arcadia Pulse Finance - sales_call - Discussion with Jamie Robinson",
      "organizer_email": "arjun_mehta@netherite-extraction.onyx.app"
    }
  },
  "sections": [
    {
      "text": "Arjun Mehta: Hi Jamie, good to see you again. Last time you mentioned you\u2019re trying to decide which industries to lean into next quarter, and you\u2019ve got retention and support burden pulling you in different directions. I wanted to use today to show how Customer Analyzer helps you make that call with more confidence\u2014specifically through the positioning recommendations tied to fit drivers.",
      "link": "https://www.onyx.app/8075615-1"
    },
    {
      "text": "Jamie Robinson: Hey Arjun. Yeah, that\u2019s right. We\u2019ve got a few verticals that look promising on revenue, but they\u2019re a headache for support. I\u2019m open to seeing it, but I\u2019m also a bit skeptical because our data isn\u2019t perfectly clean.",
      "link": "https://www.onyx.app/8075615-2"
    },
    {
      "text": "Arjun Mehta: Totally fair, and that\u2019s actually a good place to start. Customer Analyzer ingests the signals you already have\u2014CRM fields, support tickets, usage events if you have them, onboarding notes\u2014and then gives you two things: a fit score by segment, and then positioning recommendations that tell you how to message to the segments that look strongest. For today, I\u2019ll focus on the positioning recommendations piece since that\u2019s what you reacted to last time.",
      "link": "https://www.onyx.app/8075615-3"
    },
    {
      "text": "Jamie Robinson: Okay. Before we go too far\u2014our CRM fields are inconsistent, and we don\u2019t tag industry reliably. Support tickets are better, but even those aren\u2019t categorized consistently. How sensitive is this to missing fields?",
      "link": "https://www.onyx.app/8075615-4"
    },
    {
      "text": "Arjun Mehta: The quality of the output is definitely correlated with the quality of inputs. That said, the positioning recommendations don\u2019t depend on any single field being perfect. The product will surface \u201cfit drivers\u201d based on whatever evidence it has\u2014so if your support tickets are the richest source, it can lean more heavily there. And it shows the evidence behind each recommendation, so you can sanity check it instead of treating it like a black box.",
      "link": "https://www.onyx.app/8075615-5"
    },
    {
      "text": "Jamie Robinson: \u201cEvidence behind it\u201d sounds good. But if the model is pulling from messy ticket text, I worry it\u2019ll hallucinate patterns or overfit to noisy language.",
      "link": "https://www.onyx.app/8075615-6"
    },
    {
      "text": "Arjun Mehta: Great concern. The recommendations are linked back to specific drivers and example snippets\u2014like recurring phrases in tickets or onboarding notes\u2014so you can audit. Think of it less like \u201cAI decides,\u201d more like \u201cAI summarizes and structures what\u2019s already there.\u201d The output is also editable messaging blocks\u2014website hero copy, sales deck bullets, even email openers\u2014so your team can refine it rather than blindly publish it.",
      "link": "https://www.onyx.app/8075615-7"
    },
    {
      "text": "Jamie Robinson: Editable messaging blocks are interesting. Our marketing team is stretched thin. But I\u2019m still stuck on: if our segmentation is wrong, the messaging will be wrong. We\u2019re not even aligned internally on what \u201cindustry\u201d means in our CRM.",
      "link": "https://www.onyx.app/8075615-8"
    },
    {
      "text": "Arjun Mehta: Understood. What we typically do in week one is a lightweight normalization step: pick the 2\u20133 segment dimensions you care about for the quarter\u2014industry, company size, maybe integration environment\u2014and map your existing values into something consistent. Customer Analyzer can then produce segment-specific value propositions and differentiators based on the segments you define.",
      "link": "https://www.onyx.app/8075615-9"
    },
    {
      "text": "Jamie Robinson: That sounds like work on our side. We don\u2019t have a data person available for this project. It\u2019s basically me and someone in RevOps who has a full plate.",
      "link": "https://www.onyx.app/8075615-10"
    },
    {
      "text": "Arjun Mehta: If resourcing is the constraint, we can scope it down. For Arcadia Pulse Finance, you could start with one decision: \u201cwhich two industries should we target next quarter?\u201d Use retention and support burden signals to rank them, then generate positioning for just those two. That\u2019s the fastest path to value.",
      "link": "https://www.onyx.app/8075615-11"
    },
    {
      "text": "Jamie Robinson: But do you actually have enough to rank them if our retention reporting is only at the account level, not reliably tied to industry?",
      "link": "https://www.onyx.app/8075615-12"
    },
    {
      "text": "Arjun Mehta: If industry is missing, we can still start with what you do have\u2014maybe plan tier, product usage intensity, time-to-value, ticket volume. Then, as a follow-up, you can enrich industry gradually. The platform will show confidence indicators when data is sparse.",
      "link": "https://www.onyx.app/8075615-13"
    },
    {
      "text": "Jamie Robinson: Confidence indicators are fine, but we\u2019ve been burned by tools that say \u201chigh confidence\u201d and it\u2019s still wrong. Also, we have strict compliance requirements. Support tickets contain sensitive details. How does ingestion work?",
      "link": "https://www.onyx.app/8075615-14"
    },
    {
      "text": "Arjun Mehta: Ingestion can be configured to minimize exposure\u2014fields can be excluded, and you can redact certain patterns. We can also start with non-sensitive sources like CRM and onboarding survey responses. On the positioning side, you still get outputs like: top use cases for a segment, differentiators, proof points to collect, and objection handling\u2014without needing raw ticket text in the system.",
      "link": "https://www.onyx.app/8075615-15"
    },
    {
      "text": "Jamie Robinson: But if we exclude tickets, aren\u2019t we losing exactly the \u201csupport burden\u201d signal we care about for prioritizing industries?",
      "link": "https://www.onyx.app/8075615-16"
    },
    {
      "text": "Arjun Mehta: You can keep ticket metadata without the content\u2014volume, categories, resolution time\u2014if that\u2019s available. That often gives enough to quantify burden while staying compliant.",
      "link": "https://www.onyx.app/8075615-17"
    },
    {
      "text": "Jamie Robinson: Our ticketing system categorization is\u2026 let\u2019s say aspirational. Half the tickets are \u201cGeneral.\u201d That\u2019s part of why we don\u2019t trust our own reporting.",
      "link": "https://www.onyx.app/8075615-18"
    },
    {
      "text": "Arjun Mehta: That\u2019s common. In those cases, we can still use volume and response time as a proxy, and then rely on your team\u2019s qualitative inputs to fill gaps. The positioning recommendations can also highlight \u201cproof points to collect,\u201d like \u201ccapture three quotes from industry X about faster reconciliation\u201d or \u201cdocument integration time improvements,\u201d so you build a cleaner evidence base going forward.",
      "link": "https://www.onyx.app/8075615-19"
    },
    {
      "text": "Jamie Robinson: I like the idea of proof points, but I\u2019m not sure we\u2019re in a place to run a big messaging overhaul. Leadership wants numbers. They want, \u201cIf we target industry A, what happens to churn, and what happens to support load?\u201d",
      "link": "https://www.onyx.app/8075615-20"
    },
    {
      "text": "Arjun Mehta: Customer Analyzer helps you make that bet with more structure, but it won\u2019t magically fix missing measurement. What it will do is: (1) prioritize segments using the signals you do have, and (2) give you a packaged narrative\u2014value props, differentiators, objection responses\u2014so Sales and Marketing are aligned when you go after those segments. That alignment tends to shorten cycles and improve conversion.",
      "link": "https://www.onyx.app/8075615-21"
    },
    {
      "text": "Jamie Robinson: That\u2019s where I\u2019m struggling. We\u2019re not currently losing deals because of messaging. We\u2019re losing deals because procurement drags and integrations take longer than we estimate. So I\u2019m not sure positioning blocks fix our core issue.",
      "link": "https://www.onyx.app/8075615-22"
    },
    {
      "text": "Arjun Mehta: That\u2019s helpful context. The objection-handling playbook can address some of that\u2014like procurement friction and integration concerns\u2014with segment-specific framing and proof points. For example, if one industry is more integration-heavy, the messaging can lead with implementation predictability and reference stories.",
      "link": "https://www.onyx.app/8075615-23"
    },
    {
      "text": "Jamie Robinson: Maybe. But to do that, you\u2019d need clean implementation data and reference stories. We don\u2019t have those organized either.",
      "link": "https://www.onyx.app/8075615-24"
    },
    {
      "text": "Arjun Mehta: We can start by capturing what exists\u2014support ticket metadata, CRM notes, onboarding survey responses\u2014and then the product will suggest the missing proof points to prioritize. It\u2019s iterative.",
      "link": "https://www.onyx.app/8075615-25"
    },
    {
      "text": "Jamie Robinson: Arjun, I\u2019m going to be direct. This sounds like a tool we\u2019d benefit from after we fix foundational stuff: CRM hygiene, taxonomy, reporting. Right now, I worry we\u2019d spend money and then spend months arguing whether the recommendations are credible.",
      "link": "https://www.onyx.app/8075615-26"
    },
    {
      "text": "Arjun Mehta: I appreciate the candor. If the priority is foundational cleanup, one option is to run a smaller pilot: pick one vertical you already sell into, ingest only a limited set of fields, and see if the positioning recommendations match what your best reps already say. That would validate credibility without a massive lift.",
      "link": "https://www.onyx.app/8075615-27"
    },
    {
      "text": "Jamie Robinson: A pilot could be okay, but we\u2019re in budget lockdown this quarter. Also, our security review process takes a long time, even for pilots. And I don\u2019t have an internal champion besides me.",
      "link": "https://www.onyx.app/8075615-28"
    },
    {
      "text": "Arjun Mehta: Understood. If budget and security timing make this hard right now, we can pause formal evaluation and I can send you a sample deliverable: what the positioning recommendation output looks like\u2014value prop, differentiators, proof points, objection handling\u2014for a hypothetical segment. Then if you want, we can revisit when you have bandwidth.",
      "link": "https://www.onyx.app/8075615-29"
    },
    {
      "text": "Jamie Robinson: Yeah, that\u2019s probably best. Send something concrete I can show my VP. But I\u2019m not committing to next steps today. We\u2019ve got too many moving parts and not enough clean data to feed another platform.",
      "link": "https://www.onyx.app/8075615-30"
    },
    {
      "text": "Arjun Mehta: That\u2019s fair. I\u2019ll send a short example of the editable messaging blocks and a checklist of the minimum data needed to get a reliable first pass\u2014especially around industry and support burden. If, down the line, you decide to do a pilot, we can scope it tightly to avoid a big lift.",
      "link": "https://www.onyx.app/8075615-31"
    },
    {
      "text": "Jamie Robinson: Okay. Send that over. And if you include anything about how you handle missing fields and data quality\u2014like what happens when industry is blank\u2014that would help.",
      "link": "https://www.onyx.app/8075615-32"
    },
    {
      "text": "Arjun Mehta: Will do. I\u2019ll follow up today with the sample output and the data-quality notes. Thanks for the time, Jamie.",
      "link": "https://www.onyx.app/8075615-33"
    },
    {
      "text": "Jamie Robinson: Thanks, Arjun. Talk soon.",
      "link": "https://www.onyx.app/8075615-34"
    }
  ],
  "primary_owners": [
    {
      "display_name": null,
      "first_name": null,
      "middle_initial": null,
      "last_name": null,
      "email": "arjun_mehta@netherite-extraction.onyx.app"
    }
  ],
  "secondary_owners": [
    {
      "display_name": null,
      "first_name": null,
      "middle_initial": null,
      "last_name": null,
      "email": "jamie_robinson@arcadia_pulse_finance.onyx.app"
    }
  ]
}