{
  "id": "FIREFLIES_3476576",
  "semantic_identifier": "3476576 - Xylembright Water Tech - buy - Discussion with Drew Cox",
  "title": null,
  "source": "fireflies",
  "doc_updated_at": "2026-02-10 00:00:00",
  "metadata": {
    "meeting_date": "2026-02-10 00:00:00",
    "duration_min": "38"
  },
  "doc_metadata": {
    "hierarchy": {
      "source_path": [
        "2026-02"
      ],
      "year_month": "2026-02",
      "meeting_title": "3476576 - Xylembright Water Tech - buy - Discussion with Drew Cox",
      "organizer_email": "megan_foster@netherite-extraction.onyx.app"
    }
  },
  "sections": [
    {
      "text": "Megan Foster: Hi Drew\u2014good to see you again. Since this is our third call, I\u2019d love to use the time to confirm we\u2019re aligned on the outcomes, address the only open risk I\u2019ve heard\u2014segment ambiguity\u2014and, if everything checks out, lock in next steps to get Customer Analyzer live for Xylembright. Sound good?",
      "link": "https://www.onyx.app/5662280-1"
    },
    {
      "text": "Drew Cox: Yep, that works. We\u2019re definitely interested; it\u2019s mostly about making sure it won\u2019t create more confusion with our segments than we already have.",
      "link": "https://www.onyx.app/5662280-2"
    },
    {
      "text": "Megan Foster: Totally fair. Let me anchor on what you told me matters most: you want segment-specific landing pages and outbound messaging for two ICP tiers\u2014SMB versus mid-market\u2014without the team debating definitions every week. Customer Analyzer\u2019s core value here is turning your existing signals into two concrete outputs: a fit score to prioritize, and positioning recommendations you can actually ship. Today I\u2019ll focus on the positioning recommendations and how we keep the segments clean.",
      "link": "https://www.onyx.app/5662280-3"
    },
    {
      "text": "Drew Cox: Good. The \u201cactually ship\u201d part is key. We\u2019ve had docs that go nowhere.",
      "link": "https://www.onyx.app/5662280-4"
    },
    {
      "text": "Megan Foster: Exactly. So on positioning recommendations: once we prioritize a segment, Customer Analyzer generates segment-specific messaging blocks\u2014things like website hero copy, sales deck bullets, and email openers\u2014based on the fit drivers and the language you\u2019re already hearing in your CRM notes, support tickets, onboarding surveys, and call notes. It\u2019s not generic copy; it\u2019s tied back to evidence so your team can see \u201cwhy\u201d this message is recommended.",
      "link": "https://www.onyx.app/5662280-5"
    },
    {
      "text": "Drew Cox: When you say evidence, what does that look like? Because our reps will ask.",
      "link": "https://www.onyx.app/5662280-6"
    },
    {
      "text": "Megan Foster: Great question. In the UI, each recommendation is linked back to the underlying drivers and sources\u2014so if it says \u201creduces unplanned downtime for small utilities,\u201d you can click through and see the recurring phrases from support tickets, the product usage patterns tied to retention, and the onboarding survey answers that correlate with successful accounts. That transparency is what gets adoption\u2014marketing trusts it, sales trusts it, and nobody feels like it\u2019s a black box.",
      "link": "https://www.onyx.app/5662280-7"
    },
    {
      "text": "Drew Cox: That would help. But the segment thing is still my worry. Our \u201cSMB\u201d sometimes means revenue, sometimes employee count, sometimes \u201csmall municipality.\u201d It overlaps.",
      "link": "https://www.onyx.app/5662280-8"
    },
    {
      "text": "Megan Foster: You\u2019re describing the exact failure mode we see when segment definitions aren\u2019t explicit\u2014overlapping industries and personas create muddled recommendations. The way we handle it is we make the segment definition a first-class object before we generate messaging. Practically: we\u2019ll start with just two tiers\u2014SMB and mid-market\u2014then define each with a small set of rules you agree on, like firmographics plus one or two intent/need signals. We can also add exclusion rules\u2014so \u201csmall municipality\u201d might be a persona/industry slice, not the tier itself.",
      "link": "https://www.onyx.app/5662280-9"
    },
    {
      "text": "Drew Cox: So you\u2019re saying we\u2019d do a light taxonomy first, then the recommendations?",
      "link": "https://www.onyx.app/5662280-10"
    },
    {
      "text": "Megan Foster: Exactly. And we keep it lightweight so it doesn\u2019t turn into a months-long ICP project. In week one, we\u2019d use the data you already have\u2014CRM fields, a couple onboarding questions, and maybe support ticket categories\u2014to create clean segment membership. Then Customer Analyzer generates recommendations per segment: value proposition, top use cases, differentiators, proof points to collect, pricing/value framing notes, and an objection-handling playbook. And all of that is editable, so your team can refine it without losing the link to the underlying drivers.",
      "link": "https://www.onyx.app/5662280-11"
    },
    {
      "text": "Drew Cox: The objection-handling piece is interesting. Our reps struggle to tailor objections between SMB and mid-market.",
      "link": "https://www.onyx.app/5662280-12"
    },
    {
      "text": "Megan Foster: That\u2019s a common one. For example, SMB often needs faster time-to-value and simpler implementation language, while mid-market may care more about integrations, compliance, and multi-site reporting\u2014depending on what your data shows. Customer Analyzer surfaces the objections that show up in your own notes and tickets, then suggests responses and proof points to go collect. So instead of \u201cwe think they care about X,\u201d it\u2019s \u201chere are the top objections we see in the mid-market tier, here\u2019s the recommended response, and here\u2019s the evidence behind it.\u201d",
      "link": "https://www.onyx.app/5662280-13"
    },
    {
      "text": "Drew Cox: Okay. Let\u2019s talk deliverables. If we buy, what do we get in, say, the first month that\u2019s tangible?",
      "link": "https://www.onyx.app/5662280-14"
    },
    {
      "text": "Megan Foster: In the first 30 days, a realistic tangible outcome for your use case is: (1) two finalized segment definitions\u2014SMB and mid-market\u2014that your revenue team agrees on, (2) two sets of messaging blocks\u2014landing page hero + subhead, 4\u20136 bullets for a sales deck, and 2\u20133 outbound email openers per segment, and (3) a short objection-handling playbook per segment with the top 5 objections and recommended talk tracks. That\u2019s enough to run a real test: new landing pages and a targeted outbound sequence.",
      "link": "https://www.onyx.app/5662280-15"
    },
    {
      "text": "Drew Cox: And that\u2019s based on our data getting connected quickly. What\u2019s the lift?",
      "link": "https://www.onyx.app/5662280-16"
    },
    {
      "text": "Megan Foster: Minimal. Typically it\u2019s a CRM connection plus a couple sources you already have\u2014like onboarding survey exports and support ticket tags. If you want to keep it simple, we start with CRM + one other source. The recommendations improve as more signals come in, but you can get usable outputs with the basics. The biggest \u201clift\u201d is agreeing on the two segment definitions in a 60-minute working session.",
      "link": "https://www.onyx.app/5662280-17"
    },
    {
      "text": "Drew Cox: That seems manageable. Pricing-wise, I think we\u2019re close, but I need confidence this won\u2019t just be another tool marketing uses and sales ignores.",
      "link": "https://www.onyx.app/5662280-18"
    },
    {
      "text": "Megan Foster: Completely. The reason this sticks is it produces artifacts that sales already uses\u2014deck bullets, email openers, and objection handling\u2014and it ties them to what\u2019s actually working and what customers are saying. To make adoption real, I\u2019d suggest we bake in a short enablement moment: we\u2019ll take one SMB rep and one mid-market rep, show them the messaging blocks, and have them tweak the openers in the tool. When they feel ownership, it spreads.",
      "link": "https://www.onyx.app/5662280-19"
    },
    {
      "text": "Drew Cox: I like that. If we can get two reps involved early, that helps.",
      "link": "https://www.onyx.app/5662280-20"
    },
    {
      "text": "Megan Foster: Great. Let me sanity-check the decision process on your side. Last time you mentioned you\u2019re the main owner, and procurement just needs standard security and the order form. Is that still accurate?",
      "link": "https://www.onyx.app/5662280-21"
    },
    {
      "text": "Drew Cox: Yes. Security review is light for us\u2014SaaS questionnaire, standard terms. No red flags so far.",
      "link": "https://www.onyx.app/5662280-22"
    },
    {
      "text": "Megan Foster: Perfect. Then the decision today is really: do we want to move forward with Customer Analyzer this week so we can start building the two-tier messaging and have the first landing page/outbound drafts ready within the month?",
      "link": "https://www.onyx.app/5662280-23"
    },
    {
      "text": "Drew Cox: I\u2019m leaning yes. I just want to confirm one more thing: if our segments shift\u2014like we realize mid-market should exclude one industry\u2014does the system handle that without everything breaking?",
      "link": "https://www.onyx.app/5662280-24"
    },
    {
      "text": "Megan Foster: Yes. Segment definitions are editable, and recommendations re-render based on the updated membership and drivers. You\u2019re not locked into a static report. And because recommendations are linked to drivers, you\u2019ll see what changed\u2014like \u201cproof points are weaker for this industry\u201d or \u201cdifferent objections are emerging.\u201d That\u2019s actually one of the advantages versus a one-time ICP workshop.",
      "link": "https://www.onyx.app/5662280-25"
    },
    {
      "text": "Drew Cox: Good. Then I think we\u2019re ready. What are the next steps to get it done?",
      "link": "https://www.onyx.app/5662280-26"
    },
    {
      "text": "Megan Foster: Awesome. Here\u2019s what I propose: today I\u2019ll send the order form for Customer Analyzer and the security questionnaire. Once you sign, we schedule two sessions: a 60-minute segment definition workshop with you, marketing, and one sales lead; and a 45-minute messaging review a week later where we validate the first set of SMB vs mid-market positioning recommendations and turn them into the landing page and outbound drafts. Does that timeline work?",
      "link": "https://www.onyx.app/5662280-27"
    },
    {
      "text": "Drew Cox: Yes, it does. Send it over. I can probably turn the order form around by end of week.",
      "link": "https://www.onyx.app/5662280-28"
    },
    {
      "text": "Megan Foster: Great. And to reduce the segment ambiguity risk right away, I\u2019ll include a one-page \u201csegment definition template\u201d for your team to pre-fill\u2014just the 3\u20135 fields we\u2019ll use and any exclusions. That way the workshop is decision-oriented, not brainstorming.",
      "link": "https://www.onyx.app/5662280-29"
    },
    {
      "text": "Drew Cox: Perfect. If you send that, I\u2019ll loop in our head of demand gen and our mid-market sales manager so they\u2019re ready.",
      "link": "https://www.onyx.app/5662280-30"
    },
    {
      "text": "Megan Foster: Ideal. I\u2019ll email everything right after this call and hold time on the calendar for those two sessions. Once we have signatures, we\u2019ll kick off immediately. Anything else you need from me to feel 100% confident?",
      "link": "https://www.onyx.app/5662280-31"
    },
    {
      "text": "Drew Cox: No, I think we\u2019re good. The focus on SMB vs mid-market and the editable messaging blocks with evidence\u2014that\u2019s what we need.",
      "link": "https://www.onyx.app/5662280-32"
    },
    {
      "text": "Megan Foster: Great\u2014thanks, Drew. I\u2019ll get the paperwork and the template over in the next 10 minutes, and we\u2019ll get Xylembright set up to ship segment-specific landing pages and outbound messaging quickly.",
      "link": "https://www.onyx.app/5662280-33"
    },
    {
      "text": "Drew Cox: Sounds good. Talk soon.",
      "link": "https://www.onyx.app/5662280-34"
    }
  ],
  "primary_owners": [
    {
      "display_name": null,
      "first_name": null,
      "middle_initial": null,
      "last_name": null,
      "email": "megan_foster@netherite-extraction.onyx.app"
    }
  ],
  "secondary_owners": [
    {
      "display_name": null,
      "first_name": null,
      "middle_initial": null,
      "last_name": null,
      "email": "drew_cox@xylembright_water_tech.onyx.app"
    }
  ]
}