{
  "id": "FIREFLIES_6127437",
  "semantic_identifier": "6127437 - Jetstream Vale Aviation - sales_pitch - Discussion with Teresa Flores",
  "title": null,
  "source": "fireflies",
  "doc_updated_at": "2025-09-27 00:00:00",
  "metadata": {
    "meeting_date": "2025-09-27 00:00:00",
    "duration_min": "41"
  },
  "doc_metadata": {
    "hierarchy": {
      "source_path": [
        "2025-09"
      ],
      "year_month": "2025-09",
      "meeting_title": "6127437 - Jetstream Vale Aviation - sales_pitch - Discussion with Teresa Flores",
      "organizer_email": "megan_foster@netherite-extraction.onyx.app"
    }
  },
  "sections": [
    {
      "text": "Megan Foster: Hi Teresa\u2014Megan Foster here. Thanks for taking a few minutes. I\u2019ll keep this quick. I\u2019m calling because we\u2019ve been working with revenue teams who are tired of end-of-quarter forecast surprises and reps missing follow-ups after discovery, and we built a layer called Sales Accelerator that sits on top of Salesforce or HubSpot to tighten both forecasting and next-step execution. Do you have five minutes for a high-level overview?",
      "link": "https://www.onyx.app/6818586-1"
    },
    {
      "text": "Teresa Flores: Yes, I\u2019ve got about five minutes. We\u2019re definitely trying to improve forecasting and deal follow-through, so go ahead.",
      "link": "https://www.onyx.app/6818586-2"
    },
    {
      "text": "Megan Foster: Perfect. At a high level, Sales Accelerator is a sales execution layer that uses your existing CRM data\u2014stages, amounts, close dates\u2014but also pulls in activity signals like emails, calls, meetings, and stage age to produce an explainable forecast. So instead of \u201cthe rep feels good about it,\u201d you get commit/best-case/pipeline views with drivers like \u201clast touch was 12 days ago,\u201d \u201cno next meeting scheduled,\u201d or \u201cstage age is 2x your benchmark,\u201d which helps managers and reps focus on what\u2019s actually likely to close.",
      "link": "https://www.onyx.app/6818586-3"
    },
    {
      "text": "Teresa Flores: That sounds useful. We live in Salesforce, and the issue is leadership doesn\u2019t trust the forecast, but reps also complain about being micromanaged when we start adding process.",
      "link": "https://www.onyx.app/6818586-4"
    },
    {
      "text": "Megan Foster: That\u2019s exactly the balance we try to hit\u2014more accuracy without adding busywork. Because we\u2019re sitting on top of Salesforce, we\u2019re not asking reps to duplicate data entry. We\u2019re reading what\u2019s already there plus activity signals, then translating it into two things: a clearer forecast and \u201cbest next action\u201d guidance. The guidance is meant to be lightweight\u2014like \u201cthis deal is drifting because there\u2019s no scheduled next meeting,\u201d or \u201cyou\u2019re late in cycle relative to similar wins\u2014here\u2019s what to do next.\u201d",
      "link": "https://www.onyx.app/6818586-5"
    },
    {
      "text": "Teresa Flores: Okay. When you say \u201cactivity signals,\u201d are you looking at email and calendar metadata, or are you reading content? We have some compliance constraints.",
      "link": "https://www.onyx.app/6818586-6"
    },
    {
      "text": "Megan Foster: Great question. We can work with metadata only\u2014things like timestamps, meeting existence, sequence of touches\u2014without needing to ingest email body content. If a team wants content-based suggestions, that\u2019s optional and configurable, but many customers start with metadata and CRM fields to avoid compliance headaches. The important part is that the forecast becomes explainable and auditable.",
      "link": "https://www.onyx.app/6818586-7"
    },
    {
      "text": "Teresa Flores: Explainable is good. Our leadership always asks, \u201cWhy is this deal in commit?\u201d and it turns into an argument.",
      "link": "https://www.onyx.app/6818586-8"
    },
    {
      "text": "Megan Foster: Exactly. So in Sales Accelerator, a commit call can be tied to drivers: stage conversion history for similar deals, stage age, last touch recency, whether there\u2019s a next meeting on the calendar, and even scenario planning. For example: \u201cIf we add 20 SQLs in a specific segment, what\u2019s the expected pipeline impact?\u201d That\u2019s useful for planning without guessing.",
      "link": "https://www.onyx.app/6818586-9"
    },
    {
      "text": "Teresa Flores: The scenario planning part is interesting. We do a lot of \u201cwhat if we push more into X segment\u201d conversations and it\u2019s mostly spreadsheet math.",
      "link": "https://www.onyx.app/6818586-10"
    },
    {
      "text": "Megan Foster: Right\u2014and we can base it on your actual historical conversion rates and cycle-time benchmarks rather than generic assumptions. The other piece I wanted to mention\u2014because you brought up process and rep experience\u2014is a very practical use case after discovery. Many AEs struggle with follow-up consistency. Our system can recommend the next steps and help the AE send a clean recap: draft a recap email, suggest a couple of tailored proof points from your approved positioning library, and create a simple mutual action plan with due dates and stakeholders so you\u2019re multithreading instead of hoping one contact champions you.",
      "link": "https://www.onyx.app/6818586-11"
    },
    {
      "text": "Teresa Flores: That\u2019s definitely a pain point. We\u2019ve had deals stall because we didn\u2019t lock down mutual steps, and the follow-up email quality is all over the place. But we also don\u2019t want to force generic templates that feel robotic.",
      "link": "https://www.onyx.app/6818586-12"
    },
    {
      "text": "Megan Foster: Totally\u2014if it reads like a template, it backfires. The way we approach it is: the structure is consistent, but the content is tailored. The rep gets suggestions\u2014two proof points that match the account context and stage\u2014and they can edit before sending. The goal is to reduce time-to-follow-up and increase clarity, not automate personality out of the process.",
      "link": "https://www.onyx.app/6818586-13"
    },
    {
      "text": "Teresa Flores: Makes sense. How hard is it to implement? We don\u2019t have a lot of admin bandwidth right now.",
      "link": "https://www.onyx.app/6818586-14"
    },
    {
      "text": "Megan Foster: Implementation is typically lightweight because we\u2019re not replacing Salesforce; we\u2019re augmenting it. The core setup is connecting your CRM and activity sources and calibrating cycle-time benchmarks and stage expectations. Then we can start with one team\u2014say a pod of AEs\u2014and focus on two outcomes: improved forecast accuracy and better deal progression hygiene. Most teams see value quickly because the system immediately flags \u201cat risk\u201d patterns like slippage, stale opportunities, and missing next meetings.",
      "link": "https://www.onyx.app/6818586-15"
    },
    {
      "text": "Teresa Flores: If we did a pilot with a small AE group, what would you measure to prove it\u2019s working?",
      "link": "https://www.onyx.app/6818586-16"
    },
    {
      "text": "Megan Foster: Great\u2014so for forecasting, we\u2019d look at forecast accuracy over a couple of cycles: how often commit actually closes, reduction in end-of-quarter surprises, and whether the drivers align with what leadership sees in reality. For execution, we\u2019d measure follow-up speed after discovery, percentage of deals with a next meeting scheduled, reduction in stage slippage, and adoption of mutual action plans. Those are pretty objective and don\u2019t require tons of manual tracking.",
      "link": "https://www.onyx.app/6818586-17"
    },
    {
      "text": "Teresa Flores: That\u2019s helpful. One thing: we already have some dashboards and a forecasting add-on. Why would we need another layer?",
      "link": "https://www.onyx.app/6818586-18"
    },
    {
      "text": "Megan Foster: Fair question. Most forecasting add-ons either stop at \u201creporting what happened\u201d or rely heavily on rep-entered fields and gut feel. The difference here is we combine CRM stage data with activity signals and benchmarks to generate an explainable view of risk and probability\u2014plus we pair it with recommendations on what to do next per opportunity. So it\u2019s not just a number\u2014it\u2019s a system that tells your team how to improve the number.",
      "link": "https://www.onyx.app/6818586-19"
    },
    {
      "text": "Teresa Flores: Got it. And you mentioned it can also use fit scoring from something else?",
      "link": "https://www.onyx.app/6818586-20"
    },
    {
      "text": "Megan Foster: Yes\u2014if you\u2019re using our Customer Analyzer, we can consume the fit score as a weighting factor in forecasting and prioritization. But even if you\u2019re not, Sales Accelerator works standalone. If you are using fit scoring, it helps answer, \u201cAre we spending time on deals that look like our best historical wins?\u201d without rebuilding ICP work.",
      "link": "https://www.onyx.app/6818586-21"
    },
    {
      "text": "Teresa Flores: We don\u2019t use Customer Analyzer today, but we do have a rough ICP definition. Still, the execution side is where we\u2019re struggling\u2014especially ensuring AEs are consistent after discovery.",
      "link": "https://www.onyx.app/6818586-22"
    },
    {
      "text": "Megan Foster: That\u2019s a great place to start. If it\u2019s helpful, we can structure a deeper session around that exact post-discovery workflow: how recap emails get drafted, how proof points are selected, and how mutual action plans get created and tracked\u2014then tie that back to forecasting so leadership sees leading indicators earlier.",
      "link": "https://www.onyx.app/6818586-23"
    },
    {
      "text": "Teresa Flores: I like that. Who should be on the deeper call from your side, and what would you need from us?",
      "link": "https://www.onyx.app/6818586-24"
    },
    {
      "text": "Megan Foster: From our side, it\u2019d be me and one solutions consultant who can walk through the workflow and the forecasting drivers. From your side, ideally you plus whoever owns sales ops or forecasting, and maybe one frontline manager or a high-performing AE who can sanity-check the process. Prep is minimal: a quick look at your current stages, typical cycle time, and what tools you use for email/calendar capture.",
      "link": "https://www.onyx.app/6818586-25"
    },
    {
      "text": "Teresa Flores: That\u2019s doable. We can bring our sales ops lead and one AE manager. What does the deeper call look like\u201430 minutes? 45?",
      "link": "https://www.onyx.app/6818586-26"
    },
    {
      "text": "Megan Foster: Let\u2019s do 45 minutes so we can cover both: (1) forecasting\u2014commit/best-case/pipeline views and slippage diagnostics\u2014and (2) the post-discovery follow-up recommendations with mutual action plans. At the end, we\u2019ll outline what a small pilot would look like and what success metrics you\u2019d want.",
      "link": "https://www.onyx.app/6818586-27"
    },
    {
      "text": "Teresa Flores: Sounds good. I have time Thursday afternoon or Friday morning. Thursday around 2:00 pm works best.",
      "link": "https://www.onyx.app/6818586-28"
    },
    {
      "text": "Megan Foster: Thursday at 2:00 pm works great. What time zone are you in, Teresa\u2014Pacific?",
      "link": "https://www.onyx.app/6818586-29"
    },
    {
      "text": "Teresa Flores: Yes, Pacific.",
      "link": "https://www.onyx.app/6818586-30"
    },
    {
      "text": "Megan Foster: Perfect\u2014Thursday 2:00 pm Pacific for 45 minutes. I\u2019ll send a calendar invite with a short agenda and a couple of questions for your sales ops lead so we can make it concrete. Anything specific you want us to focus on for Jetstream Vale Aviation\u2014forecast accuracy, stage slippage, or AE follow-up consistency?",
      "link": "https://www.onyx.app/6818586-31"
    },
    {
      "text": "Teresa Flores: Prioritize AE follow-up consistency and slippage. Forecasting is important, but if we can fix the behaviors that drive it, that\u2019s the bigger win.",
      "link": "https://www.onyx.app/6818586-32"
    },
    {
      "text": "Megan Foster: Completely aligned. I\u2019ll frame the session around reducing slippage and tightening post-discovery execution, and then show how that improves the forecast as a downstream effect. I\u2019ll send the invite shortly. Thanks again, Teresa\u2014looking forward to it.",
      "link": "https://www.onyx.app/6818586-33"
    },
    {
      "text": "Teresa Flores: Great\u2014thanks, Megan. I\u2019ll watch for the invite and loop in the right folks.",
      "link": "https://www.onyx.app/6818586-34"
    }
  ],
  "primary_owners": [
    {
      "display_name": null,
      "first_name": null,
      "middle_initial": null,
      "last_name": null,
      "email": "megan_foster@netherite-extraction.onyx.app"
    }
  ],
  "secondary_owners": [
    {
      "display_name": null,
      "first_name": null,
      "middle_initial": null,
      "last_name": null,
      "email": "teresa_flores@jetstream_vale_aviation.onyx.app"
    }
  ]
}