{
  "id": "FIREFLIES_8964576",
  "semantic_identifier": "8964576 - Junipergorge Studios - sales_pitch - Discussion with Griffin Burke",
  "title": null,
  "source": "fireflies",
  "doc_updated_at": "2025-09-15 00:00:00",
  "metadata": {
    "meeting_date": "2025-09-15 00:00:00",
    "duration_min": "18"
  },
  "doc_metadata": {
    "hierarchy": {
      "source_path": [
        "2025-09"
      ],
      "year_month": "2025-09",
      "meeting_title": "8964576 - Junipergorge Studios - sales_pitch - Discussion with Griffin Burke",
      "organizer_email": "megan_foster@netherite-extraction.onyx.app"
    }
  },
  "sections": [
    {
      "text": "Megan Foster: Hi Griffin\u2014Megan Foster here. Thanks for taking a few minutes. I\u2019ll keep it tight. I work with teams who are trying to get really crisp on their ideal customer profile before they pour fuel on paid acquisition. Is now still okay?",
      "link": "https://www.onyx.app/3703503-1"
    },
    {
      "text": "Griffin Burke: Yeah, I\u2019ve got about five minutes. What\u2019s this about?",
      "link": "https://www.onyx.app/3703503-2"
    },
    {
      "text": "Megan Foster: Perfect. The product is Customer Analyzer. In one line: it pulls the customer signals you already have\u2014CRM fields, onboarding survey answers, product usage events, support tickets, even interview notes\u2014and turns them into a fit score by account and by segment, plus recommended positioning so your messaging matches what actually wins and retains.",
      "link": "https://www.onyx.app/3703503-3"
    },
    {
      "text": "Griffin Burke: Okay. We already have a decent sense of our ICP though. We\u2019re not totally guessing.",
      "link": "https://www.onyx.app/3703503-4"
    },
    {
      "text": "Megan Foster: Totally fair\u2014and most teams do have a working hypothesis. Where Customer Analyzer helps is validating it with evidence and showing the \u201cwhy.\u201d The core feature is fit estimation: it computes a 0\u2013100 fit score at the account and segment level, and it breaks down the drivers\u2014like industry, company size, problem severity, time-to-value, adoption patterns, support burden, and churn-risk signals\u2014so you can see which variables correlate with renewal and expansion.",
      "link": "https://www.onyx.app/3703503-5"
    },
    {
      "text": "Griffin Burke: We\u2019re small. I\u2019m not sure we have enough data for that to be meaningful.",
      "link": "https://www.onyx.app/3703503-6"
    },
    {
      "text": "Megan Foster: That\u2019s a common concern. We can start with what you do have\u2014basic firmographics in your CRM and a few high-signal product events\u2014and get directional segment comparisons. For example: \u201cStudios under 50 employees with X workflow adopted within the first week score 78 and expand,\u201d versus \u201cmid-market agencies score 42 and churn after onboarding.\u201d Even a small sample can highlight trends you\u2019re currently debating internally.",
      "link": "https://www.onyx.app/3703503-7"
    },
    {
      "text": "Griffin Burke: Maybe, but we\u2019re already tracking usage and churn. What would this do that a dashboard doesn\u2019t?",
      "link": "https://www.onyx.app/3703503-8"
    },
    {
      "text": "Megan Foster: A dashboard tells you what happened. Fit estimation is designed to answer \u201cwho is most likely to succeed and why,\u201d and then translate it into action. Two things tend to be missing in dashboards: a standardized fit score you can use to prioritize segments, and a driver breakdown that explains what to lean into\u2014so it\u2019s not just charts, it\u2019s a recommended ICP profile based on observed outcomes like retention, conversion, and expansion.",
      "link": "https://www.onyx.app/3703503-9"
    },
    {
      "text": "Griffin Burke: We\u2019re not really scaling paid right now anyway. We\u2019re more in a product iteration phase.",
      "link": "https://www.onyx.app/3703503-10"
    },
    {
      "text": "Megan Foster: That makes sense. The use case I had in mind for Junipergorge Studios is specifically: define and validate ICP before scaling paid acquisition\u2014so when you do decide to ramp, you\u2019re not spending into the wrong segment. Even during product iteration, it can keep you aligned on which customers to listen to most, because not all feedback is equal if it\u2019s coming from low-fit accounts.",
      "link": "https://www.onyx.app/3703503-11"
    },
    {
      "text": "Griffin Burke: I get the concept. But integrating \u201call these signals\u201d sounds like a lot of work. We don\u2019t have cycles for a big implementation.",
      "link": "https://www.onyx.app/3703503-12"
    },
    {
      "text": "Megan Foster: Understood. We typically start narrow: connect your CRM, pick 5\u201310 fit drivers you already believe matter, and ingest a small set of product usage events. That\u2019s enough to produce an initial fit score and segment comparison. Then you can decide whether it\u2019s worth adding support tickets or interview notes later.",
      "link": "https://www.onyx.app/3703503-13"
    },
    {
      "text": "Griffin Burke: Even then, we\u2019ve tried tools that promise \u201cICP scoring\u201d and it ends up being a black box or generic scoring.",
      "link": "https://www.onyx.app/3703503-14"
    },
    {
      "text": "Megan Foster: Yeah, if it\u2019s opaque, people don\u2019t trust it. That\u2019s why the driver breakdown is a big part of the output\u2014what pushed the score up or down. It\u2019s less \u201cAI says so\u201d and more \u201caccounts that hit these activation milestones and have these characteristics retain; the rest don\u2019t.\u201d It\u2019s meant to be auditable and debate-friendly.",
      "link": "https://www.onyx.app/3703503-15"
    },
    {
      "text": "Griffin Burke: Who usually owns it? Marketing? Product? Sales?",
      "link": "https://www.onyx.app/3703503-16"
    },
    {
      "text": "Megan Foster: Usually a small working group\u2014often product marketing or growth\u2014because it touches ICP and messaging. But sales benefits because you can qualify with a consistent framework, and product benefits because you can see which segments get to value faster and with lower support burden.",
      "link": "https://www.onyx.app/3703503-17"
    },
    {
      "text": "Griffin Burke: We\u2019re honestly not staffed like that. It\u2019s basically me and two others wearing a bunch of hats.",
      "link": "https://www.onyx.app/3703503-18"
    },
    {
      "text": "Megan Foster: That\u2019s helpful context. In lean teams, the value tends to be speed to clarity: instead of weeks of stakeholder debates, you can get a fit baseline quickly and use it to make a call on, \u201cDo we focus on segment A or B?\u201d and \u201cWhat do we say to segment A that actually matches their highest-converting proof points?\u201d",
      "link": "https://www.onyx.app/3703503-19"
    },
    {
      "text": "Griffin Burke: The \u201cpositioning recommendations\u201d piece you mentioned\u2014what is that exactly?",
      "link": "https://www.onyx.app/3703503-20"
    },
    {
      "text": "Megan Foster: It takes what the data suggests is working in high-fit segments and turns it into practical messaging: value props, differentiators, proof points, and common objections to address. But to keep this short, the biggest starting point is fit estimation\u2014because without a validated ICP, positioning tends to drift.",
      "link": "https://www.onyx.app/3703503-21"
    },
    {
      "text": "Griffin Burke: Okay. But if I\u2019m being candid, we\u2019re not looking to buy a new tool this quarter. Budget is tight.",
      "link": "https://www.onyx.app/3703503-22"
    },
    {
      "text": "Megan Foster: I appreciate you being direct. Is it more a timing issue, or does it feel like it\u2019s not a priority compared to other initiatives?",
      "link": "https://www.onyx.app/3703503-23"
    },
    {
      "text": "Griffin Burke: Both. Timing, and also I\u2019m not convinced the incremental insight is worth paying for versus just looking at our own data.",
      "link": "https://www.onyx.app/3703503-24"
    },
    {
      "text": "Megan Foster: That\u2019s fair. If it helps, the fastest way to see whether it\u2019s incremental is a short working session where we map your current segmentation, pick a few drivers, and I show you what the fit score and driver breakdown would look like on a sample. If it\u2019s not materially better than what you have, we\u2019ll call it.",
      "link": "https://www.onyx.app/3703503-25"
    },
    {
      "text": "Griffin Burke: I don\u2019t really have time for a \u201cworking session\u201d right now. We\u2019re heads down on a release and onboarding issues.",
      "link": "https://www.onyx.app/3703503-26"
    },
    {
      "text": "Megan Foster: Got it. Would it be better if I sent a one-page overview and a couple example outputs\u2014like a segment comparison view and a driver breakdown\u2014so you can sanity-check it asynchronously?",
      "link": "https://www.onyx.app/3703503-27"
    },
    {
      "text": "Griffin Burke: You can send something, sure, but I can\u2019t promise I\u2019ll get to it soon.",
      "link": "https://www.onyx.app/3703503-28"
    },
    {
      "text": "Megan Foster: Completely understood. What\u2019s the best email? And just so I don\u2019t spam you\u2014if you skim it and it\u2019s not relevant, you can reply \u201cnot this year\u201d and I\u2019ll close the loop.",
      "link": "https://www.onyx.app/3703503-29"
    },
    {
      "text": "Griffin Burke: Send it to griffin@junipergorge.com. And yeah, honestly it\u2019s probably not this year.",
      "link": "https://www.onyx.app/3703503-30"
    },
    {
      "text": "Megan Foster: Thanks, Griffin. I\u2019ll send a brief note with two sample screenshots: one showing the 0\u2013100 fit score with the driver breakdown, and one showing segment comparisons like SMB versus mid-market, tied back to retention and expansion. If it ever becomes a priority when you\u2019re ready to scale acquisition, we can revisit.",
      "link": "https://www.onyx.app/3703503-31"
    },
    {
      "text": "Griffin Burke: Sounds good. Thanks.",
      "link": "https://www.onyx.app/3703503-32"
    },
    {
      "text": "Megan Foster: Appreciate the time\u2014good luck with the release.",
      "link": "https://www.onyx.app/3703503-33"
    }
  ],
  "primary_owners": [
    {
      "display_name": null,
      "first_name": null,
      "middle_initial": null,
      "last_name": null,
      "email": "megan_foster@netherite-extraction.onyx.app"
    }
  ],
  "secondary_owners": [
    {
      "display_name": null,
      "first_name": null,
      "middle_initial": null,
      "last_name": null,
      "email": "griffin_burke@junipergorge_studios.onyx.app"
    }
  ]
}