{
  "id": "5360232",
  "semantic_identifier": "[GOLD-136]: Fix Jira/Linear link-out: generate correct deep links and handle missing/mismatched IDs",
  "title": "Fix Jira/Linear link-out: generate correct deep links and handle missing/mismatched IDs",
  "source": "linear",
  "doc_updated_at": "2025-04-01",
  "metadata": {
    "team": "engineering",
    "creator": {
      "name": "michael_anderson",
      "email": "michael_anderson@netherite-extraction.onyx.app"
    },
    "assignee": {
      "name": "andre_robinson",
      "email": "andre_robinson@netherite-extraction.onyx.app"
    },
    "state": "done",
    "priority": "medium",
    "created_at": "2025-04-01"
  },
  "doc_metadata": null,
  "sections": [
    {
      "text": "Jira/Linear link-outs from Issue Tracker sometimes open broken URLs or point to the wrong item when the downstream issue key/ID format differs by workspace or when mappings are stale. Update link generation to use the configured base URL/workspace slug per integration and validate the stored external ID before rendering. If the ID is missing/invalid, show a clear \u201cNot linked\u201d state with a retry/reconnect action instead of emitting a malformed link.",
      "link": "https://www.onyx.app/42310"
    }
  ],
  "primary_owners": [],
  "secondary_owners": []
}