{
  "id": "9499847",
  "semantic_identifier": "[GOLD-120]: Customer Analyzer v2: Add automatic alignment check for segment definition + messaging version on sync",
  "title": "Customer Analyzer v2: Add automatic alignment check for segment definition + messaging version on sync",
  "source": "linear",
  "doc_updated_at": "2025-11-18",
  "metadata": {
    "team": "engineering",
    "creator": {
      "name": "michael_anderson",
      "email": "michael_anderson@netherite-extraction.onyx.app"
    },
    "assignee": {
      "name": "brooke_spencer",
      "email": "brooke_spencer@netherite-extraction.onyx.app"
    },
    "state": "done",
    "priority": "low",
    "created_at": "2025-11-18"
  },
  "doc_metadata": null,
  "sections": [
    {
      "text": "Implement an automatic alignment check when Sales Accelerator syncs Customer Analyzer v2 data to verify the account/opportunity\u2019s segment definition ID and messaging version match the currently active/expected values. If a mismatch is detected, persist an \u201calignment_failed\u201d status on the record and surface a non-blocking warning in the integration logs for follow-up. This ticket covers backend detection + status recording only; UI gating and \u201capproved messaging only\u201d draft enforcement will be handled in subsequent tickets.",
      "link": "https://www.onyx.app/56550"
    }
  ],
  "primary_owners": [],
  "secondary_owners": []
}