{
  "id": "1913877",
  "semantic_identifier": "[GOLD-178]: Optimize dedupe/cluster persistence queries and indexes for high-volume ingestion",
  "title": "Optimize dedupe/cluster persistence queries and indexes for high-volume ingestion",
  "source": "linear",
  "doc_updated_at": "2025-08-05",
  "metadata": {
    "team": "engineering",
    "creator": {
      "name": "sofia_ramirez",
      "email": "sofia_ramirez@netherite-extraction.onyx.app"
    },
    "assignee": {
      "name": "jason_morris",
      "email": "jason_morris@netherite-extraction.onyx.app"
    },
    "state": "done",
    "priority": "low",
    "created_at": "2025-08-05"
  },
  "doc_metadata": null,
  "sections": [
    {
      "text": "Profile and optimize the DB read/write patterns used during deduplication/clustering and issue-object persistence when ingesting large backlogs. Add/adjust indexes and rewrite the hottest queries (e.g., lookups by source ticket ID, conversation ID, and normalized fingerprint) to reduce full scans and lock contention. Validate improvements with a backfill-sized dataset and ensure idempotency/merge behavior remains unchanged.",
      "link": "https://www.onyx.app/28159"
    }
  ],
  "primary_owners": [],
  "secondary_owners": []
}