{
  "id": "3800892",
  "semantic_identifier": "[GOLD-183]: Sales Accelerator v2: Boost Issue Tracker issue priority using deal-risk context",
  "title": "Sales Accelerator v2: Boost Issue Tracker issue priority using deal-risk context",
  "source": "linear",
  "doc_updated_at": "2025-12-04",
  "metadata": {
    "team": "engineering",
    "creator": {
      "name": "michael_anderson",
      "email": "michael_anderson@netherite-extraction.onyx.app"
    },
    "assignee": {
      "name": "kevin_sullivan",
      "email": "kevin_sullivan@netherite-extraction.onyx.app"
    },
    "state": "open",
    "priority": "medium",
    "created_at": "2025-12-04"
  },
  "doc_metadata": null,
  "sections": [
    {
      "text": "Add prioritization logic that consumes the normalized Sales Accelerator deal-risk fields (risk score, deal stage, ARR, impacted deal count) persisted on the issue context record and applies a deterministic priority boost to the issue. Include clear weighting/thresholds and caps so boosts are explainable and don\u2019t override critical manual priority settings. Emit an audit trail on the issue (e.g., \u201cpriority boosted due to deal risk\u201d) and add metrics/logging for boosts applied vs. skipped (missing/invalid context).",
      "link": "https://www.onyx.app/24657"
    }
  ],
  "primary_owners": [],
  "secondary_owners": []
}