{
  "id": "5110921",
  "semantic_identifier": "[GOLD-96]: Exclude unmapped/mis-mapped lifecycle records from forecasting + lifecycle analytics",
  "title": "Exclude unmapped/mis-mapped lifecycle records from forecasting + lifecycle analytics",
  "source": "linear",
  "doc_updated_at": "2025-06-21",
  "metadata": {
    "team": "engineering",
    "creator": {
      "name": "sofia_ramirez",
      "email": "sofia_ramirez@netherite-extraction.onyx.app"
    },
    "assignee": {
      "name": "jiwon_kang",
      "email": "jiwon_kang@netherite-extraction.onyx.app"
    },
    "state": "done",
    "priority": "low",
    "created_at": "2025-06-21"
  },
  "doc_metadata": null,
  "sections": [
    {
      "text": "Update forecasting and lifecycle-based analytics aggregations to consume only canonical lifecycle values and to drop records flagged with a lifecycle mapping error (e.g., unmapped stage/required field missing). Ensure stage-based rollups, conversion rates, and slippage signals do not fall back to raw CRM stage names when canonical mapping is absent. Add a small set of regression tests using mixed mapped/unmapped stage inputs to verify noisy records no longer skew metrics.",
      "link": "https://www.onyx.app/71833"
    }
  ],
  "primary_owners": [],
  "secondary_owners": []
}