{
  "id": "1804287",
  "semantic_identifier": "[GOLD-57]: Admin UI: Add audit log viewer for customer signal/PII access events",
  "title": "Admin UI: Add audit log viewer for customer signal/PII access events",
  "source": "linear",
  "doc_updated_at": "2025-12-14",
  "metadata": {
    "team": "engineering",
    "creator": {
      "name": "michael_anderson",
      "email": "michael_anderson@netherite-extraction.onyx.app"
    },
    "assignee": {
      "name": "jiwon_kang",
      "email": "jiwon_kang@netherite-extraction.onyx.app"
    },
    "state": "done",
    "priority": "low",
    "created_at": "2025-12-14"
  },
  "doc_metadata": null,
  "sections": [
    {
      "text": "Create an admin-only UI in workspace settings to view access audit logs produced by GOLD-55 (reads, views, exports). Support basic filtering (time range, actor, action type, resource) with pagination and a CSV download that mirrors the filtered result set. Ensure the UI respects role/permission checks so only workspace admins can access the page and exports.",
      "link": "https://www.onyx.app/29749"
    }
  ],
  "primary_owners": [],
  "secondary_owners": []
}