{
  "id": "5342257",
  "semantic_identifier": "[GOLD-111]: Fix confidence bands not refreshing/aligning with selected forecast scenario",
  "title": "Fix confidence bands not refreshing/aligning with selected forecast scenario",
  "source": "linear",
  "doc_updated_at": "2025-10-18",
  "metadata": {
    "team": "engineering",
    "creator": {
      "name": "kenji_watanabe",
      "email": "kenji_watanabe@netherite-extraction.onyx.app"
    },
    "assignee": {
      "name": "jiwon_kang",
      "email": "jiwon_kang@netherite-extraction.onyx.app"
    },
    "state": "open",
    "priority": "low",
    "created_at": "2025-10-18"
  },
  "doc_metadata": null,
  "sections": [
    {
      "text": "Confidence bands (P10/P50/P90 or equivalent) do not consistently update when the user switches scenarios or changes the forecast horizon, causing the displayed uncertainty range to mismatch the underlying projection. Ensure confidence band calculations are recomputed from the active scenario inputs and that the UI re-renders bands alongside totals and segment breakdowns. Add a regression test covering scenario switch + horizon change to confirm bands stay in sync.",
      "link": "https://www.onyx.app/75039"
    }
  ],
  "primary_owners": [],
  "secondary_owners": []
}