{
  "id": "6947035",
  "semantic_identifier": "[GOLD-163]: Integrations_connectors v2: Add scheduled refresh job for Salesforce/HubSpot sync",
  "title": "Integrations_connectors v2: Add scheduled refresh job for Salesforce/HubSpot sync",
  "source": "linear",
  "doc_updated_at": "2025-06-01",
  "metadata": {
    "team": "engineering",
    "creator": {
      "name": "sofia_ramirez",
      "email": "sofia_ramirez@netherite-extraction.onyx.app"
    },
    "assignee": {
      "name": "tyler_jenkins",
      "email": "tyler_jenkins@netherite-extraction.onyx.app"
    },
    "state": "open",
    "priority": "medium",
    "created_at": "2025-06-01"
  },
  "doc_metadata": null,
  "sections": [
    {
      "text": "Implement a scheduled refresh mechanism for the Salesforce and HubSpot connectors that periodically re-pulls ARR and opportunity records used for issue-to-customer/value linkage. The job should support configurable cadence, incremental sync via updated timestamps where available, and basic backoff/retry to avoid API rate-limit failures. Persist last-successful sync state per connector/account so downstream linkage logic always has fresh inputs.",
      "link": "https://www.onyx.app/37861"
    }
  ],
  "primary_owners": [],
  "secondary_owners": []
}