{
  "id": "6535505",
  "semantic_identifier": "[GOLD-62]: Add diagnostics for missing/invalid Customer Analyzer data in sales initiation recommendations",
  "title": "Add diagnostics for missing/invalid Customer Analyzer data in sales initiation recommendations",
  "source": "linear",
  "doc_updated_at": "2025-04-06",
  "metadata": {
    "team": "engineering",
    "creator": {
      "name": "michael_anderson",
      "email": "michael_anderson@netherite-extraction.onyx.app"
    },
    "assignee": {
      "name": "ryan_murphy",
      "email": "ryan_murphy@netherite-extraction.onyx.app"
    },
    "state": "done",
    "priority": "low",
    "created_at": "2025-04-06"
  },
  "doc_metadata": null,
  "sections": [
    {
      "text": "Instrument sales initiation recommendations to log and surface when required Customer Analyzer inputs are missing or invalid (fit score, segment, positioning block) for an account at render time. Add a lightweight debug payload/tooltip (behind a feature flag) indicating which fields were used vs. which fallbacks were applied so SDRs/sales ops can understand unexpected ordering/template output. Include basic metrics for fallback rate to help validate the stability of the integration over time.",
      "link": "https://www.onyx.app/35395"
    }
  ],
  "primary_owners": [],
  "secondary_owners": []
}