{
  "id": "8225874",
  "semantic_identifier": "[GOLD-11]: Setup Data Quality: Add one-click auto-fixes for common Fit Driver input issues",
  "title": "Setup Data Quality: Add one-click auto-fixes for common Fit Driver input issues",
  "source": "linear",
  "doc_updated_at": "2025-04-17",
  "metadata": {
    "team": "engineering",
    "creator": {
      "name": "kenji_watanabe",
      "email": "kenji_watanabe@netherite-extraction.onyx.app"
    },
    "assignee": {
      "name": "andre_robinson",
      "email": "andre_robinson@netherite-extraction.onyx.app"
    },
    "state": "backlog",
    "priority": "high",
    "created_at": "2025-04-17"
  },
  "doc_metadata": null,
  "sections": [
    {
      "text": "In the setup Data Quality panel, add actionable \u201cFix\u201d controls for the most common issues blocking clean Fit Driver inputs (trim whitespace, normalize casing, collapse empty-string-to-null, and map common enum synonyms like \u201cmid market\u201d vs \u201cMid-Market\u201d). Apply fixes to the workspace\u2019s normalization rules so they persist for future ingests and downstream fit scoring uses the cleaned values. Ensure the panel shows a before/after preview on a small sample and allows reverting changes before finalizing setup.",
      "link": "https://www.onyx.app/86592"
    }
  ],
  "primary_owners": [],
  "secondary_owners": []
}