{
  "id": "8895033",
  "semantic_identifier": "[GOLD-148]: Add \u201cUnmatched identities\u201d review queue with match suggestions and bulk linking",
  "title": "Add \u201cUnmatched identities\u201d review queue with match suggestions and bulk linking",
  "source": "linear",
  "doc_updated_at": "2025-05-07",
  "metadata": {
    "team": "engineering",
    "creator": {
      "name": "kenji_watanabe",
      "email": "kenji_watanabe@netherite-extraction.onyx.app"
    },
    "assignee": {
      "name": "kevin_sullivan",
      "email": "kevin_sullivan@netherite-extraction.onyx.app"
    },
    "state": "done",
    "priority": "medium",
    "created_at": "2025-05-07"
  },
  "doc_metadata": null,
  "sections": [
    {
      "text": "Create an admin-facing queue that lists ticket identities that failed automatic account linking, showing the raw + canonicalized signals and the top suggested account matches. Allow users to confirm a link, create a new account, or mark as \u201cignore/unknown,\u201d with bulk actions for repeated identities (same email/domain/company). Persist overrides as explicit mapping rules so future ingests auto-link without additional cleanup.",
      "link": "https://www.onyx.app/51551"
    }
  ],
  "primary_owners": [],
  "secondary_owners": []
}