{
  "id": "1828555",
  "semantic_identifier": "[GOLD-41]: Implement backend evaluator to detect alert triggers (fit drift, segment changes, emerging high-fit cohorts)",
  "title": "Implement backend evaluator to detect alert triggers (fit drift, segment changes, emerging high-fit cohorts)",
  "source": "linear",
  "doc_updated_at": "2025-12-24",
  "metadata": {
    "team": "engineering",
    "creator": {
      "name": "sofia_ramirez",
      "email": "sofia_ramirez@netherite-extraction.onyx.app"
    },
    "assignee": {
      "name": "jiwon_kang",
      "email": "jiwon_kang@netherite-extraction.onyx.app"
    },
    "state": "cancelled",
    "priority": "low",
    "created_at": "2025-12-24"
  },
  "doc_metadata": null,
  "sections": [
    {
      "text": "Build the backend job/service that periodically evaluates customer/segment signals against the trigger conditions defined in [GOLD-40]. The evaluator should generate normalized alert events (type, entity, timestamp, computed metrics, threshold values) and persist them for downstream delivery/UI. Include idempotency/deduping so the same condition within a window doesn\u2019t create repeated alerts, and handle missing/low-volume data per the spec.",
      "link": "https://www.onyx.app/53840"
    }
  ],
  "primary_owners": [],
  "secondary_owners": []
}