{
  "id": "1518491",
  "semantic_identifier": "[GOLD-61]: Fix segment-to-template mapping in sales initiation recommendations (positioning block insertion)",
  "title": "Fix segment-to-template mapping in sales initiation recommendations (positioning block insertion)",
  "source": "linear",
  "doc_updated_at": "2025-03-31",
  "metadata": {
    "team": "engineering",
    "creator": {
      "name": "kenji_watanabe",
      "email": "kenji_watanabe@netherite-extraction.onyx.app"
    },
    "assignee": {
      "name": "brooke_spencer",
      "email": "brooke_spencer@netherite-extraction.onyx.app"
    },
    "state": "done",
    "priority": "high",
    "created_at": "2025-03-31"
  },
  "doc_metadata": null,
  "sections": [
    {
      "text": "Sales initiation recommendations are sometimes applying the wrong outreach template and/or inserting the wrong Customer Analyzer positioning block when an account\u2019s segment is missing, stale, or changes. Update the template selection logic to deterministically resolve the account\u2019s current segment, apply the correct template + positioning block for that segment, and fall back to a safe default template when no segment/block is available. Add a regression test covering segment change and missing segment/block scenarios.",
      "link": "https://www.onyx.app/55218"
    }
  ],
  "primary_owners": [],
  "secondary_owners": []
}