{
  "id": "1857165",
  "semantic_identifier": "[GOLD-28]: Surface Success Metric context in Fit Score outputs (API, exports, reports)",
  "title": "Surface Success Metric context in Fit Score outputs (API, exports, reports)",
  "source": "linear",
  "doc_updated_at": "2025-09-23",
  "metadata": {
    "team": "engineering",
    "creator": {
      "name": "kenji_watanabe",
      "email": "kenji_watanabe@netherite-extraction.onyx.app"
    },
    "assignee": {
      "name": "jiwon_kang",
      "email": "jiwon_kang@netherite-extraction.onyx.app"
    },
    "state": "backlog",
    "priority": "medium",
    "created_at": "2025-09-23"
  },
  "doc_metadata": null,
  "sections": [
    {
      "text": "Update Fit Score read paths to always return the configured Success Metric definition (and weights, if applicable) alongside Fit Score values in the API and any CSV/PDF exports or share links. Ensure downstream consumers (dashboards, reporting views, integrations) display this context near the score to prevent teams comparing scores optimized for different objectives. Add a fallback message for legacy model versions that lack a Success Metric definition.",
      "link": "https://www.onyx.app/45213"
    }
  ],
  "primary_owners": [],
  "secondary_owners": []
}