{
  "id": "9120004",
  "semantic_identifier": "[GOLD-63]: Fix post-meeting recap generation in sales_followup_recommendations when meeting metadata is missing",
  "title": "Fix post-meeting recap generation in sales_followup_recommendations when meeting metadata is missing",
  "source": "linear",
  "doc_updated_at": "2025-05-13",
  "metadata": {
    "team": "engineering",
    "creator": {
      "name": "sofia_ramirez",
      "email": "sofia_ramirez@netherite-extraction.onyx.app"
    },
    "assignee": {
      "name": "jiwon_kang",
      "email": "jiwon_kang@netherite-extraction.onyx.app"
    },
    "state": "done",
    "priority": "medium",
    "created_at": "2025-05-13"
  },
  "doc_metadata": null,
  "sections": [
    {
      "text": "Post-meeting follow-up recommendations fail to generate a recap for some opportunities when the CRM meeting record is missing or has empty fields (attendees, notes/transcript link, or outcome). Add defensive handling and fallbacks so recap + next-step templates still render with best-available data, and log structured errors when required inputs are truly unavailable. Ensure the UI shows a clear \u201crecap unavailable\u201d state instead of silently omitting recommendations.",
      "link": "https://www.onyx.app/38602"
    }
  ],
  "primary_owners": [],
  "secondary_owners": []
}