{
  "id": "4843194",
  "semantic_identifier": "[GOLD-84]: Incorporate Customer Analyzer fit score/segment/positioning blocks into initiation guidance generation",
  "title": "Incorporate Customer Analyzer fit score/segment/positioning blocks into initiation guidance generation",
  "source": "linear",
  "doc_updated_at": "2025-09-03",
  "metadata": {
    "team": "engineering",
    "creator": {
      "name": "sofia_ramirez",
      "email": "sofia_ramirez@netherite-extraction.onyx.app"
    },
    "assignee": {
      "name": "ryan_murphy",
      "email": "ryan_murphy@netherite-extraction.onyx.app"
    },
    "state": "backlog",
    "priority": "low",
    "created_at": "2025-09-03"
  },
  "doc_metadata": null,
  "sections": [
    {
      "text": "Update the initiation guidance generator to consume the newly exposed Customer Analyzer context (fit score, segment, approved positioning blocks) when producing recommended outreach messaging. Ensure the generator deterministically selects which positioning blocks to reference (e.g., top N approved blocks) and gracefully falls back to the existing initiation flow when data is missing or stale. Add a small set of unit/fixture tests to confirm the Customer Analyzer fields are reflected in the generated initiation guidance.",
      "link": "https://www.onyx.app/65888"
    }
  ],
  "primary_owners": [],
  "secondary_owners": []
}