{
  "id": "1880237",
  "semantic_identifier": "[GOLD-112]: Warning alerts v3: Create alert scoring schema for slippage & loss risk",
  "title": "Warning alerts v3: Create alert scoring schema for slippage & loss risk",
  "source": "linear",
  "doc_updated_at": "2025-11-18",
  "metadata": {
    "team": "engineering",
    "creator": {
      "name": "michael_anderson",
      "email": "michael_anderson@netherite-extraction.onyx.app"
    },
    "assignee": {
      "name": "andre_robinson",
      "email": "andre_robinson@netherite-extraction.onyx.app"
    },
    "state": "open",
    "priority": "low",
    "created_at": "2025-11-18"
  },
  "doc_metadata": null,
  "sections": [
    {
      "text": "Define and implement the core risk scoring schema used to generate predictive slippage and loss-risk alerts, including required inputs (CRM fields, activity signals, Customer Analyzer fit score) and normalized output (risk type, score, confidence). Add a minimal scoring implementation behind a feature flag with unit tests and clear documentation of assumptions. This ticket does not include driver ranking, recommendations, or UI rendering.",
      "link": "https://www.onyx.app/63492"
    }
  ],
  "primary_owners": [],
  "secondary_owners": []
}