{
  "id": "6596845",
  "semantic_identifier": "[GOLD-165]: Issue prioritization v2: Add scoring dimensions + base schema for multi-view scoring",
  "title": "Issue prioritization v2: Add scoring dimensions + base schema for multi-view scoring",
  "source": "linear",
  "doc_updated_at": "2025-07-01",
  "metadata": {
    "team": "engineering",
    "creator": {
      "name": "sofia_ramirez",
      "email": "sofia_ramirez@netherite-extraction.onyx.app"
    },
    "assignee": {
      "name": "jason_morris",
      "email": "jason_morris@netherite-extraction.onyx.app"
    },
    "state": "done",
    "priority": "low",
    "created_at": "2025-07-01"
  },
  "doc_metadata": null,
  "sections": [
    {
      "text": "Introduce a normalized data model for issue_priotization v2 to support multi-view scoring across Support SLA risk, Product impact, and Sales deal blockers. Add backend fields/structures to store per-dimension scores, weights, and an aggregated score, while maintaining backward compatibility with the current single-score setup. This ticket focuses on schema + API contract changes only; UI, saved profiles, and tuning controls will be handled in subsequent tickets.",
      "link": "https://www.onyx.app/31770"
    }
  ],
  "primary_owners": [],
  "secondary_owners": []
}