{
  "id": "2063878",
  "semantic_identifier": "[GOLD-174]: Debounce sales/opportunity signals to prevent one-off deal asks from boosting issue priority",
  "title": "Debounce sales/opportunity signals to prevent one-off deal asks from boosting issue priority",
  "source": "linear",
  "doc_updated_at": "2025-06-27",
  "metadata": {
    "team": "engineering",
    "creator": {
      "name": "michael_anderson",
      "email": "michael_anderson@netherite-extraction.onyx.app"
    },
    "assignee": {
      "name": "tyler_jenkins",
      "email": "tyler_jenkins@netherite-extraction.onyx.app"
    },
    "state": "done",
    "priority": "medium",
    "created_at": "2025-06-27"
  },
  "doc_metadata": null,
  "sections": [
    {
      "text": "Implement gating on Sales Accelerator opportunity linkage so a single deal ask cannot materially increase an issue/theme\u2019s priority score. Require a minimum evidence threshold (e.g., multiple distinct opportunities or corroborating support conversations) before applying any sales-driven uplift. Ensure the UI/issue object records when the uplift is suppressed and why, to maintain defensible prioritization.",
      "link": "https://www.onyx.app/85891"
    }
  ],
  "primary_owners": [],
  "secondary_owners": []
}