{
  "id": "7953833",
  "semantic_identifier": "[GOLD-194]: Add auditable change history + source provenance for Attribution Evidence fields",
  "title": "Add auditable change history + source provenance for Attribution Evidence fields",
  "source": "linear",
  "doc_updated_at": "2025-11-12",
  "metadata": {
    "team": "engineering",
    "creator": {
      "name": "michael_anderson",
      "email": "michael_anderson@netherite-extraction.onyx.app"
    },
    "assignee": {
      "name": "andre_robinson",
      "email": "andre_robinson@netherite-extraction.onyx.app"
    },
    "state": "in_progress",
    "priority": "medium",
    "created_at": "2025-11-12"
  },
  "doc_metadata": null,
  "sections": [
    {
      "text": "Implement an audit trail for all Attribution Evidence field updates on Issue objects, capturing previous/new values, timestamp, actor (user vs. enrichment job), and source references (CRM/opportunity/conversation IDs). Expose this history in the Issue detail view so stakeholders can verify when/why attribution inputs changed. Ensure enrichment writes include stable source pointers to reduce internal disputes about data origin.",
      "link": "https://www.onyx.app/13127"
    }
  ],
  "primary_owners": [],
  "secondary_owners": []
}