{
  "id": "4288623",
  "semantic_identifier": "[GOLD-16]: Update positioning generation to prioritize and cite captured customer language/evidence",
  "title": "Update positioning generation to prioritize and cite captured customer language/evidence",
  "source": "linear",
  "doc_updated_at": "2025-04-22",
  "metadata": {
    "team": "engineering",
    "creator": {
      "name": "michael_anderson",
      "email": "michael_anderson@netherite-extraction.onyx.app"
    },
    "assignee": {
      "name": "kevin_sullivan",
      "email": "kevin_sullivan@netherite-extraction.onyx.app"
    },
    "state": "done",
    "priority": "high",
    "created_at": "2025-04-22"
  },
  "doc_metadata": null,
  "sections": [
    {
      "text": "Modify the positioning recommendation generator to explicitly retrieve the most relevant customer language/evidence records for the target segment and incorporate them into value props, differentiators, and objection handling. Ensure outputs include lightweight citations (source type + artifact reference) and degrade gracefully when evidence is sparse (clearly flagging low-evidence recommendations instead of producing generic claims). Add guardrails to prevent using uncited assertions when evidence is available.",
      "link": "https://www.onyx.app/91431"
    }
  ],
  "primary_owners": [],
  "secondary_owners": []
}