{
  "id": "7745302",
  "semantic_identifier": "[GOLD-69]: Auto-generate baseline benchmarks from historical CRM data during setup",
  "title": "Auto-generate baseline benchmarks from historical CRM data during setup",
  "source": "linear",
  "doc_updated_at": "2025-03-29",
  "metadata": {
    "team": "engineering",
    "creator": {
      "name": "michael_anderson",
      "email": "michael_anderson@netherite-extraction.onyx.app"
    },
    "assignee": {
      "name": "jason_morris",
      "email": "jason_morris@netherite-extraction.onyx.app"
    },
    "state": "done",
    "priority": "medium",
    "created_at": "2025-03-29"
  },
  "doc_metadata": null,
  "sections": [
    {
      "text": "Add a setup step that analyzes the last 6\u201312 months of CRM opportunity history to propose default benchmarks (e.g., average stage duration, stage-to-stage conversion rates, win rate, and typical deal size by segment if available). Surface these as editable defaults with clear data coverage indicators (sample size/time window) so admins can accept or tune them. Persist the chosen benchmarks for use in forecasting calibration and \u201cdeal at risk\u201d alerts without requiring manual spreadsheet-driven configuration.",
      "link": "https://www.onyx.app/76056"
    }
  ],
  "primary_owners": [],
  "secondary_owners": []
}