{
  "id": "1455754",
  "semantic_identifier": "[GOLD-181]: Surface segment source-of-truth and mismatch warnings in impact reporting UI",
  "title": "Surface segment source-of-truth and mismatch warnings in impact reporting UI",
  "source": "linear",
  "doc_updated_at": "2025-09-21",
  "metadata": {
    "team": "engineering",
    "creator": {
      "name": "sofia_ramirez",
      "email": "sofia_ramirez@netherite-extraction.onyx.app"
    },
    "assignee": {
      "name": "jason_morris",
      "email": "jason_morris@netherite-extraction.onyx.app"
    },
    "state": "backlog",
    "priority": "high",
    "created_at": "2025-09-21"
  },
  "doc_metadata": null,
  "sections": [
    {
      "text": "Update Issue Tracker impact-reporting responses and UI components to display the canonical segment identifier/name and the system used as the source of truth (per GOLD-180). When a segment is unmapped or flagged as unknown/mismatched by the canonicalization layer, show a clear warning state and prevent blending totals across conflicting definitions. Add a lightweight tooltip/label linking to the segment mapping entry to aid triage and reduce confusion in segment-based revenue/customer impact views.",
      "link": "https://www.onyx.app/65238"
    }
  ],
  "primary_owners": [],
  "secondary_owners": []
}