{
  "id": "5715579",
  "semantic_identifier": "[GOLD-86]: Forecasting: Add commit & best-case scenario buckets to forecast model and UI",
  "title": "Forecasting: Add commit & best-case scenario buckets to forecast model and UI",
  "source": "linear",
  "doc_updated_at": "2025-08-17",
  "metadata": {
    "team": "engineering",
    "creator": {
      "name": "sofia_ramirez",
      "email": "sofia_ramirez@netherite-extraction.onyx.app"
    },
    "assignee": {
      "name": "kevin_sullivan",
      "email": "kevin_sullivan@netherite-extraction.onyx.app"
    },
    "state": "done",
    "priority": "high",
    "created_at": "2025-08-17"
  },
  "doc_metadata": null,
  "sections": [
    {
      "text": "Implement support for separate Commit and Best-Case forecast scenarios in the forecasting pipeline, including storage/schema changes and aggregation logic. Update the forecast API and UI to return and display both scenario totals alongside the existing baseline forecast. Ensure scenario assignment is sourced from CRM stage/forecast category (or a clear default mapping) and is consistent across accounts/opportunities.",
      "link": "https://www.onyx.app/99055"
    }
  ],
  "primary_owners": [],
  "secondary_owners": []
}