{
  "id": "6070643",
  "semantic_identifier": "[GOLD-104]: Add recommendation exposure logging (impression/click/apply) with stable IDs",
  "title": "Add recommendation exposure logging (impression/click/apply) with stable IDs",
  "source": "linear",
  "doc_updated_at": "2025-07-12",
  "metadata": {
    "team": "engineering",
    "creator": {
      "name": "michael_anderson",
      "email": "michael_anderson@netherite-extraction.onyx.app"
    },
    "assignee": {
      "name": "andre_robinson",
      "email": "andre_robinson@netherite-extraction.onyx.app"
    },
    "state": "done",
    "priority": "medium",
    "created_at": "2025-07-12"
  },
  "doc_metadata": null,
  "sections": [
    {
      "text": "Instrument Sales Accelerator to emit structured analytics events whenever a recommendation is shown, clicked, or applied by a rep. Include stable identifiers (recommendation_id, model_version, account/opportunity_id, user_id, timestamp, surface) so downstream analysis can distinguish exposure from outcomes. Persist events to the existing analytics pipeline/data store and validate payload completeness in staging.",
      "link": "https://www.onyx.app/22705"
    }
  ],
  "primary_owners": [],
  "secondary_owners": []
}