{
  "id": "4797287",
  "semantic_identifier": "[GOLD-187]: issue_clustering v2: Add per-product-area clustering configuration + model selection",
  "title": "issue_clustering v2: Add per-product-area clustering configuration + model selection",
  "source": "linear",
  "doc_updated_at": "2025-12-06",
  "metadata": {
    "team": "engineering",
    "creator": {
      "name": "michael_anderson",
      "email": "michael_anderson@netherite-extraction.onyx.app"
    },
    "assignee": {
      "name": "jason_morris",
      "email": "jason_morris@netherite-extraction.onyx.app"
    },
    "state": "done",
    "priority": "low",
    "created_at": "2025-12-06"
  },
  "doc_metadata": null,
  "sections": [
    {
      "text": "Introduce a product-area\u2013scoped configuration layer for issue_clustering v2 so clustering can be tuned per area (e.g., embedding model/version, similarity threshold, min cluster size) without affecting global behavior. Route incoming issues to the correct config based on the linked product area and persist the config snapshot used for each clustering decision for auditability. Add guardrails/fallbacks to the default config when product area is missing or misclassified.",
      "link": "https://www.onyx.app/64989"
    }
  ],
  "primary_owners": [],
  "secondary_owners": []
}