{
  "id": "4102581",
  "semantic_identifier": "[GOLD-26]: Positioning workspace: Add basic version history persistence for positioning recommendations",
  "title": "Positioning workspace: Add basic version history persistence for positioning recommendations",
  "source": "linear",
  "doc_updated_at": "2025-07-18",
  "metadata": {
    "team": "engineering",
    "creator": {
      "name": "sofia_ramirez",
      "email": "sofia_ramirez@netherite-extraction.onyx.app"
    },
    "assignee": {
      "name": "kevin_sullivan",
      "email": "kevin_sullivan@netherite-extraction.onyx.app"
    },
    "state": "cancelled",
    "priority": "medium",
    "created_at": "2025-07-18"
  },
  "doc_metadata": null,
  "sections": [
    {
      "text": "Implement backend persistence for Positioning workspace outputs so each generated positioning recommendation can be saved as a versioned snapshot tied to workspace + segment (and comparison segment when applicable). Store metadata needed for history (created_at, created_by, segments, model/run id) and retain the full recommendation payload for later retrieval. Expose an API to list versions and fetch a specific version, with sensible limits/ordering (most recent first).",
      "link": "https://www.onyx.app/44806"
    }
  ],
  "primary_owners": [],
  "secondary_owners": []
}