{
  "id": "3734296",
  "semantic_identifier": "[GOLD-5]: Add segment-scoped positioning template fetching + display in UI",
  "title": "Add segment-scoped positioning template fetching + display in UI",
  "source": "linear",
  "doc_updated_at": "2025-05-02",
  "metadata": {
    "team": "engineering",
    "creator": {
      "name": "michael_anderson",
      "email": "michael_anderson@netherite-extraction.onyx.app"
    },
    "assignee": {
      "name": "andre_robinson",
      "email": "andre_robinson@netherite-extraction.onyx.app"
    },
    "state": "cancelled",
    "priority": "high",
    "created_at": "2025-05-02"
  },
  "doc_metadata": null,
  "sections": [
    {
      "text": "Implement frontend wiring to call the new positioning template API for the currently selected segment and render the template sections (value props, differentiators, proof points, objections) in the segment detail view. Include loading/empty/error states and ensure the UI falls back to server-provided defaults when a segment has no customized template. Do not implement editing in this ticket\u2014focus on read + presentation so subsequent tickets can layer in inline edits and save behavior.",
      "link": "https://www.onyx.app/89759"
    }
  ],
  "primary_owners": [],
  "secondary_owners": []
}