{
  "id": "4886073",
  "semantic_identifier": "[GOLD-101]: Introduce versioned positioning blocks from Customer Analyzer in Sales Accelerator",
  "title": "Introduce versioned positioning blocks from Customer Analyzer in Sales Accelerator",
  "source": "linear",
  "doc_updated_at": "2025-06-11",
  "metadata": {
    "team": "engineering",
    "creator": {
      "name": "kenji_watanabe",
      "email": "kenji_watanabe@netherite-extraction.onyx.app"
    },
    "assignee": {
      "name": "tyler_jenkins",
      "email": "tyler_jenkins@netherite-extraction.onyx.app"
    },
    "state": "in_progress",
    "priority": "medium",
    "created_at": "2025-06-11"
  },
  "doc_metadata": null,
  "sections": [
    {
      "text": "Add support for ingesting and storing Customer Analyzer positioning blocks with explicit version metadata (version id, published timestamp, author/source). Ensure Sales Accelerator always references a specific published version when generating recommendations/messaging, rather than an unversioned \u201clatest\u201d payload. Expose the stored version fields in internal logs/telemetry to enable auditability and reduce drift risk.",
      "link": "https://www.onyx.app/54478"
    }
  ],
  "primary_owners": [],
  "secondary_owners": []
}