{
  "id": "6182103",
  "semantic_identifier": "[GOLD-196]: Add admin controls + safe mode for auto-routing/auto-creation (manual review / dry-run)",
  "title": "Add admin controls + safe mode for auto-routing/auto-creation (manual review / dry-run)",
  "source": "linear",
  "doc_updated_at": "2025-11-12",
  "metadata": {
    "team": "engineering",
    "creator": {
      "name": "kenji_watanabe",
      "email": "kenji_watanabe@netherite-extraction.onyx.app"
    },
    "assignee": {
      "name": "kevin_sullivan",
      "email": "kevin_sullivan@netherite-extraction.onyx.app"
    },
    "state": "done",
    "priority": "low",
    "created_at": "2025-11-12"
  },
  "doc_metadata": null,
  "sections": [
    {
      "text": "Introduce workspace-level settings to control automation behavior, including an opt-in \u201cmanual review\u201d mode and a \u201cdry-run\u201d preview that shows what Jira/Linear actions would be taken without executing them. Require explicit enablement per integration and restrict who can toggle automation (admin-only) to reduce accidental mis-assignment. Surface a clear UI warning when auto-routing/creation is enabled and provide a one-click kill switch to pause automation.",
      "link": "https://www.onyx.app/57470"
    }
  ],
  "primary_owners": [],
  "secondary_owners": []
}