{
  "id": "6259160",
  "semantic_identifier": "[GOLD-124]: Surface bypass-rate metrics in Sales Accelerator manager dashboard",
  "title": "Surface bypass-rate metrics in Sales Accelerator manager dashboard",
  "source": "linear",
  "doc_updated_at": "2026-01-07",
  "metadata": {
    "team": "engineering",
    "creator": {
      "name": "michael_anderson",
      "email": "michael_anderson@netherite-extraction.onyx.app"
    },
    "assignee": {
      "name": "jason_morris",
      "email": "jason_morris@netherite-extraction.onyx.app"
    },
    "state": "in_review",
    "priority": "low",
    "created_at": "2026-01-07"
  },
  "doc_metadata": null,
  "sections": [
    {
      "text": "Add a lightweight \u201cBypass rate\u201d panel to the manager/sales ops dashboard that reads from the existing bypass event data in the analytics warehouse. Show bypass rate and counts segmented by workflow (best-next-action, forecast updates, risk alerts) and team, with a simple date range filter (last 7/30 days). This enables teams to detect organizational drift early without adding new event instrumentation or schemas.",
      "link": "https://www.onyx.app/28179"
    }
  ],
  "primary_owners": [],
  "secondary_owners": []
}