{
  "id": "5786182",
  "semantic_identifier": "[GOLD-144]: Add issue_history event model + persistence layer (foundation for MVP logs)",
  "title": "Add issue_history event model + persistence layer (foundation for MVP logs)",
  "source": "linear",
  "doc_updated_at": "2025-05-02",
  "metadata": {
    "team": "engineering",
    "creator": {
      "name": "kenji_watanabe",
      "email": "kenji_watanabe@netherite-extraction.onyx.app"
    },
    "assignee": {
      "name": "jason_morris",
      "email": "jason_morris@netherite-extraction.onyx.app"
    },
    "state": "done",
    "priority": "high",
    "created_at": "2025-05-02"
  },
  "doc_metadata": null,
  "sections": [
    {
      "text": "Create the database schema and backend domain model for `issue_history` as an append-only event log tied to the standardized Issue object. Define an initial set of event types and payload structure to support upcoming status, priority, merge/split, notes, and external link entries without migrations per event. Add basic write APIs/service helpers to record history events with actor + timestamp, but do not build UI rendering in this ticket.",
      "link": "https://www.onyx.app/47946"
    }
  ],
  "primary_owners": [],
  "secondary_owners": []
}