{
  "id": "1078263",
  "semantic_identifier": "[GOLD-90]: Follow-up workflow: Fix contact coverage calculation used for multi-threading prompts",
  "title": "Follow-up workflow: Fix contact coverage calculation used for multi-threading prompts",
  "source": "linear",
  "doc_updated_at": "2025-08-22",
  "metadata": {
    "team": "engineering",
    "creator": {
      "name": "michael_anderson",
      "email": "michael_anderson@netherite-extraction.onyx.app"
    },
    "assignee": {
      "name": "brooke_spencer",
      "email": "brooke_spencer@netherite-extraction.onyx.app"
    },
    "state": "cancelled",
    "priority": "high",
    "created_at": "2025-08-22"
  },
  "doc_metadata": null,
  "sections": [
    {
      "text": "Correct the backend logic that computes contact coverage per account/opportunity (roles/personas, active contacts, engagement recency) so multi-threading prompts are triggered from accurate data. Resolve cases where coverage is stale or incorrect after CRM syncs, contact merges, or opportunity stage changes, leading to missing or irrelevant prompts. Add lightweight telemetry for coverage inputs/outputs to validate prompt eligibility in production.",
      "link": "https://www.onyx.app/73623"
    }
  ],
  "primary_owners": [],
  "secondary_owners": []
}