{
  "id": "6870834",
  "semantic_identifier": "[GOLD-198]: Implement status normalization service using canonical status mapping (ingest + outbound payloads)",
  "title": "Implement status normalization service using canonical status mapping (ingest + outbound payloads)",
  "source": "linear",
  "doc_updated_at": "2025-12-28",
  "metadata": {
    "team": "engineering",
    "creator": {
      "name": "sofia_ramirez",
      "email": "sofia_ramirez@netherite-extraction.onyx.app"
    },
    "assignee": {
      "name": "andre_robinson",
      "email": "andre_robinson@netherite-extraction.onyx.app"
    },
    "state": "open",
    "priority": "low",
    "created_at": "2025-12-28"
  },
  "doc_metadata": null,
  "sections": [
    {
      "text": "Create a shared status-normalization module that translates external statuses (Zendesk/Intercom, Jira/Linear, CRM) to the canonical Issue Tracker status using the mapping table from GOLD-197. Apply this module in the ingestion/update pipelines so all stored issue objects persist only canonical status + original external status metadata. Gracefully handle unknown/deprecated external statuses by assigning an explicit fallback canonical status and emitting structured logs for later cleanup.",
      "link": "https://www.onyx.app/84736"
    }
  ],
  "primary_owners": [],
  "secondary_owners": []
}