{
  "id": "2992883",
  "semantic_identifier": "[GOLD-192]: Add standardized \u201cAttribution Evidence\u201d fields to Issue objects",
  "title": "Add standardized \u201cAttribution Evidence\u201d fields to Issue objects",
  "source": "linear",
  "doc_updated_at": "2025-12-31",
  "metadata": {
    "team": "engineering",
    "creator": {
      "name": "michael_anderson",
      "email": "michael_anderson@netherite-extraction.onyx.app"
    },
    "assignee": {
      "name": "jason_morris",
      "email": "jason_morris@netherite-extraction.onyx.app"
    },
    "state": "in_progress",
    "priority": "low",
    "created_at": "2025-12-31"
  },
  "doc_metadata": null,
  "sections": [
    {
      "text": "Introduce a lightweight, structured section on each Issue for attribution inputs (e.g., impacted accounts, revenue at risk, hypothesis of expected impact, and linked downstream work IDs). Ensure these fields are captured consistently from support/CRM/pipeline context and remain auditable over time. This establishes a shared baseline for later reporting so attribution debates can reference the same source-of-truth data.",
      "link": "https://www.onyx.app/46146"
    }
  ],
  "primary_owners": [],
  "secondary_owners": []
}