{
  "id": "1548713",
  "semantic_identifier": "[GOLD-73]: Implement CRM-embedded Guidance panel shell for Account & Opportunity views",
  "title": "Implement CRM-embedded Guidance panel shell for Account & Opportunity views",
  "source": "linear",
  "doc_updated_at": "2025-04-12",
  "metadata": {
    "team": "engineering",
    "creator": {
      "name": "sofia_ramirez",
      "email": "sofia_ramirez@netherite-extraction.onyx.app"
    },
    "assignee": {
      "name": "jason_morris",
      "email": "jason_morris@netherite-extraction.onyx.app"
    },
    "state": "done",
    "priority": "medium",
    "created_at": "2025-04-12"
  },
  "doc_metadata": null,
  "sections": [
    {
      "text": "Build the initial in-CRM Guidance surface (per GOLD-72 spec) that renders inside the Salesforce/HubSpot record page for Accounts and Opportunities without redirecting users to Sales Accelerator. The panel should load the correct record context (CRM object + ID), handle auth/session handoff, and display a basic container state (loading/empty/error) ready for guidance content blocks. This ticket is focused on the embedded container + context wiring; guidance block rendering and copy actions are handled in subsequent tickets.",
      "link": "https://www.onyx.app/67778"
    }
  ],
  "primary_owners": [],
  "secondary_owners": []
}