{
  "id": "9355408",
  "semantic_identifier": "[GOLD-160]: Customer Analyzer v1: Backfill + scheduled refresh for segment IDs and fit tiers on existing accounts",
  "title": "Customer Analyzer v1: Backfill + scheduled refresh for segment IDs and fit tiers on existing accounts",
  "source": "linear",
  "doc_updated_at": "2025-07-14",
  "metadata": {
    "team": "engineering",
    "creator": {
      "name": "kenji_watanabe",
      "email": "kenji_watanabe@netherite-extraction.onyx.app"
    },
    "assignee": {
      "name": "jiwon_kang",
      "email": "jiwon_kang@netherite-extraction.onyx.app"
    },
    "state": "done",
    "priority": "high",
    "created_at": "2025-07-14"
  },
  "doc_metadata": null,
  "sections": [
    {
      "text": "Add a backfill job to populate Customer Analyzer segment IDs and fit tiers for all existing Issue Tracker accounts referenced by past ingested conversations, handling missing/unknown values safely. Implement a scheduled refresh mechanism (e.g., daily with per-account TTL using last_fetched_at) to keep these fields reasonably up to date without hammering Customer Analyzer. Ensure the job is idempotent and produces basic metrics/logging for success/failure rates.",
      "link": "https://www.onyx.app/27522"
    }
  ],
  "primary_owners": [],
  "secondary_owners": []
}