{
  "id": "3973211",
  "semantic_identifier": "[GOLD-77]: Add backend API to fetch canonical Customer Analyzer positioning block + version metadata for staleness checks",
  "title": "Add backend API to fetch canonical Customer Analyzer positioning block + version metadata for staleness checks",
  "source": "linear",
  "doc_updated_at": "2025-05-03",
  "metadata": {
    "team": "engineering",
    "creator": {
      "name": "sofia_ramirez",
      "email": "sofia_ramirez@netherite-extraction.onyx.app"
    },
    "assignee": {
      "name": "andre_robinson",
      "email": "andre_robinson@netherite-extraction.onyx.app"
    },
    "state": "done",
    "priority": "high",
    "created_at": "2025-05-03"
  },
  "doc_metadata": null,
  "sections": [
    {
      "text": "Implement a Sales Accelerator service endpoint that, given an account/opportunity ID, returns the latest Customer Analyzer positioning block content plus stable identifier/version and last-updated timestamp. This unblocks reliable stale-vs-latest comparisons and the \u201cReplace with latest from Customer Analyzer\u201d action without relying on manually pasted text as a source of truth. Include error handling for missing/unauthorized CA data and cache responses briefly to avoid repeated CA calls during edit flows.",
      "link": "https://www.onyx.app/95527"
    }
  ],
  "primary_owners": [],
  "secondary_owners": []
}