{
  "id": "1944164",
  "semantic_identifier": "[GOLD-121]: Customer Analyzer v2: Enforce \u201capproved messaging only\u201d in Sales Accelerator draft generation",
  "title": "Customer Analyzer v2: Enforce \u201capproved messaging only\u201d in Sales Accelerator draft generation",
  "source": "linear",
  "doc_updated_at": "2025-12-12",
  "metadata": {
    "team": "engineering",
    "creator": {
      "name": "michael_anderson",
      "email": "michael_anderson@netherite-extraction.onyx.app"
    },
    "assignee": {
      "name": "brooke_spencer",
      "email": "brooke_spencer@netherite-extraction.onyx.app"
    },
    "state": "done",
    "priority": "low",
    "created_at": "2025-12-12"
  },
  "doc_metadata": null,
  "sections": [
    {
      "text": "Update the draft generation pipeline to only use Customer Analyzer messaging blocks that are marked approved and match the currently active messaging version. If the target record is in an `alignment_failed` state (from the existing sync check) or no approved blocks exist for the expected version, prevent generating a draft and return a structured \u201cblocked\u201d response for the UI to handle. Ensure the enforcement applies consistently across initiation and follow-up draft endpoints.",
      "link": "https://www.onyx.app/88681"
    }
  ],
  "primary_owners": [],
  "secondary_owners": []
}