{
  "id": "7308958",
  "semantic_identifier": "[GOLD-152]: Implement segment/ICP weighting in priority scoring with configurable defaults",
  "title": "Implement segment/ICP weighting in priority scoring with configurable defaults",
  "source": "linear",
  "doc_updated_at": "2025-05-12",
  "metadata": {
    "team": "engineering",
    "creator": {
      "name": "sofia_ramirez",
      "email": "sofia_ramirez@netherite-extraction.onyx.app"
    },
    "assignee": {
      "name": "andre_robinson",
      "email": "andre_robinson@netherite-extraction.onyx.app"
    },
    "state": "done",
    "priority": "low",
    "created_at": "2025-05-12"
  },
  "doc_metadata": null,
  "sections": [
    {
      "text": "Update the priority scoring algorithm to incorporate the newly persisted segment and ICP-fit attributes when calculating issue/theme priority. Add a small, config-driven weighting layer (with sensible defaults) so Product/Support can tune the influence of segment/ICP without code changes. Ensure missing or conflicting segment/ICP values fall back to neutral weight and do not degrade score generation.",
      "link": "https://www.onyx.app/45786"
    }
  ],
  "primary_owners": [],
  "secondary_owners": []
}