{
  "id": "1927823",
  "semantic_identifier": "[GOLD-169]: issue_history v2: Implement SLA timer calculation + lifecycle events",
  "title": "issue_history v2: Implement SLA timer calculation + lifecycle events",
  "source": "linear",
  "doc_updated_at": "2025-06-12",
  "metadata": {
    "team": "engineering",
    "creator": {
      "name": "kenji_watanabe",
      "email": "kenji_watanabe@netherite-extraction.onyx.app"
    },
    "assignee": {
      "name": "kevin_sullivan",
      "email": "kevin_sullivan@netherite-extraction.onyx.app"
    },
    "state": "backlog",
    "priority": "medium",
    "created_at": "2025-06-12"
  },
  "doc_metadata": null,
  "sections": [
    {
      "text": "Add SLA timer support to issue_history v2 by recording SLA lifecycle events (start, pause, resume, stop) tied to issue state/ownership transitions and key triage milestones. Implement backend logic to compute elapsed SLA time and current SLA status from the event stream, including handling reassignment and reopen scenarios. Expose the computed fields via API so downstream UI/reporting can display time-to-triage/time-to-resolution consistently.",
      "link": "https://www.onyx.app/78456"
    }
  ],
  "primary_owners": [],
  "secondary_owners": []
}