{
  "id": "7815347",
  "semantic_identifier": "[GOLD-138]: Persist manual cluster merge/split decisions across re-ingest",
  "title": "Persist manual cluster merge/split decisions across re-ingest",
  "source": "linear",
  "doc_updated_at": "2025-04-25",
  "metadata": {
    "team": "engineering",
    "creator": {
      "name": "michael_anderson",
      "email": "michael_anderson@netherite-extraction.onyx.app"
    },
    "assignee": {
      "name": "kevin_sullivan",
      "email": "kevin_sullivan@netherite-extraction.onyx.app"
    },
    "state": "done",
    "priority": "low",
    "created_at": "2025-04-25"
  },
  "doc_metadata": null,
  "sections": [
    {
      "text": "Manual merge/split operations in issue_clustering are not consistently preserved when the same source conversations are re-ingested, causing previously curated themes to revert or fragment. Add a durable \u201ccuration override\u201d layer (merge groups + split rules) that is applied after automated clustering and before cluster summaries/tags are generated. Include a regression test that performs merge/split, replays ingestion, and asserts stable cluster IDs, membership, and curation metadata.",
      "link": "https://www.onyx.app/96325"
    }
  ],
  "primary_owners": [],
  "secondary_owners": []
}