{
  "id": "7632445",
  "semantic_identifier": "[GOLD-143]: Expose issue_prioritization score breakdown in Issue Theme API + UI",
  "title": "Expose issue_prioritization score breakdown in Issue Theme API + UI",
  "source": "linear",
  "doc_updated_at": "2025-05-12",
  "metadata": {
    "team": "engineering",
    "creator": {
      "name": "kenji_watanabe",
      "email": "kenji_watanabe@netherite-extraction.onyx.app"
    },
    "assignee": {
      "name": "brooke_spencer",
      "email": "brooke_spencer@netherite-extraction.onyx.app"
    },
    "state": "backlog",
    "priority": "high",
    "created_at": "2025-05-12"
  },
  "doc_metadata": null,
  "sections": [
    {
      "text": "Priority scores are being computed but the MVP requires an explainable breakdown to make the ranking defensible. Add API fields on the issue theme response to return total score + per-factor contributions (frequency, severity, ARR tier) and the active scoring config version used. Update the Issue Theme detail and list views to display the breakdown consistently, including clear labels for fallbacks (e.g., unknown ARR tier/default severity) so users can understand why an issue is ranked where it is.",
      "link": "https://www.onyx.app/65176"
    }
  ],
  "primary_owners": [],
  "secondary_owners": []
}