{
  "id": "5683140",
  "semantic_identifier": "[GOLD-199]: Add compliance requirements checklist to deployment readiness workflow",
  "title": "Add compliance requirements checklist to deployment readiness workflow",
  "source": "linear",
  "doc_updated_at": "2025-12-25",
  "metadata": {
    "team": "engineering",
    "creator": {
      "name": "sofia_ramirez",
      "email": "sofia_ramirez@netherite-extraction.onyx.app"
    },
    "assignee": {
      "name": "kevin_sullivan",
      "email": "kevin_sullivan@netherite-extraction.onyx.app"
    },
    "state": "done",
    "priority": "low",
    "created_at": "2025-12-25"
  },
  "doc_metadata": null,
  "sections": [
    {
      "text": "Implement a lightweight, configurable compliance checklist (security review, DPA, retention constraints) that can be attached to an issue/theme and marked as required for deployment readiness. Expose checklist status in the issue object and downstream engineering link (Jira/Linear) so teams can see blockers early. This reduces late-stage compliance surprises that currently slow deployments.",
      "link": "https://www.onyx.app/19043"
    }
  ],
  "primary_owners": [],
  "secondary_owners": []
}