{
  "id": "8604917",
  "semantic_identifier": "[GOLD-18]: Add observability for scheduled sync jobs across CRM, Support, and Product Analytics integrations",
  "title": "Add observability for scheduled sync jobs across CRM, Support, and Product Analytics integrations",
  "source": "linear",
  "doc_updated_at": "2025-07-14",
  "metadata": {
    "team": "engineering",
    "creator": {
      "name": "sofia_ramirez",
      "email": "sofia_ramirez@netherite-extraction.onyx.app"
    },
    "assignee": {
      "name": "brooke_spencer",
      "email": "brooke_spencer@netherite-extraction.onyx.app"
    },
    "state": "backlog",
    "priority": "medium",
    "created_at": "2025-07-14"
  },
  "doc_metadata": null,
  "sections": [
    {
      "text": "Implement consistent logging and metrics for scheduled sync runs (start/end timestamps, duration, records processed, API errors, and retries) for each integration type. Surface a per-connection sync status (last successful run, last failure reason) to make it clear when data is stale and why. This will enable reliable diagnosis of scheduled sync failures before making functional changes in subsequent tickets.",
      "link": "https://www.onyx.app/48997"
    }
  ],
  "primary_owners": [],
  "secondary_owners": []
}