{
  "id": "4028026",
  "semantic_identifier": "[GOLD-85]: [GOLD-85]: Incorporate Customer Analyzer fit/segment/positioning blocks into follow-up guidance generation",
  "title": "[GOLD-85]: Incorporate Customer Analyzer fit/segment/positioning blocks into follow-up guidance generation",
  "source": "linear",
  "doc_updated_at": "2025-07-13",
  "metadata": {
    "team": "engineering",
    "creator": {
      "name": "sofia_ramirez",
      "email": "sofia_ramirez@netherite-extraction.onyx.app"
    },
    "assignee": {
      "name": "jason_morris",
      "email": "jason_morris@netherite-extraction.onyx.app"
    },
    "state": "done",
    "priority": "medium",
    "created_at": "2025-07-13"
  },
  "doc_metadata": null,
  "sections": [
    {
      "text": "Update the follow-up guidance generator to consume the Customer Analyzer context (fit score, segment, approved positioning blocks) surfaced by the retrieval layer when producing next-step recommendations and messaging for in-flight opportunities. Implement deterministic selection rules for which approved positioning blocks to reference (e.g., top N, stable ordering) and ensure graceful fallback to the existing follow-up flow when data is missing, stale, or unmapped. Add unit/fixture tests that verify the Customer Analyzer fields are reflected in generated follow-up guidance and that fallbacks behave correctly.",
      "link": "https://www.onyx.app/66389"
    }
  ],
  "primary_owners": [],
  "secondary_owners": []
}