{
  "id": "6788484",
  "semantic_identifier": "[GOLD-33]: Expose recommendation conflict metadata via API for segment positioning views",
  "title": "Expose recommendation conflict metadata via API for segment positioning views",
  "source": "linear",
  "doc_updated_at": "2025-07-13",
  "metadata": {
    "team": "engineering",
    "creator": {
      "name": "kenji_watanabe",
      "email": "kenji_watanabe@netherite-extraction.onyx.app"
    },
    "assignee": {
      "name": "kevin_sullivan",
      "email": "kevin_sullivan@netherite-extraction.onyx.app"
    },
    "state": "cancelled",
    "priority": "high",
    "created_at": "2025-07-13"
  },
  "doc_metadata": null,
  "sections": [
    {
      "text": "Add API support to fetch persisted recommendation conflict metadata (from GOLD-32) alongside positioning recommendations for one or more segments. Define a stable response schema that includes conflicting segments, recommendation category/field, and the conflicting statements, with pagination/filters as needed for the UI. Ensure conflicts are only returned for the requesting workspace and are covered by integration tests.",
      "link": "https://www.onyx.app/89542"
    }
  ],
  "primary_owners": [],
  "secondary_owners": []
}