{
  "id": "8997169",
  "semantic_identifier": "[GOLD-34]: Surface recommendation conflicts in Segment Positioning UI",
  "title": "Surface recommendation conflicts in Segment Positioning UI",
  "source": "linear",
  "doc_updated_at": "2025-09-09",
  "metadata": {
    "team": "engineering",
    "creator": {
      "name": "sofia_ramirez",
      "email": "sofia_ramirez@netherite-extraction.onyx.app"
    },
    "assignee": {
      "name": "jason_morris",
      "email": "jason_morris@netherite-extraction.onyx.app"
    },
    "state": "in_progress",
    "priority": "low",
    "created_at": "2025-09-09"
  },
  "doc_metadata": null,
  "sections": [
    {
      "text": "Update the Segment Positioning view to consume the conflict metadata returned by the API and visually flag recommendations that are in conflict with other segments. Add a compact conflict indicator per recommendation category with a drill-in panel listing the conflicting segments and statements. Ensure the UI gracefully handles missing/empty conflict metadata (feature off or older workspaces) without breaking existing recommendation rendering.",
      "link": "https://www.onyx.app/12788"
    }
  ],
  "primary_owners": [],
  "secondary_owners": []
}