{
  "id": "6011423",
  "semantic_identifier": "[GOLD-19]: Prevent overlapping scheduled sync runs per integration connection (CRM/Support/Product Analytics)",
  "title": "Prevent overlapping scheduled sync runs per integration connection (CRM/Support/Product Analytics)",
  "source": "linear",
  "doc_updated_at": "2025-07-18",
  "metadata": {
    "team": "engineering",
    "creator": {
      "name": "sofia_ramirez",
      "email": "sofia_ramirez@netherite-extraction.onyx.app"
    },
    "assignee": {
      "name": "kevin_sullivan",
      "email": "kevin_sullivan@netherite-extraction.onyx.app"
    },
    "state": "backlog",
    "priority": "low",
    "created_at": "2025-07-18"
  },
  "doc_metadata": null,
  "sections": [
    {
      "text": "Scheduled sync jobs can overlap for the same connection, leading to skipped pages, partial ingestion, or rate-limit cascades across CRM, support, and product analytics integrations. Add a per-connection lock/lease (with TTL) so only one sync run can execute at a time, and ensure a safe release on completion/failure. If a run is already in progress, the scheduler should defer/skip with a clear reason for later diagnosis (leveraging existing observability work).",
      "link": "https://www.onyx.app/69326"
    }
  ],
  "primary_owners": [],
  "secondary_owners": []
}