{
  "id": "5549024",
  "semantic_identifier": "[GOLD-118]: Add retention policy enforcement for AI-generated content and associated audit records",
  "title": "Add retention policy enforcement for AI-generated content and associated audit records",
  "source": "linear",
  "doc_updated_at": "2025-11-16",
  "metadata": {
    "team": "engineering",
    "creator": {
      "name": "sofia_ramirez",
      "email": "sofia_ramirez@netherite-extraction.onyx.app"
    },
    "assignee": {
      "name": "kevin_sullivan",
      "email": "kevin_sullivan@netherite-extraction.onyx.app"
    },
    "state": "backlog",
    "priority": "low",
    "created_at": "2025-11-16"
  },
  "doc_metadata": null,
  "sections": [
    {
      "text": "Implement backend retention rules for AI-generated artifacts (emails, call notes, next-best-action recommendations) and their audit records, with configurable retention periods per tenant. Add scheduled cleanup that hard-deletes or anonymizes expired records while preserving referential integrity and preventing access via API/UI. Expose retention status/expiry metadata for admins to validate policy behavior without duplicating RBAC or audit event capture work.",
      "link": "https://www.onyx.app/34858"
    }
  ],
  "primary_owners": [],
  "secondary_owners": []
}