{
  "id": "8677940",
  "semantic_identifier": "[GOLD-159]: Customer Analyzer v1: Fetch and store segment IDs + fit tiers for customer accounts",
  "title": "Customer Analyzer v1: Fetch and store segment IDs + fit tiers for customer accounts",
  "source": "linear",
  "doc_updated_at": "2025-08-27",
  "metadata": {
    "team": "engineering",
    "creator": {
      "name": "michael_anderson",
      "email": "michael_anderson@netherite-extraction.onyx.app"
    },
    "assignee": {
      "name": "kevin_sullivan",
      "email": "kevin_sullivan@netherite-extraction.onyx.app"
    },
    "state": "cancelled",
    "priority": "medium",
    "created_at": "2025-08-27"
  },
  "doc_metadata": null,
  "sections": [
    {
      "text": "Implement the initial integration layer to call Customer Analyzer and retrieve segment IDs and fit tier for accounts referenced by ingested support conversations. Persist these fields on the Issue Tracker customer/account model with basic freshness metadata (e.g., last_fetched_at) and handle missing/unknown values gracefully. This ticket focuses only on data retrieval and storage, not on priority weighting or UI/analytics slicing.",
      "link": "https://www.onyx.app/32958"
    }
  ],
  "primary_owners": [],
  "secondary_owners": []
}