{
  "id": "3485513",
  "semantic_identifier": "[GOLD-161]: Incorporate Customer Analyzer fit tier + segment into issue priority weighting",
  "title": "Incorporate Customer Analyzer fit tier + segment into issue priority weighting",
  "source": "linear",
  "doc_updated_at": "2025-06-21",
  "metadata": {
    "team": "engineering",
    "creator": {
      "name": "michael_anderson",
      "email": "michael_anderson@netherite-extraction.onyx.app"
    },
    "assignee": {
      "name": "jason_morris",
      "email": "jason_morris@netherite-extraction.onyx.app"
    },
    "state": "done",
    "priority": "high",
    "created_at": "2025-06-21"
  },
  "doc_metadata": null,
  "sections": [
    {
      "text": "Update the Issue Tracker prioritization pipeline to apply weighting based on Customer Analyzer-provided fit_tier and segment_id for impacted accounts (no new ICP/segment logic). Define a deterministic mapping (config-driven) from fit_tier/segment to multiplier(s) and ensure issues with mixed/missing account metadata degrade gracefully to current scoring. Persist the computed segment/fit-weighted components on the issue/theme score breakdown for auditability and downstream debugging.",
      "link": "https://www.onyx.app/79504"
    }
  ],
  "primary_owners": [],
  "secondary_owners": []
}