{
  "id": "9518177",
  "semantic_identifier": "[GOLD-175]: Adjust priority scoring to weight sales/opportunity signals by quality and cap their influence",
  "title": "Adjust priority scoring to weight sales/opportunity signals by quality and cap their influence",
  "source": "linear",
  "doc_updated_at": "2025-06-23",
  "metadata": {
    "team": "engineering",
    "creator": {
      "name": "michael_anderson",
      "email": "michael_anderson@netherite-extraction.onyx.app"
    },
    "assignee": {
      "name": "andre_robinson",
      "email": "andre_robinson@netherite-extraction.onyx.app"
    },
    "state": "done",
    "priority": "medium",
    "created_at": "2025-06-23"
  },
  "doc_metadata": null,
  "sections": [
    {
      "text": "Update the priority scoring model so sales/opportunity linkage contributes based on opportunity quality (e.g., stage, ARR magnitude, ICP fit) and is capped to prevent dominating the overall issue score. Add time decay for stale opportunities so old deal asks don\u2019t keep issues artificially elevated. Ensure the sales contribution cannot exceed the contribution from support/customer evidence when evidence is sparse.",
      "link": "https://www.onyx.app/51080"
    }
  ],
  "primary_owners": [],
  "secondary_owners": []
}