{
  "id": "9108592",
  "semantic_identifier": "[GOLD-177]: Implement batching + backpressure controls in ingestion pipeline to prevent backlog blowups",
  "title": "Implement batching + backpressure controls in ingestion pipeline to prevent backlog blowups",
  "source": "linear",
  "doc_updated_at": "2025-06-29",
  "metadata": {
    "team": "engineering",
    "creator": {
      "name": "sofia_ramirez",
      "email": "sofia_ramirez@netherite-extraction.onyx.app"
    },
    "assignee": {
      "name": "tyler_jenkins",
      "email": "tyler_jenkins@netherite-extraction.onyx.app"
    },
    "state": "done",
    "priority": "medium",
    "created_at": "2025-06-29"
  },
  "doc_metadata": null,
  "sections": [
    {
      "text": "Add configurable batch sizing and concurrency limits for fetch/parse/dedupe/persist stages so ingestion throughput scales without overwhelming DB and downstream sync. Introduce backpressure based on queue depth and retry rates (e.g., slow consumers, pause/resume sources) to avoid unbounded work-item growth during large backfills. Ensure idempotency is preserved when batching and when throttling causes retries.",
      "link": "https://www.onyx.app/71692"
    }
  ],
  "primary_owners": [],
  "secondary_owners": []
}