{
  "id": "2793325",
  "semantic_identifier": "[GOLD-92]: Warning alerts v2: Route alerts to correct manager based on account/opportunity ownership",
  "title": "Warning alerts v2: Route alerts to correct manager based on account/opportunity ownership",
  "source": "linear",
  "doc_updated_at": "2025-09-04",
  "metadata": {
    "team": "engineering",
    "creator": {
      "name": "michael_anderson",
      "email": "michael_anderson@netherite-extraction.onyx.app"
    },
    "assignee": {
      "name": "jiwon_kang",
      "email": "jiwon_kang@netherite-extraction.onyx.app"
    },
    "state": "open",
    "priority": "medium",
    "created_at": "2025-09-04"
  },
  "doc_metadata": null,
  "sections": [
    {
      "text": "Fix warning alert routing so notifications are sent to the appropriate manager (and not only the deal owner or a default channel) based on the account/opportunity\u2019s management hierarchy. Use CRM-derived owner/manager fields and define a deterministic fallback when manager data is missing or stale. Add lightweight logging for routed recipient and fallback reason to support troubleshooting without changing alert content.",
      "link": "https://www.onyx.app/15724"
    }
  ],
  "primary_owners": [],
  "secondary_owners": []
}