{
  "id": "3750802",
  "semantic_identifier": "[GOLD-195]: Add guardrails for auto-routing/auto-creation (rate limits + idempotency)",
  "title": "Add guardrails for auto-routing/auto-creation (rate limits + idempotency)",
  "source": "linear",
  "doc_updated_at": "2025-10-20",
  "metadata": {
    "team": "engineering",
    "creator": {
      "name": "michael_anderson",
      "email": "michael_anderson@netherite-extraction.onyx.app"
    },
    "assignee": {
      "name": "kevin_sullivan",
      "email": "kevin_sullivan@netherite-extraction.onyx.app"
    },
    "state": "done",
    "priority": "medium",
    "created_at": "2025-10-20"
  },
  "doc_metadata": null,
  "sections": [
    {
      "text": "Implement backend safeguards to prevent Jira spam from Issue Tracker auto-routing/auto-creation by adding per-workspace rate limiting and strict idempotency keys for issue->Jira ticket creation. Ensure retries, webhook replays, and dedupe/cluster updates cannot create duplicate Jira issues or repeatedly re-route ownership. Log and surface blocked attempts with reason codes to support later tuning and auditing.",
      "link": "https://www.onyx.app/75998"
    }
  ],
  "primary_owners": [],
  "secondary_owners": []
}