{
  "id": "9168559",
  "semantic_identifier": "[GOLD-137]: Fix non-deterministic semantic clustering creating duplicate clusters on re-ingest",
  "title": "Fix non-deterministic semantic clustering creating duplicate clusters on re-ingest",
  "source": "linear",
  "doc_updated_at": "2025-05-16",
  "metadata": {
    "team": "engineering",
    "creator": {
      "name": "sofia_ramirez",
      "email": "sofia_ramirez@netherite-extraction.onyx.app"
    },
    "assignee": {
      "name": "andre_robinson",
      "email": "andre_robinson@netherite-extraction.onyx.app"
    },
    "state": "done",
    "priority": "medium",
    "created_at": "2025-05-16"
  },
  "doc_metadata": null,
  "sections": [
    {
      "text": "Semantic grouping currently produces inconsistent cluster assignments across repeated ingestion runs, resulting in duplicate clusters/themes for the same underlying issue. Update the clustering pipeline to use stable inputs (normalized text, consistent embedding/versioning) and enforce idempotent cluster creation/update logic so reprocessing does not fork themes. Add a regression test that replays the same set of source conversations twice and asserts identical cluster IDs and membership.",
      "link": "https://www.onyx.app/81752"
    }
  ],
  "primary_owners": [],
  "secondary_owners": []
}