{
  "id": "8973121",
  "semantic_identifier": "[GOLD-43]: Define Messaging Library export data model and API contract",
  "title": "Define Messaging Library export data model and API contract",
  "source": "linear",
  "doc_updated_at": "2025-10-25",
  "metadata": {
    "team": "engineering",
    "creator": {
      "name": "sofia_ramirez",
      "email": "sofia_ramirez@netherite-extraction.onyx.app"
    },
    "assignee": {
      "name": "jason_morris",
      "email": "jason_morris@netherite-extraction.onyx.app"
    },
    "state": "cancelled",
    "priority": "low",
    "created_at": "2025-10-25"
  },
  "doc_metadata": null,
  "sections": [
    {
      "text": "Create a clear data model and API contract for exporting approved positioning assets (value props, differentiators, proof points, objections) from the Messaging Library to external sales/marketing tools. Specify required fields, versioning, approval state rules, and identifiers for mapping updates vs. new exports. Document the endpoints/payloads and expected auth method so subsequent implementation tickets can build against a stable spec.",
      "link": "https://www.onyx.app/79997"
    }
  ],
  "primary_owners": [],
  "secondary_owners": []
}