{
  "id": "5968329",
  "semantic_identifier": "[GOLD-37]: Add counterfactual \u201cwhat would improve fit\u201d suggestions to Fit Score explainability",
  "title": "Add counterfactual \u201cwhat would improve fit\u201d suggestions to Fit Score explainability",
  "source": "linear",
  "doc_updated_at": "2026-01-20",
  "metadata": {
    "team": "engineering",
    "creator": {
      "name": "sofia_ramirez",
      "email": "sofia_ramirez@netherite-extraction.onyx.app"
    },
    "assignee": {
      "name": "ryan_murphy",
      "email": "ryan_murphy@netherite-extraction.onyx.app"
    },
    "state": "open",
    "priority": "low",
    "created_at": "2026-01-20"
  },
  "doc_metadata": null,
  "sections": [
    {
      "text": "Extend the explainability service to generate counterfactual guidance for a segment/account: the minimal changes to key signals (e.g., firmographics, usage, integrations, support volume) that would materially increase Fit Score. Define a deterministic, bounded output schema (top N suggestions with expected delta and required field/value changes) and ensure results are stable and safe (no PII leakage, no suggesting impossible changes). Add unit tests covering low-signal cases, conflicting signals, and capped output size.",
      "link": "https://www.onyx.app/46668"
    }
  ],
  "primary_owners": [],
  "secondary_owners": []
}