{
  "id": "hubspot_company_4863391",
  "semantic_identifier": "Bayfront Helix Genetics",
  "title": null,
  "source": "hubspot",
  "doc_updated_at": "2025-12-03 00:00:00",
  "metadata": {
    "object_type": "company",
    "company_id": "4863391",
    "domain": "bayfront_helix_genetics.onyx.app",
    "associated_contact_ids": []
  },
  "doc_metadata": {
    "hierarchy": {
      "source_path": [
        "Companies"
      ]
    }
  },
  "sections": [
    {
      "text": "Company: Bayfront Helix Genetics\nDomain: bayfront_helix_genetics.onyx.app",
      "link": "https://www.onyx.app/79572"
    },
    {
      "text": "Contact: Rania Saleh\nEmail: rania_saleh@bayfront_helix_genetics.onyx.app",
      "link": "https://www.onyx.app/68907"
    }
  ],
  "primary_owners": [],
  "secondary_owners": []
}