{
  "id": "hubspot_company_8388370",
  "semantic_identifier": "Brighthearth Manufacturing",
  "title": null,
  "source": "hubspot",
  "doc_updated_at": "2025-08-21 00:00:00",
  "metadata": {
    "object_type": "company",
    "company_id": "8388370",
    "domain": "brighthearth_manufacturing.onyx.app",
    "associated_contact_ids": []
  },
  "doc_metadata": {
    "hierarchy": {
      "source_path": [
        "Companies"
      ]
    }
  },
  "sections": [
    {
      "text": "Company: Brighthearth Manufacturing\nDomain: brighthearth_manufacturing.onyx.app",
      "link": "https://www.onyx.app/30959"
    },
    {
      "text": "Contact: Alina Pham\nEmail: alina_pham@brighthearth_manufacturing.onyx.app",
      "link": "https://www.onyx.app/71355"
    }
  ],
  "primary_owners": [],
  "secondary_owners": []
}