{
  "id": "hubspot_company_6334219",
  "semantic_identifier": "Circlecompass Travel",
  "title": null,
  "source": "hubspot",
  "doc_updated_at": "2025-09-15 00:00:00",
  "metadata": {
    "object_type": "company",
    "company_id": "6334219",
    "domain": "circlecompass_travel.onyx.app",
    "associated_contact_ids": []
  },
  "doc_metadata": {
    "hierarchy": {
      "source_path": [
        "Companies"
      ]
    }
  },
  "sections": [
    {
      "text": "Company: Circlecompass Travel\nDomain: circlecompass_travel.onyx.app",
      "link": "https://www.onyx.app/92803"
    },
    {
      "text": "Contact: Oscar Montgomery\nEmail: oscar_montgomery@circlecompass_travel.onyx.app",
      "link": "https://www.onyx.app/54278"
    }
  ],
  "primary_owners": [],
  "secondary_owners": []
}