{
  "id": "hubspot_company_8655865",
  "semantic_identifier": "Cloudon Security",
  "title": null,
  "source": "hubspot",
  "doc_updated_at": "2025-09-13 00:00:00",
  "metadata": {
    "object_type": "company",
    "company_id": "8655865",
    "domain": "cloudon_security.onyx.app",
    "associated_contact_ids": []
  },
  "doc_metadata": {
    "hierarchy": {
      "source_path": [
        "Companies"
      ]
    }
  },
  "sections": [
    {
      "text": "Company: Cloudon Security\nDomain: cloudon_security.onyx.app",
      "link": "https://www.onyx.app/44042"
    },
    {
      "text": "Contact: Daniela Herrera\nEmail: daniela_herrera@cloudon_security.onyx.app",
      "link": "https://www.onyx.app/67538"
    }
  ],
  "primary_owners": [],
  "secondary_owners": []
}