{
  "id": "hubspot_company_7394585",
  "semantic_identifier": "Driftwood Orion Co",
  "title": null,
  "source": "hubspot",
  "doc_updated_at": "2025-05-17 00:00:00",
  "metadata": {
    "object_type": "company",
    "company_id": "7394585",
    "domain": "driftwood_orion_co.onyx.app",
    "associated_contact_ids": []
  },
  "doc_metadata": {
    "hierarchy": {
      "source_path": [
        "Companies"
      ]
    }
  },
  "sections": [
    {
      "text": "Company: Driftwood Orion Co\nDomain: driftwood_orion_co.onyx.app",
      "link": "https://www.onyx.app/86336"
    },
    {
      "text": "Contact: Marcus Anderson\nEmail: marcus_anderson@driftwood_orion_co.onyx.app",
      "link": "https://www.onyx.app/95626"
    }
  ],
  "primary_owners": [],
  "secondary_owners": []
}