{
  "id": "hubspot_company_9845989",
  "semantic_identifier": "Dunecrown Mining",
  "title": null,
  "source": "hubspot",
  "doc_updated_at": "2025-04-06 00:00:00",
  "metadata": {
    "object_type": "company",
    "company_id": "9845989",
    "domain": "dunecrown_mining.onyx.app",
    "associated_contact_ids": []
  },
  "doc_metadata": {
    "hierarchy": {
      "source_path": [
        "Companies"
      ]
    }
  },
  "sections": [
    {
      "text": "Company: Dunecrown Mining\nDomain: dunecrown_mining.onyx.app",
      "link": "https://www.onyx.app/84303"
    },
    {
      "text": "Contact: Bianca Ramirez\nEmail: bianca_ramirez@dunecrown_mining.onyx.app",
      "link": "https://www.onyx.app/37089"
    }
  ],
  "primary_owners": [],
  "secondary_owners": []
}