{
  "id": "hubspot_company_2675067",
  "semantic_identifier": "Echostone Industries",
  "title": null,
  "source": "hubspot",
  "doc_updated_at": "2025-07-04 00:00:00",
  "metadata": {
    "object_type": "company",
    "company_id": "2675067",
    "domain": "echostone_industries.onyx.app",
    "associated_contact_ids": []
  },
  "doc_metadata": {
    "hierarchy": {
      "source_path": [
        "Companies"
      ]
    }
  },
  "sections": [
    {
      "text": "Company: Echostone Industries\nDomain: echostone_industries.onyx.app",
      "link": "https://www.onyx.app/69202"
    },
    {
      "text": "Contact: Terry Bennett\nEmail: terry_bennett@echostone_industries.onyx.app",
      "link": "https://www.onyx.app/72005"
    }
  ],
  "primary_owners": [],
  "secondary_owners": []
}