{
  "id": "hubspot_company_2994789",
  "semantic_identifier": "Emberline Cartography",
  "title": null,
  "source": "hubspot",
  "doc_updated_at": "2025-10-19 00:00:00",
  "metadata": {
    "object_type": "company",
    "company_id": "2994789",
    "domain": "emberline_cartography.onyx.app",
    "associated_contact_ids": []
  },
  "doc_metadata": {
    "hierarchy": {
      "source_path": [
        "Companies"
      ]
    }
  },
  "sections": [
    {
      "text": "Company: Emberline Cartography\nDomain: emberline_cartography.onyx.app",
      "link": "https://www.onyx.app/50642"
    },
    {
      "text": "Contact: Imran Siddiqui\nEmail: imran_siddiqui@emberline_cartography.onyx.app",
      "link": "https://www.onyx.app/66947"
    }
  ],
  "primary_owners": [],
  "secondary_owners": []
}