{
  "id": "hubspot_company_3356487",
  "semantic_identifier": "Glassroot Cybernetics",
  "title": null,
  "source": "hubspot",
  "doc_updated_at": "2025-09-17 00:00:00",
  "metadata": {
    "object_type": "company",
    "company_id": "3356487",
    "domain": "glassroot_cybernetics.onyx.app",
    "associated_contact_ids": []
  },
  "doc_metadata": {
    "hierarchy": {
      "source_path": [
        "Companies"
      ]
    }
  },
  "sections": [
    {
      "text": "Company: Glassroot Cybernetics\nDomain: glassroot_cybernetics.onyx.app",
      "link": "https://www.onyx.app/43938"
    },
    {
      "text": "Contact: Jayden Turner\nEmail: jayden_turner@glassroot_cybernetics.onyx.app",
      "link": "https://www.onyx.app/32892"
    }
  ],
  "primary_owners": [],
  "secondary_owners": []
}