{
  "id": "hubspot_company_4710585",
  "semantic_identifier": "Granitewave Consulting",
  "title": null,
  "source": "hubspot",
  "doc_updated_at": "2025-08-20 00:00:00",
  "metadata": {
    "object_type": "company",
    "company_id": "4710585",
    "domain": "granitewave_consulting.onyx.app",
    "associated_contact_ids": []
  },
  "doc_metadata": {
    "hierarchy": {
      "source_path": [
        "Companies"
      ]
    }
  },
  "sections": [
    {
      "text": "Company: Granitewave Consulting\nDomain: granitewave_consulting.onyx.app",
      "link": "https://www.onyx.app/76591"
    },
    {
      "text": "Contact: Debra Hawkins\nEmail: debra_hawkins@granitewave_consulting.onyx.app",
      "link": "https://www.onyx.app/93321"
    }
  ],
  "primary_owners": [],
  "secondary_owners": []
}