{
  "id": "hubspot_company_8502471",
  "semantic_identifier": "Hilltop Orion Real Estate",
  "title": null,
  "source": "hubspot",
  "doc_updated_at": "2025-11-14 00:00:00",
  "metadata": {
    "object_type": "company",
    "company_id": "8502471",
    "domain": "hilltop_orion_real_estate.onyx.app",
    "associated_contact_ids": []
  },
  "doc_metadata": {
    "hierarchy": {
      "source_path": [
        "Companies"
      ]
    }
  },
  "sections": [
    {
      "text": "Company: Hilltop Orion Real Estate\nDomain: hilltop_orion_real_estate.onyx.app",
      "link": "https://www.onyx.app/37091"
    },
    {
      "text": "Contact: Daniela Rojas\nEmail: daniela_rojas@hilltop_orion_real_estate.onyx.app",
      "link": "https://www.onyx.app/16990"
    }
  ],
  "primary_owners": [],
  "secondary_owners": []
}