{
  "id": "hubspot_company_9119532",
  "semantic_identifier": "Juncturestone Ai",
  "title": null,
  "source": "hubspot",
  "doc_updated_at": "2025-12-13 00:00:00",
  "metadata": {
    "object_type": "company",
    "company_id": "9119532",
    "domain": "juncturestone_ai.onyx.app",
    "associated_contact_ids": []
  },
  "doc_metadata": {
    "hierarchy": {
      "source_path": [
        "Companies"
      ]
    }
  },
  "sections": [
    {
      "text": "Company: Juncturestone Ai\nDomain: juncturestone_ai.onyx.app",
      "link": "https://www.onyx.app/89668"
    },
    {
      "text": "Contact: Kendall Walker\nEmail: kendall_walker@juncturestone_ai.onyx.app",
      "link": "https://www.onyx.app/69555"
    }
  ],
  "primary_owners": [],
  "secondary_owners": []
}