{
  "id": "hubspot_company_3476570",
  "semantic_identifier": "Kappavantage Group",
  "title": null,
  "source": "hubspot",
  "doc_updated_at": "2025-08-16 00:00:00",
  "metadata": {
    "object_type": "company",
    "company_id": "3476570",
    "domain": "kappavantage_group.onyx.app",
    "associated_contact_ids": []
  },
  "doc_metadata": {
    "hierarchy": {
      "source_path": [
        "Companies"
      ]
    }
  },
  "sections": [
    {
      "text": "Company: Kappavantage Group\nDomain: kappavantage_group.onyx.app",
      "link": "https://www.onyx.app/66313"
    },
    {
      "text": "Contact: Mia Newman\nEmail: mia_newman@kappavantage_group.onyx.app",
      "link": "https://www.onyx.app/12216"
    }
  ],
  "primary_owners": [],
  "secondary_owners": []
}