{
  "id": "hubspot_company_2332734",
  "semantic_identifier": "Kestrelbloom Agriculture",
  "title": null,
  "source": "hubspot",
  "doc_updated_at": "2025-03-30 00:00:00",
  "metadata": {
    "object_type": "company",
    "company_id": "2332734",
    "domain": "kestrelbloom_agriculture.onyx.app",
    "associated_contact_ids": []
  },
  "doc_metadata": {
    "hierarchy": {
      "source_path": [
        "Companies"
      ]
    }
  },
  "sections": [
    {
      "text": "Company: Kestrelbloom Agriculture\nDomain: kestrelbloom_agriculture.onyx.app",
      "link": "https://www.onyx.app/32798"
    },
    {
      "text": "Contact: Sami Hamdan\nEmail: sami_hamdan@kestrelbloom_agriculture.onyx.app",
      "link": "https://www.onyx.app/35429"
    }
  ],
  "primary_owners": [],
  "secondary_owners": []
}