{
  "id": "hubspot_company_3109063",
  "semantic_identifier": "Lanternvale Properties",
  "title": null,
  "source": "hubspot",
  "doc_updated_at": "2025-12-01 00:00:00",
  "metadata": {
    "object_type": "company",
    "company_id": "3109063",
    "domain": "lanternvale_properties.onyx.app",
    "associated_contact_ids": []
  },
  "doc_metadata": {
    "hierarchy": {
      "source_path": [
        "Companies"
      ]
    }
  },
  "sections": [
    {
      "text": "Company: Lanternvale Properties\nDomain: lanternvale_properties.onyx.app",
      "link": "https://www.onyx.app/84074"
    },
    {
      "text": "Contact: Tyler Wheeler\nEmail: tyler_wheeler@lanternvale_properties.onyx.app",
      "link": "https://www.onyx.app/13985"
    }
  ],
  "primary_owners": [],
  "secondary_owners": []
}