{
  "id": "hubspot_company_4230136",
  "semantic_identifier": "Lighthouse Kinetics",
  "title": null,
  "source": "hubspot",
  "doc_updated_at": "2025-08-12 00:00:00",
  "metadata": {
    "object_type": "company",
    "company_id": "4230136",
    "domain": "lighthouse_kinetics.onyx.app",
    "associated_contact_ids": []
  },
  "doc_metadata": {
    "hierarchy": {
      "source_path": [
        "Companies"
      ]
    }
  },
  "sections": [
    {
      "text": "Company: Lighthouse Kinetics\nDomain: lighthouse_kinetics.onyx.app",
      "link": "https://www.onyx.app/87469"
    },
    {
      "text": "Contact: Albert Medina\nEmail: albert_medina@lighthouse_kinetics.onyx.app",
      "link": "https://www.onyx.app/66030"
    }
  ],
  "primary_owners": [],
  "secondary_owners": []
}