{
  "id": "hubspot_company_5290021",
  "semantic_identifier": "Lumentrail Innovations",
  "title": null,
  "source": "hubspot",
  "doc_updated_at": "2025-08-27 00:00:00",
  "metadata": {
    "object_type": "company",
    "company_id": "5290021",
    "domain": "lumentrail_innovations.onyx.app",
    "associated_contact_ids": []
  },
  "doc_metadata": {
    "hierarchy": {
      "source_path": [
        "Companies"
      ]
    }
  },
  "sections": [
    {
      "text": "Company: Lumentrail Innovations\nDomain: lumentrail_innovations.onyx.app",
      "link": "https://www.onyx.app/41881"
    },
    {
      "text": "Contact: Victoria Baker\nEmail: victoria_baker@lumentrail_innovations.onyx.app",
      "link": "https://www.onyx.app/58626"
    }
  ],
  "primary_owners": [],
  "secondary_owners": []
}