{
  "id": "hubspot_company_9476451",
  "semantic_identifier": "Marinerock Outdoor Gear",
  "title": null,
  "source": "hubspot",
  "doc_updated_at": "2025-03-26 00:00:00",
  "metadata": {
    "object_type": "company",
    "company_id": "9476451",
    "domain": "marinerock_outdoor_gear.onyx.app",
    "associated_contact_ids": []
  },
  "doc_metadata": {
    "hierarchy": {
      "source_path": [
        "Companies"
      ]
    }
  },
  "sections": [
    {
      "text": "Company: Marinerock Outdoor Gear\nDomain: marinerock_outdoor_gear.onyx.app",
      "link": "https://www.onyx.app/12803"
    },
    {
      "text": "Contact: Dustin Dean\nEmail: dustin_dean@marinerock_outdoor_gear.onyx.app",
      "link": "https://www.onyx.app/18336"
    }
  ],
  "primary_owners": [],
  "secondary_owners": []
}