{
  "id": "hubspot_company_5127440",
  "semantic_identifier": "Oceanmint Beverages",
  "title": null,
  "source": "hubspot",
  "doc_updated_at": "2025-08-01 00:00:00",
  "metadata": {
    "object_type": "company",
    "company_id": "5127440",
    "domain": "oceanmint_beverages.onyx.app",
    "associated_contact_ids": []
  },
  "doc_metadata": {
    "hierarchy": {
      "source_path": [
        "Companies"
      ]
    }
  },
  "sections": [
    {
      "text": "Company: Oceanmint Beverages\nDomain: oceanmint_beverages.onyx.app",
      "link": "https://www.onyx.app/24388"
    },
    {
      "text": "Contact: Eugene Ray\nEmail: eugene_ray@oceanmint_beverages.onyx.app",
      "link": "https://www.onyx.app/23990"
    }
  ],
  "primary_owners": [],
  "secondary_owners": []
}