{
  "id": "hubspot_company_4868757",
  "semantic_identifier": "Orchardline Supply",
  "title": null,
  "source": "hubspot",
  "doc_updated_at": "2025-08-18 00:00:00",
  "metadata": {
    "object_type": "company",
    "company_id": "4868757",
    "domain": "orchardline_supply.onyx.app",
    "associated_contact_ids": []
  },
  "doc_metadata": {
    "hierarchy": {
      "source_path": [
        "Companies"
      ]
    }
  },
  "sections": [
    {
      "text": "Company: Orchardline Supply\nDomain: orchardline_supply.onyx.app",
      "link": "https://www.onyx.app/39141"
    },
    {
      "text": "Contact: Madeline Cho\nEmail: madeline_cho@orchardline_supply.onyx.app",
      "link": "https://www.onyx.app/12881"
    }
  ],
  "primary_owners": [],
  "secondary_owners": []
}