{
  "id": "hubspot_company_1494839",
  "semantic_identifier": "Pedal & Dine Coffee",
  "title": null,
  "source": "hubspot",
  "doc_updated_at": "2025-05-30 00:00:00",
  "metadata": {
    "object_type": "company",
    "company_id": "1494839",
    "domain": "pedal_&_dine_coffee.onyx.app",
    "associated_contact_ids": []
  },
  "doc_metadata": {
    "hierarchy": {
      "source_path": [
        "Companies"
      ]
    }
  },
  "sections": [
    {
      "text": "Company: Pedal & Dine Coffee\nDomain: pedal_&_dine_coffee.onyx.app",
      "link": "https://www.onyx.app/47030"
    },
    {
      "text": "Contact: Allison Peterson\nEmail: allison_peterson@pedal_&_dine_coffee.onyx.app",
      "link": "https://www.onyx.app/47913"
    }
  ],
  "primary_owners": [],
  "secondary_owners": []
}