{
  "id": "hubspot_company_7150498",
  "semantic_identifier": "Quantacrest Nanotech",
  "title": null,
  "source": "hubspot",
  "doc_updated_at": "2025-09-04 00:00:00",
  "metadata": {
    "object_type": "company",
    "company_id": "7150498",
    "domain": "quantacrest_nanotech.onyx.app",
    "associated_contact_ids": []
  },
  "doc_metadata": {
    "hierarchy": {
      "source_path": [
        "Companies"
      ]
    }
  },
  "sections": [
    {
      "text": "Company: Quantacrest Nanotech\nDomain: quantacrest_nanotech.onyx.app",
      "link": "https://www.onyx.app/89879"
    },
    {
      "text": "Contact: Wendy Warren\nEmail: wendy_warren@quantacrest_nanotech.onyx.app",
      "link": "https://www.onyx.app/76741"
    }
  ],
  "primary_owners": [],
  "secondary_owners": []
}