{
  "id": "hubspot_company_4939836",
  "semantic_identifier": "Quartzhaven Insurance",
  "title": null,
  "source": "hubspot",
  "doc_updated_at": "2025-08-08 00:00:00",
  "metadata": {
    "object_type": "company",
    "company_id": "4939836",
    "domain": "quartzhaven_insurance.onyx.app",
    "associated_contact_ids": []
  },
  "doc_metadata": {
    "hierarchy": {
      "source_path": [
        "Companies"
      ]
    }
  },
  "sections": [
    {
      "text": "Company: Quartzhaven Insurance\nDomain: quartzhaven_insurance.onyx.app",
      "link": "https://www.onyx.app/86710"
    },
    {
      "text": "Contact: Zoe Jacobs\nEmail: zoe_jacobs@quartzhaven_insurance.onyx.app",
      "link": "https://www.onyx.app/66774"
    }
  ],
  "primary_owners": [],
  "secondary_owners": []
}