{
  "id": "hubspot_company_9987987",
  "semantic_identifier": "Ridgeway Lumen Telecom",
  "title": null,
  "source": "hubspot",
  "doc_updated_at": "2025-05-05 00:00:00",
  "metadata": {
    "object_type": "company",
    "company_id": "9987987",
    "domain": "ridgeway_lumen_telecom.onyx.app",
    "associated_contact_ids": []
  },
  "doc_metadata": {
    "hierarchy": {
      "source_path": [
        "Companies"
      ]
    }
  },
  "sections": [
    {
      "text": "Company: Ridgeway Lumen Telecom\nDomain: ridgeway_lumen_telecom.onyx.app",
      "link": "https://www.onyx.app/51449"
    },
    {
      "text": "Contact: Carl Burke\nEmail: carl_burke@ridgeway_lumen_telecom.onyx.app",
      "link": "https://www.onyx.app/48523"
    }
  ],
  "primary_owners": [],
  "secondary_owners": []
}