{
  "id": "hubspot_company_9250564",
  "semantic_identifier": "Silvercanyon Capital",
  "title": null,
  "source": "hubspot",
  "doc_updated_at": "2025-09-27 00:00:00",
  "metadata": {
    "object_type": "company",
    "company_id": "9250564",
    "domain": "silvercanyon_capital.onyx.app",
    "associated_contact_ids": []
  },
  "doc_metadata": {
    "hierarchy": {
      "source_path": [
        "Companies"
      ]
    }
  },
  "sections": [
    {
      "text": "Company: Silvercanyon Capital\nDomain: silvercanyon_capital.onyx.app",
      "link": "https://www.onyx.app/30481"
    },
    {
      "text": "Contact: Selena Xie\nEmail: selena_xie@silvercanyon_capital.onyx.app",
      "link": "https://www.onyx.app/77575"
    }
  ],
  "primary_owners": [],
  "secondary_owners": []
}