{
  "id": "hubspot_company_9742651",
  "semantic_identifier": "Truenorth Circuits",
  "title": null,
  "source": "hubspot",
  "doc_updated_at": "2025-12-11 00:00:00",
  "metadata": {
    "object_type": "company",
    "company_id": "9742651",
    "domain": "truenorth_circuits.onyx.app",
    "associated_contact_ids": []
  },
  "doc_metadata": {
    "hierarchy": {
      "source_path": [
        "Companies"
      ]
    }
  },
  "sections": [
    {
      "text": "Company: Truenorth Circuits\nDomain: truenorth_circuits.onyx.app",
      "link": "https://www.onyx.app/85517"
    },
    {
      "text": "Contact: Emma Fowler\nEmail: emma_fowler@truenorth_circuits.onyx.app",
      "link": "https://www.onyx.app/67117"
    }
  ],
  "primary_owners": [],
  "secondary_owners": []
}