{
  "id": "hubspot_company_5116417",
  "semantic_identifier": "Ultraviolet Summit Labs",
  "title": null,
  "source": "hubspot",
  "doc_updated_at": "2025-04-15 00:00:00",
  "metadata": {
    "object_type": "company",
    "company_id": "5116417",
    "domain": "ultraviolet_summit_labs.onyx.app",
    "associated_contact_ids": []
  },
  "doc_metadata": {
    "hierarchy": {
      "source_path": [
        "Companies"
      ]
    }
  },
  "sections": [
    {
      "text": "Company: Ultraviolet Summit Labs\nDomain: ultraviolet_summit_labs.onyx.app",
      "link": "https://www.onyx.app/20343"
    },
    {
      "text": "Contact: Natalie Collins\nEmail: natalie_collins@ultraviolet_summit_labs.onyx.app",
      "link": "https://www.onyx.app/37890"
    }
  ],
  "primary_owners": [],
  "secondary_owners": []
}