{
  "id": "hubspot_company_6579359",
  "semantic_identifier": "Unitypeak Nonprofits",
  "title": null,
  "source": "hubspot",
  "doc_updated_at": "2025-03-30 00:00:00",
  "metadata": {
    "object_type": "company",
    "company_id": "6579359",
    "domain": "unitypeak_nonprofits.onyx.app",
    "associated_contact_ids": []
  },
  "doc_metadata": {
    "hierarchy": {
      "source_path": [
        "Companies"
      ]
    }
  },
  "sections": [
    {
      "text": "Company: Unitypeak Nonprofits\nDomain: unitypeak_nonprofits.onyx.app",
      "link": "https://www.onyx.app/68108"
    },
    {
      "text": "Contact: Fernando Chapman\nEmail: fernando_chapman@unitypeak_nonprofits.onyx.app",
      "link": "https://www.onyx.app/66665"
    }
  ],
  "primary_owners": [],
  "secondary_owners": []
}