{
  "id": "hubspot_company_1342532",
  "semantic_identifier": "Valeforge Automotive",
  "title": null,
  "source": "hubspot",
  "doc_updated_at": "2025-04-03 00:00:00",
  "metadata": {
    "object_type": "company",
    "company_id": "1342532",
    "domain": "valeforge_automotive.onyx.app",
    "associated_contact_ids": []
  },
  "doc_metadata": {
    "hierarchy": {
      "source_path": [
        "Companies"
      ]
    }
  },
  "sections": [
    {
      "text": "Company: Valeforge Automotive\nDomain: valeforge_automotive.onyx.app",
      "link": "https://www.onyx.app/23423"
    },
    {
      "text": "Contact: Parker Chapman\nEmail: parker_chapman@valeforge_automotive.onyx.app",
      "link": "https://www.onyx.app/95522"
    }
  ],
  "primary_owners": [],
  "secondary_owners": []
}