{
  "id": "hubspot_company_8385032",
  "semantic_identifier": "Vertexhollow Design",
  "title": null,
  "source": "hubspot",
  "doc_updated_at": "2025-08-28 00:00:00",
  "metadata": {
    "object_type": "company",
    "company_id": "8385032",
    "domain": "vertexhollow_design.onyx.app",
    "associated_contact_ids": []
  },
  "doc_metadata": {
    "hierarchy": {
      "source_path": [
        "Companies"
      ]
    }
  },
  "sections": [
    {
      "text": "Company: Vertexhollow Design\nDomain: vertexhollow_design.onyx.app",
      "link": "https://www.onyx.app/77618"
    },
    {
      "text": "Contact: Henry Willis\nEmail: henry_willis@vertexhollow_design.onyx.app",
      "link": "https://www.onyx.app/62081"
    }
  ],
  "primary_owners": [],
  "secondary_owners": []
}