{
  "id": "hubspot_company_5339274",
  "semantic_identifier": "Wildstone Paper Co",
  "title": null,
  "source": "hubspot",
  "doc_updated_at": "2025-08-17 00:00:00",
  "metadata": {
    "object_type": "company",
    "company_id": "5339274",
    "domain": "wildstone_paper_co.onyx.app",
    "associated_contact_ids": []
  },
  "doc_metadata": {
    "hierarchy": {
      "source_path": [
        "Companies"
      ]
    }
  },
  "sections": [
    {
      "text": "Company: Wildstone Paper Co\nDomain: wildstone_paper_co.onyx.app",
      "link": "https://www.onyx.app/18089"
    },
    {
      "text": "Contact: Hailey Lane\nEmail: hailey_lane@wildstone_paper_co.onyx.app",
      "link": "https://www.onyx.app/15415"
    }
  ],
  "primary_owners": [],
  "secondary_owners": []
}