{
  "id": "hubspot_company_5701563",
  "semantic_identifier": "Yarrowgate Investment",
  "title": null,
  "source": "hubspot",
  "doc_updated_at": "2025-11-16 00:00:00",
  "metadata": {
    "object_type": "company",
    "company_id": "5701563",
    "domain": "yarrowgate_investment.onyx.app",
    "associated_contact_ids": []
  },
  "doc_metadata": {
    "hierarchy": {
      "source_path": [
        "Companies"
      ]
    }
  },
  "sections": [
    {
      "text": "Company: Yarrowgate Investment\nDomain: yarrowgate_investment.onyx.app",
      "link": "https://www.onyx.app/69640"
    },
    {
      "text": "Contact: Leah Wheeler\nEmail: leah_wheeler@yarrowgate_investment.onyx.app",
      "link": "https://www.onyx.app/67018"
    }
  ],
  "primary_owners": [],
  "secondary_owners": []
}