{
  "id": "hubspot_company_5206255",
  "semantic_identifier": "Yellowfinch Foods",
  "title": null,
  "source": "hubspot",
  "doc_updated_at": "2025-11-13 00:00:00",
  "metadata": {
    "object_type": "company",
    "company_id": "5206255",
    "domain": "yellowfinch_foods.onyx.app",
    "associated_contact_ids": []
  },
  "doc_metadata": {
    "hierarchy": {
      "source_path": [
        "Companies"
      ]
    }
  },
  "sections": [
    {
      "text": "Company: Yellowfinch Foods\nDomain: yellowfinch_foods.onyx.app",
      "link": "https://www.onyx.app/45497"
    },
    {
      "text": "Contact: Jeremy Medina\nEmail: jeremy_medina@yellowfinch_foods.onyx.app",
      "link": "https://www.onyx.app/82599"
    }
  ],
  "primary_owners": [],
  "secondary_owners": []
}