{
  "id": "FIREFLIES_3234567",
  "semantic_identifier": "3234567 - Meridianoak Holdings - sales_pitch - Discussion with Jonathan Mason",
  "title": null,
  "source": "fireflies",
  "doc_updated_at": "2025-08-25 00:00:00",
  "metadata": {
    "meeting_date": "2025-08-25 00:00:00",
    "duration_min": "17"
  },
  "doc_metadata": {
    "hierarchy": {
      "source_path": [
        "2025-08"
      ],
      "year_month": "2025-08",
      "meeting_title": "3234567 - Meridianoak Holdings - sales_pitch - Discussion with Jonathan Mason",
      "organizer_email": "james_choi@netherite-extraction.onyx.app"
    }
  },
  "sections": [
    {
      "text": "James Choi: Hi Jonathan, James Choi here. Thanks for taking a few minutes\u2014did I catch you at an okay time?",
      "link": "https://www.onyx.app/6913809-1"
    },
    {
      "text": "Jonathan Mason: Hey James, yeah, I\u2019ve got about five minutes. What\u2019s up?",
      "link": "https://www.onyx.app/6913809-2"
    },
    {
      "text": "James Choi: Perfect. I\u2019ll keep it tight. I\u2019m calling because a lot of teams like yours end up with two recurring problems: forecasting that feels like educated guessing near the end of the quarter, and SDR/AEs not always knowing which accounts to focus on first\u2014or what to do next when deals start to stall. We built Sales Accelerator to sit on top of your CRM and turn the signals you already have into a clear \u201chere\u2019s what\u2019s likely to close\u201d and \u201chere\u2019s what to do next\u201d system.",
      "link": "https://www.onyx.app/6913809-3"
    },
    {
      "text": "Jonathan Mason: We\u2019re on Salesforce today, and forecasting is\u2026 yeah, it\u2019s a pain. But we already have reports and dashboards. What makes this different?",
      "link": "https://www.onyx.app/6913809-4"
    },
    {
      "text": "James Choi: Totally fair. The difference is we don\u2019t just summarize stage data\u2014we combine it with activity signals and cycle-time benchmarks to produce an explainable forecast. So instead of \u201cit\u2019s in stage 3, therefore 60%,\u201d you\u2019ll see drivers like: stage age is high, last touch was 12 days ago, no next meeting scheduled, and historically deals like this slip. Then you get commit/best-case/pipeline views and slippage diagnostics that tell you where the risk is coming from\u2014not just that risk exists.",
      "link": "https://www.onyx.app/6913809-5"
    },
    {
      "text": "Jonathan Mason: Explainable forecast would help. Our leadership always asks \u201cwhy\u201d and we end up arguing about the numbers.",
      "link": "https://www.onyx.app/6913809-6"
    },
    {
      "text": "James Choi: Exactly. The \u201cwhy\u201d is what reduces the back-and-forth. And it\u2019s not just for managers\u2014Sales Accelerator then turns those drivers into recommended next actions. For example: \u201cBook the next meeting,\u201d \u201cloop in an exec,\u201d or \u201crun a re-engagement sequence,\u201d based on patterns from similar deals and what\u2019s currently missing in the opportunity.",
      "link": "https://www.onyx.app/6913809-7"
    },
    {
      "text": "Jonathan Mason: Okay. But you mentioned prioritization too\u2014how does that work?",
      "link": "https://www.onyx.app/6913809-8"
    },
    {
      "text": "James Choi: Great question. One common use case is for SDR teams: we pull fit tiers\u2014either from your existing scoring model or, if you\u2019re using Customer Analyzer, its fit score and positioning blocks\u2014into Sales Accelerator. Then it recommends the next set of accounts to contact, like the next 50, based on fit plus buying signals and your team\u2019s capacity. And for each account it can generate segment-aligned openers and proof points so reps aren\u2019t starting from a blank page.",
      "link": "https://www.onyx.app/6913809-9"
    },
    {
      "text": "Jonathan Mason: We don\u2019t use Customer Analyzer today, but we do have basic ICP tiers. Our SDRs still waste time on accounts that never convert.",
      "link": "https://www.onyx.app/6913809-10"
    },
    {
      "text": "James Choi: That\u2019s a perfect starting point. We can ingest your tiers and CRM data first\u2014no rip-and-replace. The immediate lift tends to be: SDRs spend less time debating what\u2019s \u201cgood,\u201d and managers get consistency in outreach focus. Then, as you mature it, you can layer in more signals and tighten the weighting over time.",
      "link": "https://www.onyx.app/6913809-11"
    },
    {
      "text": "Jonathan Mason: What data do you actually need from Salesforce to do the forecasting side?",
      "link": "https://www.onyx.app/6913809-12"
    },
    {
      "text": "James Choi: Typically: opportunity stages and timestamps, close dates, amounts, rep/segment attribution, and your activity data\u2014calls, emails, meetings\u2014either logged in Salesforce or via your engagement tool integration. Then we apply cycle-time benchmarks by segment and stage. The output is forecast by rep/segment/source, plus stage conversion and slippage diagnostics. One feature leaders like is scenario planning\u2014like, \u201cIf we add 20 SQLs in Tier 1 this month, what\u2019s the likely impact on pipeline coverage and expected revenue?\u201d It turns planning into something you can test, not just hope.",
      "link": "https://www.onyx.app/6913809-13"
    },
    {
      "text": "Jonathan Mason: Scenario planning is interesting. We\u2019re constantly debating whether to add top-of-funnel volume or focus on late-stage.",
      "link": "https://www.onyx.app/6913809-14"
    },
    {
      "text": "James Choi: Exactly the kind of debate this makes more concrete. And because it\u2019s explainable, you can see which lever matters most\u2014win rate, cycle time, stage conversion, or activity volume\u2014rather than guessing.",
      "link": "https://www.onyx.app/6913809-15"
    },
    {
      "text": "Jonathan Mason: How long does it take to get value? I don\u2019t want another tool that takes months to configure.",
      "link": "https://www.onyx.app/6913809-16"
    },
    {
      "text": "James Choi: Totally. For most teams, initial value comes fast because we\u2019re sitting on top of the CRM you already use. A common rollout is: week one, connect Salesforce and activity data; week two, validate benchmarks and segments; then managers and reps start seeing the forecast drivers and \u201cdeal-at-risk\u201d alerts. For SDR prioritization, once the tiers are mapped, you can start recommending the next accounts almost immediately.",
      "link": "https://www.onyx.app/6913809-17"
    },
    {
      "text": "Jonathan Mason: And reps actually follow the recommendations? Tools often get ignored.",
      "link": "https://www.onyx.app/6913809-18"
    },
    {
      "text": "James Choi: That\u2019s the right concern. We focus on two things to drive adoption: first, recommendations are tied to outcomes reps care about\u2014like \u201cthis deal is slipping because there\u2019s no next meeting\u201d rather than generic reminders. Second, the guidance is embedded into their workflow\u2014so it\u2019s not \u201cgo check another dashboard,\u201d it\u2019s \u201chere are the top actions for today and the reasons.\u201d Managers also use the same view in 1:1s, which reinforces it.",
      "link": "https://www.onyx.app/6913809-19"
    },
    {
      "text": "Jonathan Mason: Makes sense. What would you want from us to evaluate it properly?",
      "link": "https://www.onyx.app/6913809-20"
    },
    {
      "text": "James Choi: For a proper evaluation, I\u2019d suggest a 30\u201345 minute working session with you and whoever owns forecasting or sales ops. We\u2019d map your stages and segments, look at how you\u2019re currently forecasting, and pick one of two starting points: (1) forecasting and deal-risk drivers for leadership visibility, or (2) SDR prioritization using your ICP tiers to improve outbound efficiency. Then we can scope a quick pilot with clear success metrics.",
      "link": "https://www.onyx.app/6913809-21"
    },
    {
      "text": "Jonathan Mason: I\u2019m interested, especially in the forecasting drivers and slippage diagnostics. That\u2019s where we get the most heat end of quarter.",
      "link": "https://www.onyx.app/6913809-22"
    },
    {
      "text": "James Choi: Great\u2014then let\u2019s center the session on that. If you\u2019re open to it, we can also spend five minutes on how SDR prioritization would work using your existing ICP tiers, just to see if it\u2019s worth a second phase.",
      "link": "https://www.onyx.app/6913809-23"
    },
    {
      "text": "Jonathan Mason: Yeah, that\u2019s fine. Who should join on our side\u2014our sales ops lead and maybe my VP?",
      "link": "https://www.onyx.app/6913809-24"
    },
    {
      "text": "James Choi: Sales ops is ideal, and if your VP can join for the first 15 minutes to align on what \u201cgood forecasting\u201d means for them, even better. I\u2019ll bring a quick walkthrough of the forecast views\u2014commit/best-case/pipeline\u2014and a sample of the explainable drivers so you can see what it looks like.",
      "link": "https://www.onyx.app/6913809-25"
    },
    {
      "text": "Jonathan Mason: Okay. Send me a couple of times next week. Tuesday afternoon or Thursday morning could work.",
      "link": "https://www.onyx.app/6913809-26"
    },
    {
      "text": "James Choi: Perfect. I\u2019ll email you two options\u2014Tuesday at 2:00 or Thursday at 10:00\u2014and a short agenda: current process, data sources, forecast driver examples, and what a pilot would look like. Sound good?",
      "link": "https://www.onyx.app/6913809-27"
    },
    {
      "text": "Jonathan Mason: Sounds good. Send it over and I\u2019ll get the right folks.",
      "link": "https://www.onyx.app/6913809-28"
    },
    {
      "text": "James Choi: Will do. Thanks Jonathan\u2014appreciate the time today. I\u2019ll follow up shortly with the invite and agenda.",
      "link": "https://www.onyx.app/6913809-29"
    },
    {
      "text": "Jonathan Mason: Thanks, James. Talk soon.",
      "link": "https://www.onyx.app/6913809-30"
    }
  ],
  "primary_owners": [
    {
      "display_name": null,
      "first_name": null,
      "middle_initial": null,
      "last_name": null,
      "email": "james_choi@netherite-extraction.onyx.app"
    }
  ],
  "secondary_owners": [
    {
      "display_name": null,
      "first_name": null,
      "middle_initial": null,
      "last_name": null,
      "email": "jonathan_mason@meridianoak_holdings.onyx.app"
    }
  ]
}