{
  "id": "FIREFLIES_3685553",
  "semantic_identifier": "3685553 - Lumentrail Innovations - sales_pitch - Discussion with Victoria Baker",
  "title": null,
  "source": "fireflies",
  "doc_updated_at": "2025-08-27 00:00:00",
  "metadata": {
    "meeting_date": "2025-08-27 00:00:00",
    "duration_min": "16"
  },
  "doc_metadata": {
    "hierarchy": {
      "source_path": [
        "2025-08"
      ],
      "year_month": "2025-08",
      "meeting_title": "3685553 - Lumentrail Innovations - sales_pitch - Discussion with Victoria Baker",
      "organizer_email": "james_choi@netherite-extraction.onyx.app"
    }
  },
  "sections": [
    {
      "text": "James Choi: Hi Victoria, this is James Choi\u2014thanks for taking a few minutes. I\u2019ll keep it brief. I work with teams that are trying to tighten up their ICP and messaging so sales and marketing stop pulling in different directions. Curious\u2014at Lumentrail Innovations, are you currently running different messaging for SMB versus mid-market, or is it more one-size-fits-all?",
      "link": "https://www.onyx.app/6317270-1"
    },
    {
      "text": "Victoria Baker: Hi James. We do some light tailoring, but honestly it\u2019s closer to one-size-fits-all than we\u2019d like. We\u2019ve talked about splitting it more intentionally, but it\u2019s been hard to align internally.",
      "link": "https://www.onyx.app/6317270-2"
    },
    {
      "text": "James Choi: That\u2019s exactly the problem we built Customer Analyzer to solve. The short version: it pulls in the customer signals you already have\u2014CRM fields, onboarding survey responses, product usage events, support tickets, even interview notes\u2014and then it gives you two practical outputs. First, it identifies which segments actually fit your product\u2019s current strengths. Second, it generates segment-specific positioning you can use immediately\u2014like landing page hero copy, sales deck bullets, and outbound email openers.",
      "link": "https://www.onyx.app/6317270-3"
    },
    {
      "text": "Victoria Baker: When you say \u201cgenerates positioning,\u201d do you mean generic templates, or is it actually based on our customers?",
      "link": "https://www.onyx.app/6317270-4"
    },
    {
      "text": "James Choi: Based on your customers. The core feature is our positioning recommendation engine. It looks at the fit drivers\u2014what characteristics correlate with retention, expansion, successful onboarding, high usage\u2014then maps those to observed customer language. So instead of \u201cHere are three generic value props,\u201d you get: for this segment, here\u2019s the value proposition, the top use cases they buy for, differentiators that matter, proof points to collect, pricing/value framing notes, and an objection-handling playbook. And everything links back to the evidence\u2014so you can see why it\u2019s recommending what it recommends.",
      "link": "https://www.onyx.app/6317270-5"
    },
    {
      "text": "Victoria Baker: That evidence linkage is interesting. One challenge we have is marketing wants punchy messaging, but sales will push back unless it\u2019s grounded in real calls or data.",
      "link": "https://www.onyx.app/6317270-6"
    },
    {
      "text": "James Choi: Totally. A common workflow is: marketing uses the editable messaging blocks as a starting point\u2014say, website hero copy for SMB and a different hero for mid-market\u2014then sales reviews it with the confidence that it\u2019s not just \u201ccreative writing.\u201d For example, the output might say: \u201cMid-market buyers consistently mention X in support tickets and onboarding surveys,\u201d and it\u2019ll cite the underlying signals. Then your team can tweak the copy, but you\u2019re not starting from a blank page.",
      "link": "https://www.onyx.app/6317270-7"
    },
    {
      "text": "Victoria Baker: We\u2019re actually planning a website refresh this quarter. We\u2019ve been debating whether to split landing pages by tier or by use case. How does your tool help with that decision?",
      "link": "https://www.onyx.app/6317270-8"
    },
    {
      "text": "James Choi: Great question. We usually start with tiers because it\u2019s the fastest way to see messaging divergence\u2014SMB and mid-market often care about different outcomes and have different objections. Customer Analyzer helps you prioritize: it can score segments by \u201cfit\u201d and show the drivers. If SMB is high-fit because onboarding is quick and support burden is low, and mid-market is high-fit because they expand faster or have higher usage in a specific feature area, you\u2019ll see that. Then the positioning recommendation gives you landing-page-ready blocks for each tier\u2014value prop, top use cases, differentiators, proof points\u2014so you can build two pages quickly and test.",
      "link": "https://www.onyx.app/6317270-9"
    },
    {
      "text": "Victoria Baker: Okay. And how heavy is the setup? We\u2019re already juggling a lot of tools.",
      "link": "https://www.onyx.app/6317270-10"
    },
    {
      "text": "James Choi: Lightweight to start. For an initial pass, you can connect CRM plus whatever customer voice signals you already have\u2014like support tickets or onboarding surveys. We don\u2019t need perfection to deliver value. The goal of the first iteration is: can we produce two clear, defensible positioning tracks\u2014SMB and mid-market\u2014and give you outbound messaging your team can actually use next week.",
      "link": "https://www.onyx.app/6317270-11"
    },
    {
      "text": "Victoria Baker: What would that outbound messaging look like?",
      "link": "https://www.onyx.app/6317270-12"
    },
    {
      "text": "James Choi: Think segment-specific email openers and bullets for SDRs and AEs. For SMB, it might emphasize fast time-to-value and low lift, with proof points you can collect\u2014like \u201clive in X days\u201d or \u201creduced manual work by Y.\u201d For mid-market, it might focus on scalability, governance, or deeper ROI, plus an objection-handling playbook\u2014like how to respond when they say, \u201cWe already have a tool for this,\u201d or \u201cThis seems like an SMB solution.\u201d Again, it\u2019s editable, but it\u2019s grounded in what your best customers are already telling you.",
      "link": "https://www.onyx.app/6317270-13"
    },
    {
      "text": "Victoria Baker: That\u2019s appealing. We\u2019ve had trouble with consistency\u2014different reps describe us differently, and marketing\u2019s messaging doesn\u2019t always match what wins deals.",
      "link": "https://www.onyx.app/6317270-14"
    },
    {
      "text": "James Choi: Exactly. Customer Analyzer becomes a shared \u201csource of truth\u201d for positioning. It\u2019s not trying to replace your team\u2019s judgment\u2014it just accelerates alignment by turning scattered signals into a narrative everyone can rally around. Usually the immediate win is reduced back-and-forth between marketing and sales and faster iteration on messaging that actually resonates.",
      "link": "https://www.onyx.app/6317270-15"
    },
    {
      "text": "Victoria Baker: How do you handle cases where the data is messy? Our CRM fields aren\u2019t always complete, and support tickets can be all over the place.",
      "link": "https://www.onyx.app/6317270-16"
    },
    {
      "text": "James Choi: That\u2019s normal. We don\u2019t assume perfect hygiene. We use whatever signal is available and weight it appropriately. And because recommendations are tied to evidence, if something looks off, you can see what it\u2019s based on and adjust inputs over time. Many teams start with \u201cgood enough\u201d data, generate a first version of SMB vs mid-market messaging, then refine as they add more structured interview notes or survey responses.",
      "link": "https://www.onyx.app/6317270-17"
    },
    {
      "text": "Victoria Baker: If we did this, what would the first 30 days look like?",
      "link": "https://www.onyx.app/6317270-18"
    },
    {
      "text": "James Choi: In week one, we\u2019d connect your core sources and agree on the two ICP tiers you want to compare\u2014SMB vs mid-market. In week two, we\u2019d review the fit drivers and validate: do these segments reflect who succeeds with your product today? Week three, we\u2019d finalize the positioning recommendations\u2014value props, differentiators, proof points, objection handling\u2014and export messaging blocks into whatever format your team uses. Week four, you\u2019d deploy: two landing pages or at least two page variants, plus outbound sequences tailored to each tier.",
      "link": "https://www.onyx.app/6317270-19"
    },
    {
      "text": "Victoria Baker: That\u2019s pretty concrete. Who typically owns this internally\u2014product marketing, sales ops, someone else?",
      "link": "https://www.onyx.app/6317270-20"
    },
    {
      "text": "James Choi: Usually product marketing leads the messaging side, with sales leadership involved for adoption. Sales ops sometimes helps with data connections. But the output is designed to be usable by all three\u2014marketing gets landing page copy, sales gets talk tracks and objection handling, product gets clarity on who\u2019s getting value and why.",
      "link": "https://www.onyx.app/6317270-21"
    },
    {
      "text": "Victoria Baker: Makes sense. We do have product marketing, but they\u2019re stretched. The idea of starting with editable blocks rather than writing everything from scratch is helpful.",
      "link": "https://www.onyx.app/6317270-22"
    },
    {
      "text": "James Choi: That\u2019s the intention\u2014speed without sacrificing rigor. If you\u2019re open to it, the next step is a deeper working session\u201430 to 45 minutes\u2014where we look at your current SMB vs mid-market messaging, what data sources you have, and what \u201cgood\u201d would look like for the website refresh and outbound. Then I can show you exactly what Customer Analyzer would output for those two tiers.",
      "link": "https://www.onyx.app/6317270-23"
    },
    {
      "text": "Victoria Baker: Yes, I\u2019m interested. Can we do next week? I\u2019d like to bring our product marketing lead if possible.",
      "link": "https://www.onyx.app/6317270-24"
    },
    {
      "text": "James Choi: Perfect. I\u2019ll send a calendar invite for a 45-minute session. Before that, I\u2019ll email a short checklist\u2014just which systems you use for CRM and support tickets, and any existing onboarding survey questions. If you can share a couple of current landing pages or messaging docs, even better.",
      "link": "https://www.onyx.app/6317270-25"
    },
    {
      "text": "Victoria Baker: Sounds good. Send it over, and I\u2019ll loop in product marketing. Next Tuesday or Wednesday morning would work.",
      "link": "https://www.onyx.app/6317270-26"
    },
    {
      "text": "James Choi: Great\u2014I'll propose a couple of times Tuesday and Wednesday morning. Appreciate it, Victoria. Looking forward to showing you how the SMB vs mid-market positioning can come together quickly.",
      "link": "https://www.onyx.app/6317270-27"
    },
    {
      "text": "Victoria Baker: Thanks, James. Talk soon.",
      "link": "https://www.onyx.app/6317270-28"
    }
  ],
  "primary_owners": [
    {
      "display_name": null,
      "first_name": null,
      "middle_initial": null,
      "last_name": null,
      "email": "james_choi@netherite-extraction.onyx.app"
    }
  ],
  "secondary_owners": [
    {
      "display_name": null,
      "first_name": null,
      "middle_initial": null,
      "last_name": null,
      "email": "victoria_baker@lumentrail_innovations.onyx.app"
    }
  ]
}