{
  "id": "FIREFLIES_5544396",
  "semantic_identifier": "5544396 - Flint & Fjord Outfitters - sales_pitch - Discussion with Eric Tran",
  "title": null,
  "source": "fireflies",
  "doc_updated_at": "2025-08-06 00:00:00",
  "metadata": {
    "meeting_date": "2025-08-06 00:00:00",
    "duration_min": "21"
  },
  "doc_metadata": {
    "hierarchy": {
      "source_path": [
        "2025-08"
      ],
      "year_month": "2025-08",
      "meeting_title": "5544396 - Flint & Fjord Outfitters - sales_pitch - Discussion with Eric Tran",
      "organizer_email": "james_choi@netherite-extraction.onyx.app"
    }
  },
  "sections": [
    {
      "text": "James Choi: Hi Eric, James Choi here\u2014thanks for taking a few minutes. I\u2019ll keep it tight. I work with teams that are trying to get really clear on which customer segments are actually their best customers, and then use that to guide product bets and messaging. Does that sound relevant for Flint & Fjord Outfitters right now?",
      "link": "https://www.onyx.app/1437212-1"
    },
    {
      "text": "Eric Tran: Yeah, definitely. We\u2019ve grown into a few segments and it\u2019s not always obvious which ones we should prioritize, especially for roadmap decisions.",
      "link": "https://www.onyx.app/1437212-2"
    },
    {
      "text": "James Choi: That\u2019s exactly the problem Customer Analyzer is built for. It\u2019s a SaaS tool that pulls in the customer signals you already have\u2014CRM fields, onboarding surveys, product usage, support tickets, even interview notes\u2014and turns them into two things: a fit score by account and segment, and a breakdown of why that score is high or low. Then it recommends an ICP profile based on outcomes like retention and expansion.",
      "link": "https://www.onyx.app/1437212-3"
    },
    {
      "text": "Eric Tran: Okay. When you say \u201cfit score,\u201d what\u2019s actually behind that? I\u2019m wary of a black box.",
      "link": "https://www.onyx.app/1437212-4"
    },
    {
      "text": "James Choi: Totally fair. It\u2019s not \u201ctrust the AI.\u201d You define the fit drivers that matter to you\u2014firmographics like industry and size, technographics if relevant, problem severity, time-to-value, adoption patterns, support burden, churn risk signals. The output is a 0\u2013100 fit score, plus a driver-by-driver explanation. So if Mid-market Outdoor Retailers are scoring 82 because they adopt quickly and have low support burden, you see that. If SMB DTC brands score 48 because churn risk is high and time-to-value is long, you see that too.",
      "link": "https://www.onyx.app/1437212-5"
    },
    {
      "text": "Eric Tran: That would be useful. We have a sense of that, but it\u2019s scattered across teams and anecdotes.",
      "link": "https://www.onyx.app/1437212-6"
    },
    {
      "text": "James Choi: Exactly\u2014and that scatter is what usually slows down product planning. The use case I\u2019d highlight for you is roadmap prioritization: identify high-fit customers with unmet needs. Customer Analyzer helps you spot which segments are both (a) most likely to succeed with the product and (b) still have meaningful needs you can address\u2014so you\u2019re not building for loud but low-fit accounts.",
      "link": "https://www.onyx.app/1437212-7"
    },
    {
      "text": "Eric Tran: Can you give me a concrete example of how a team uses it in product planning?",
      "link": "https://www.onyx.app/1437212-8"
    },
    {
      "text": "James Choi: Sure. A product team will start by grouping customers into a few candidate segments\u2014say by channel, size, or industry. Then we compute fit scores at the segment level and compare them side-by-side: SMB vs Mid-market, or Specialty Retail vs Enterprise distributors. The driver breakdown shows what\u2019s driving success\u2014fast adoption, high willingness to pay, low support burden\u2014and what\u2019s dragging other segments down. Then the team overlays unmet needs from tickets and interviews, so they can say: \u201cSegment A is high-fit and asking for X; Segment B is low-fit and asking for Y.\u201d That\u2019s a clean way to make roadmap tradeoffs and align stakeholders.",
      "link": "https://www.onyx.app/1437212-9"
    },
    {
      "text": "Eric Tran: That makes sense. We struggle with internal alignment\u2014sales says one thing, support says another, product has their own priorities.",
      "link": "https://www.onyx.app/1437212-10"
    },
    {
      "text": "James Choi: That\u2019s one of the biggest benefits: you get a shared, evidence-based view. Because it\u2019s using signals across CRM, product usage, and support, it doesn\u2019t privilege one team\u2019s perspective. And the recommended ICP profile is based on observed outcomes\u2014so it\u2019s grounded in what\u2019s actually correlating with retention or expansion, not just \u201cwho seems excited in calls.\u201d",
      "link": "https://www.onyx.app/1437212-11"
    },
    {
      "text": "Eric Tran: What data do you typically need to get started? We have Salesforce, product events in our data warehouse, and Zendesk.",
      "link": "https://www.onyx.app/1437212-12"
    },
    {
      "text": "James Choi: That\u2019s a great starting set. In a lightweight setup, we\u2019d pull a few key Salesforce fields, your product usage events, and Zendesk tags/categories. Then we\u2019ll work with you to define the initial fit drivers\u2014maybe 6\u201310 to begin. The goal isn\u2019t perfection on day one; it\u2019s a first pass that\u2019s explainable, then you refine it as you see what\u2019s predictive.",
      "link": "https://www.onyx.app/1437212-13"
    },
    {
      "text": "Eric Tran: How long before you can show something meaningful? We\u2019re heading into planning for next quarter.",
      "link": "https://www.onyx.app/1437212-14"
    },
    {
      "text": "James Choi: If you\u2019re already instrumented, you can usually see initial segment comparisons quickly\u2014think a couple of weeks to a first readout, depending on access and cleanliness. But rather than me guessing, what I\u2019d propose is a longer session where we map your segments, choose drivers, and identify what outcomes you care about\u2014renewal, expansion, activation, whatever\u2019s most important for Flint & Fjord.",
      "link": "https://www.onyx.app/1437212-15"
    },
    {
      "text": "Eric Tran: Yeah, I\u2019d be open to that. One concern: we\u2019ve tried scoring models before and adoption internally was mixed. People didn\u2019t trust the output.",
      "link": "https://www.onyx.app/1437212-16"
    },
    {
      "text": "James Choi: That\u2019s common, and it\u2019s why we emphasize transparency. The driver breakdown is the \u201ctrust layer\u201d\u2014you can click into why a segment scored higher, and you can adjust weightings or add/remove drivers. Also, because it\u2019s a segment-level story as much as an account-level score, it\u2019s easier to socialize: \u201cHere\u2019s why Mid-market is working for us\u201d is more compelling than \u201cAccount X is a 71.\u201d",
      "link": "https://www.onyx.app/1437212-17"
    },
    {
      "text": "Eric Tran: I like that framing. Segment story is what we need for planning.",
      "link": "https://www.onyx.app/1437212-18"
    },
    {
      "text": "James Choi: Exactly. And we\u2019re not trying to replace your team\u2019s judgment\u2014more like making it faster to validate, and easier to align cross-functionally. Quick question: when you\u2019ve had roadmap debates recently, what was the sticking point\u2014too many conflicting requests, or uncertainty about which segment to bet on?",
      "link": "https://www.onyx.app/1437212-19"
    },
    {
      "text": "Eric Tran: Both. We get a lot of feature requests from a handful of big accounts, but they also tend to be heavy support. Meanwhile there\u2019s a broader base that seems healthier but quieter.",
      "link": "https://www.onyx.app/1437212-20"
    },
    {
      "text": "James Choi: That\u2019s a perfect fit for the fit-driver approach\u2014support burden and adoption patterns are often the two signals that surface that tradeoff. You can quantify it: \u201cBig accounts generate X% of tickets and have slower time-to-value,\u201d versus \u201cThis other segment adopts in week one and has lower churn risk.\u201d That makes it much easier to justify why you\u2019re investing where you\u2019re investing.",
      "link": "https://www.onyx.app/1437212-21"
    },
    {
      "text": "Eric Tran: Understood. If we did the deeper call, what would you cover?",
      "link": "https://www.onyx.app/1437212-22"
    },
    {
      "text": "James Choi: I\u2019d do a 30\u201345 minute working session. Agenda would be: (1) your current segments and what you\u2019re debating for next quarter, (2) the outcomes you want to optimize\u2014retention, expansion, activation, (3) the first set of fit drivers we\u2019d model, and (4) what systems we\u2019d connect\u2014Salesforce, your warehouse events, Zendesk. I can also show a sample fit-score dashboard with segment comparisons and the driver breakdown so you can see the level of explainability.",
      "link": "https://www.onyx.app/1437212-23"
    },
    {
      "text": "Eric Tran: That sounds worthwhile. Can you also include someone from product ops on our side? They\u2019ll care about data access.",
      "link": "https://www.onyx.app/1437212-24"
    },
    {
      "text": "James Choi: Definitely\u2014looping them in early is ideal. If you send me their name, I\u2019ll include them. Does early next week work? I\u2019ve got Tuesday morning or Wednesday afternoon.",
      "link": "https://www.onyx.app/1437212-25"
    },
    {
      "text": "Eric Tran: Wednesday afternoon would be better. Say 2:30?",
      "link": "https://www.onyx.app/1437212-26"
    },
    {
      "text": "James Choi: 2:30 Wednesday works. I\u2019ll send a calendar invite for 45 minutes. Before that, I\u2019ll email a short prep note\u2014just a couple questions: what segments you\u2019re considering for next quarter, and which two metrics matter most to you right now.",
      "link": "https://www.onyx.app/1437212-27"
    },
    {
      "text": "Eric Tran: Great. Send that over and I\u2019ll respond with what we have.",
      "link": "https://www.onyx.app/1437212-28"
    },
    {
      "text": "James Choi: Perfect. Appreciate the time, Eric\u2014looking forward to digging in on Wednesday.",
      "link": "https://www.onyx.app/1437212-29"
    },
    {
      "text": "Eric Tran: Same here. Talk soon.",
      "link": "https://www.onyx.app/1437212-30"
    }
  ],
  "primary_owners": [
    {
      "display_name": null,
      "first_name": null,
      "middle_initial": null,
      "last_name": null,
      "email": "james_choi@netherite-extraction.onyx.app"
    }
  ],
  "secondary_owners": [
    {
      "display_name": null,
      "first_name": null,
      "middle_initial": null,
      "last_name": null,
      "email": "eric_tran@flint_&_fjord_outfitters.onyx.app"
    }
  ]
}