{
  "id": "FIREFLIES_6116185",
  "semantic_identifier": "6116185 - Brighthearth Manufacturing - sales_pitch - Discussion with Alina Pham",
  "title": null,
  "source": "fireflies",
  "doc_updated_at": "2025-08-21 00:00:00",
  "metadata": {
    "meeting_date": "2025-08-21 00:00:00",
    "duration_min": "41"
  },
  "doc_metadata": {
    "hierarchy": {
      "source_path": [
        "2025-08"
      ],
      "year_month": "2025-08",
      "meeting_title": "6116185 - Brighthearth Manufacturing - sales_pitch - Discussion with Alina Pham",
      "organizer_email": "james_choi@netherite-extraction.onyx.app"
    }
  },
  "sections": [
    {
      "text": "James Choi: Hi Alina, this is James Choi. Appreciate you taking a few minutes\u2014did I catch you at an okay time?",
      "link": "https://www.onyx.app/3606664-1"
    },
    {
      "text": "Alina Pham: Hi James. I have maybe five minutes\u2014what\u2019s this about?",
      "link": "https://www.onyx.app/3606664-2"
    },
    {
      "text": "James Choi: Perfect, I\u2019ll keep it tight. I\u2019m calling because we\u2019ve been working with revenue teams that live in Salesforce or HubSpot but still struggle with two things: forecasting that they trust, and knowing exactly what to do next on each account. Our product, Sales Accelerator, sits on top of your CRM and turns signals\u2014like stage age, last touch, meetings, and even fit scoring\u2014into an explainable forecast and \u201cbest next action\u201d recommendations for reps.",
      "link": "https://www.onyx.app/3606664-3"
    },
    {
      "text": "Alina Pham: Okay. We already have Salesforce reports and dashboards. And our managers do forecasts in spreadsheets. What\u2019s different?",
      "link": "https://www.onyx.app/3606664-4"
    },
    {
      "text": "James Choi: Totally fair. The difference is we\u2019re not just summarizing stage data. Sales Accelerator blends CRM stage with activity signals\u2014emails, calls, meetings\u2014plus cycle-time benchmarks to show what\u2019s actually likely to close. Then it explains the \u201cwhy\u201d: this deal is at risk because it\u2019s aged 2x longer than your norm, no meeting scheduled, and there hasn\u2019t been a meaningful touch in 10 days. So instead of a rep saying \u201cI feel good,\u201d you get drivers you can coach from.",
      "link": "https://www.onyx.app/3606664-5"
    },
    {
      "text": "Alina Pham: We\u2019re manufacturing\u2014our cycles are long and kind of lumpy. A lot of that \u201cactivity\u201d doesn\u2019t map cleanly. Procurement goes quiet, engineering reviews take weeks.",
      "link": "https://www.onyx.app/3606664-6"
    },
    {
      "text": "James Choi: That\u2019s common in complex sales. The way teams use us is less \u201ccount the emails\u201d and more \u201cspot slippage early.\u201d For example, if an opportunity hits a stage-duration threshold without a next meeting on the calendar, we\u2019ll flag it and recommend a concrete next step\u2014like re-securing a technical review call or aligning stakeholders\u2014so it doesn\u2019t silently drift into next quarter.",
      "link": "https://www.onyx.app/3606664-7"
    },
    {
      "text": "Alina Pham: We already do deal reviews for that. Weekly.",
      "link": "https://www.onyx.app/3606664-8"
    },
    {
      "text": "James Choi: Makes sense. Where we help is making those reviews faster and more consistent\u2014especially across reps. Instead of manually hunting through notes and tasks, the system surfaces which deals changed risk level and what specifically drove that change. And on the pipeline side, we can show commit/best-case/pipeline by segment or rep with scenario planning\u2014like \u201cif we add 20 SQLs in our highest-fit tier, what\u2019s the expected impact this quarter,\u201d based on your historical conversion.",
      "link": "https://www.onyx.app/3606664-9"
    },
    {
      "text": "Alina Pham: Scenario planning is interesting, but I\u2019m not sure we\u2019d trust a model. Our data isn\u2019t pristine. Stage definitions vary across teams, and activities aren\u2019t always logged.",
      "link": "https://www.onyx.app/3606664-10"
    },
    {
      "text": "James Choi: If logging is inconsistent, I wouldn\u2019t pretend it\u2019s magic. We can still start with what you do have\u2014stage age, close dates, meetings from calendars\u2014and then improve as adoption grows. We also integrate with Customer Analyzer if you use it, pulling fit tiers so your team can prioritize outreach and weight forecasts by account quality, not just volume.",
      "link": "https://www.onyx.app/3606664-11"
    },
    {
      "text": "Alina Pham: We don\u2019t use Customer Analyzer. And we\u2019re trying to reduce the number of tools reps have to touch, not add more.",
      "link": "https://www.onyx.app/3606664-12"
    },
    {
      "text": "James Choi: Understood. On the \u201cmore tools\u201d point: reps don\u2019t have to abandon Salesforce. Sales Accelerator is an execution layer that can surface recommendations in a simple workspace and push tasks back into CRM so they\u2019re not duplicating effort. One common use case: your SDR team gets a recommended list of the next 50 accounts to contact based on fit and intent-like signals, and we generate segment-aligned openers and proof points so they\u2019re not starting from a blank page.",
      "link": "https://www.onyx.app/3606664-13"
    },
    {
      "text": "Alina Pham: We\u2019re not doing a ton of outbound right now. Most of our pipeline is channel and inbound. SDRs are minimal.",
      "link": "https://www.onyx.app/3606664-14"
    },
    {
      "text": "James Choi: Got it. Then the stronger fit may be forecasting and deal risk alerts for your AEs and managers, especially with long cycles. If you\u2019re running weekly forecasts plus end-of-quarter pushes, we can reduce surprises by calling out slippage patterns earlier\u2014before it becomes \u201ceverything moved to next month.\u201d",
      "link": "https://www.onyx.app/3606664-15"
    },
    {
      "text": "Alina Pham: Maybe, but we\u2019re actually in the middle of a CRM cleanup and a forecasting process overhaul. We\u2019re standardizing stages and fields. I\u2019m hesitant to introduce anything new until that\u2019s stable.",
      "link": "https://www.onyx.app/3606664-16"
    },
    {
      "text": "James Choi: That\u2019s a reasonable constraint. If timing\u2019s not right, I don\u2019t want to force it. Would it be helpful if I sent a one-pager that outlines how the forecasting drivers work\u2014stage age, last touch, next meeting, benchmarks\u2014and what data we minimally need? Then if your overhaul lands, you can evaluate quickly.",
      "link": "https://www.onyx.app/3606664-17"
    },
    {
      "text": "Alina Pham: You can send something, sure. But to be candid, I don\u2019t have bandwidth for a full evaluation this quarter.",
      "link": "https://www.onyx.app/3606664-18"
    },
    {
      "text": "James Choi: Appreciate the honesty. Just to sanity-check: is there anyone on your side who owns forecasting accuracy or pipeline inspection\u2014RevOps or Sales Ops\u2014who might want a 20-minute look, even if it\u2019s more informational?",
      "link": "https://www.onyx.app/3606664-19"
    },
    {
      "text": "Alina Pham: That\u2019s basically me, and my manager. And we\u2019re booked. We also already have an initiative with our BI team to improve forecasting in Tableau.",
      "link": "https://www.onyx.app/3606664-20"
    },
    {
      "text": "James Choi: Understood. Tableau can be great for reporting. Where we\u2019re different is the \u201cwhat to do next\u201d layer\u2014turning risk signals into recommended actions per deal. But if your roadmap is BI-first, it may not be the right time.",
      "link": "https://www.onyx.app/3606664-21"
    },
    {
      "text": "Alina Pham: Yeah. Also\u2014budget is tight. If we add anything, it has to be a clear replacement, not additive.",
      "link": "https://www.onyx.app/3606664-22"
    },
    {
      "text": "James Choi: Makes sense. If you don\u2019t mind one last question so I can tailor what I send: are your biggest pain points right now forecast accuracy, pipeline creation, or deal progression?",
      "link": "https://www.onyx.app/3606664-23"
    },
    {
      "text": "Alina Pham: Forecast accuracy and standardization. But again, we\u2019re addressing it internally with process and data cleanup. Tools come later.",
      "link": "https://www.onyx.app/3606664-24"
    },
    {
      "text": "James Choi: Great, that helps. I\u2019ll send a concise overview focused on forecast explainability\u2014commit/best-case views, slippage diagnostics, and the drivers\u2014plus a checklist of required inputs. If after your cleanup you want to revisit, we can do a quick screen-share then.",
      "link": "https://www.onyx.app/3606664-25"
    },
    {
      "text": "Alina Pham: Okay. Send it over. If it looks relevant, I\u2019ll keep it for later.",
      "link": "https://www.onyx.app/3606664-26"
    },
    {
      "text": "James Choi: Will do. What\u2019s the best email for you\u2014still alina.pham@brighthearth\u2026?",
      "link": "https://www.onyx.app/3606664-27"
    },
    {
      "text": "Alina Pham: Yes, that\u2019s fine.",
      "link": "https://www.onyx.app/3606664-28"
    },
    {
      "text": "James Choi: Perfect. I\u2019ll send it today, and I won\u2019t spam you. If it\u2019s okay, I\u2019ll follow up in, say, six to eight weeks to see where the overhaul stands.",
      "link": "https://www.onyx.app/3606664-29"
    },
    {
      "text": "Alina Pham: That\u2019s okay. Just keep it light.",
      "link": "https://www.onyx.app/3606664-30"
    },
    {
      "text": "James Choi: Absolutely. Thanks for the time, Alina\u2014good luck with the cleanup.",
      "link": "https://www.onyx.app/3606664-31"
    },
    {
      "text": "Alina Pham: Thanks, James. Bye.",
      "link": "https://www.onyx.app/3606664-32"
    }
  ],
  "primary_owners": [
    {
      "display_name": null,
      "first_name": null,
      "middle_initial": null,
      "last_name": null,
      "email": "james_choi@netherite-extraction.onyx.app"
    }
  ],
  "secondary_owners": [
    {
      "display_name": null,
      "first_name": null,
      "middle_initial": null,
      "last_name": null,
      "email": "alina_pham@brighthearth_manufacturing.onyx.app"
    }
  ]
}