{
  "id": "FIREFLIES_6286363",
  "semantic_identifier": "6286363 - Ivorynook Furniture - sales_pitch - Discussion with David Zimmerman",
  "title": null,
  "source": "fireflies",
  "doc_updated_at": "2025-08-28 00:00:00",
  "metadata": {
    "meeting_date": "2025-08-28 00:00:00",
    "duration_min": "26"
  },
  "doc_metadata": {
    "hierarchy": {
      "source_path": [
        "2025-08"
      ],
      "year_month": "2025-08",
      "meeting_title": "6286363 - Ivorynook Furniture - sales_pitch - Discussion with David Zimmerman",
      "organizer_email": "sneha_reddy@netherite-extraction.onyx.app"
    }
  },
  "sections": [
    {
      "text": "Sneha Reddy: Hi David\u2014Sneha Reddy here. Thanks for taking a few minutes. I\u2019ll be quick: I work with teams that are trying to tighten up who they sell to and what they say, especially when reps are getting the same objections over and over. Is now still okay?",
      "link": "https://www.onyx.app/3854959-1"
    },
    {
      "text": "David Zimmerman: Yeah, I\u2019ve got about five minutes. What\u2019s this about?",
      "link": "https://www.onyx.app/3854959-2"
    },
    {
      "text": "Sneha Reddy: Perfect. The product is called Customer Analyzer. It pulls together the customer signals you already have\u2014CRM fields, onboarding surveys, product usage, support tickets, even interview notes\u2014and turns that into two things: a simple fit score by segment, and then positioning recommendations you can actually use in sales and marketing. The reason I thought of Ivorynook is: most teams I talk to are sitting on tons of customer info but it\u2019s not translating into consistent messaging for reps.",
      "link": "https://www.onyx.app/3854959-3"
    },
    {
      "text": "David Zimmerman: Okay. We\u2019re a furniture company\u2014our sales is pretty straightforward. Not sure we need something complex.",
      "link": "https://www.onyx.app/3854959-4"
    },
    {
      "text": "Sneha Reddy: Totally fair. And we\u2019re not trying to make it complex. One specific use case we see a lot is sales enablement: building an objection-handling guide tied to the value drivers for your best-fit accounts. So instead of \u201chandle objections in general,\u201d it becomes \u201cfor this segment, these are the top 3 objections we hear, here\u2019s the proof we should use, and here\u2019s the language customers actually respond to.\u201d",
      "link": "https://www.onyx.app/3854959-5"
    },
    {
      "text": "David Zimmerman: We already have battlecards. Marketing put them together. Reps can use them if they want.",
      "link": "https://www.onyx.app/3854959-6"
    },
    {
      "text": "Sneha Reddy: That\u2019s common. The difference is the recommendations are linked back to evidence\u2014like which segments convert, which ones churn, what shows up in support tickets, and the phrases people use in surveys. Customer Analyzer generates editable messaging blocks\u2014like sales deck bullets or email openers\u2014so your team isn\u2019t reinventing the pitch every time. Then you can tweak it, but it\u2019s grounded in what\u2019s working.",
      "link": "https://www.onyx.app/3854959-7"
    },
    {
      "text": "David Zimmerman: I get the idea. But we\u2019re not really drowning in data. And honestly we\u2019re in peak season planning\u2014my team\u2019s slammed.",
      "link": "https://www.onyx.app/3854959-8"
    },
    {
      "text": "Sneha Reddy: I hear you. Let me keep this concrete. Imagine you identify two segments\u2014say, interior designers versus small business office buyers. The tool would score \u201cfit\u201d based on drivers you choose\u2014order size, repeat rate, lead source quality, return rate, support burden\u2014whatever matters to you. Then for the stronger-fit segment, it outputs: a segment-specific value proposition, top use cases, differentiators, proof points to collect, pricing/value framing notes, and an objection-handling playbook.",
      "link": "https://www.onyx.app/3854959-9"
    },
    {
      "text": "David Zimmerman: That sounds like a lot of setup. We don\u2019t have time to define a bunch of drivers and taxonomy.",
      "link": "https://www.onyx.app/3854959-10"
    },
    {
      "text": "Sneha Reddy: Minimal setup is possible. Most teams start with what\u2019s already in the CRM plus one or two inputs\u2014like win/loss notes or onboarding survey responses. The point isn\u2019t to boil the ocean; it\u2019s to stop guessing on messaging. Especially when one rep says \u201cwe win on quality,\u201d another says \u201cwe win on speed,\u201d and the customer hears mixed signals.",
      "link": "https://www.onyx.app/3854959-11"
    },
    {
      "text": "David Zimmerman: Our issue isn\u2019t messaging consistency. It\u2019s more lead volume and ad costs. Sales isn\u2019t the bottleneck.",
      "link": "https://www.onyx.app/3854959-12"
    },
    {
      "text": "Sneha Reddy: That\u2019s helpful. Where this can still help marketing is prioritizing segments so you\u2019re not paying to acquire customers that don\u2019t fit and then churn or discount heavily. But if lead volume is the main constraint, you might not feel the value immediately from an enablement and positioning tool.",
      "link": "https://www.onyx.app/3854959-13"
    },
    {
      "text": "David Zimmerman: Right. Also, we\u2019ve got a rebrand initiative already. Agency is handling positioning. I don\u2019t want another system.",
      "link": "https://www.onyx.app/3854959-14"
    },
    {
      "text": "Sneha Reddy: Understood. We\u2019re not trying to replace an agency. Often we complement that by grounding the positioning in customer language and observed outcomes\u2014so the new messaging isn\u2019t just aspirational, it\u2019s tied to what your best customers actually buy for and what objections block deals.",
      "link": "https://www.onyx.app/3854959-15"
    },
    {
      "text": "David Zimmerman: Sure, but we\u2019re not going to switch processes midstream. And I\u2019m not the owner of brand messaging anyway.",
      "link": "https://www.onyx.app/3854959-16"
    },
    {
      "text": "Sneha Reddy: Makes sense. Who typically owns sales enablement or objection handling at Ivorynook\u2014sales ops, marketing, or a revenue enablement person?",
      "link": "https://www.onyx.app/3854959-17"
    },
    {
      "text": "David Zimmerman: We don\u2019t have enablement. Sales ops is basically one person. Marketing does the collateral. It\u2019s pretty lean.",
      "link": "https://www.onyx.app/3854959-18"
    },
    {
      "text": "Sneha Reddy: Got it. In lean setups, the \u201ceditable blocks\u201d part is usually what resonates\u2014because you don\u2019t need a dedicated enablement function to keep things updated. You can generate a set of segment-specific talk tracks and objections, then make small edits, and it stays consistent across reps.",
      "link": "https://www.onyx.app/3854959-19"
    },
    {
      "text": "David Zimmerman: I\u2019m not saying it\u2019s useless, but I\u2019m struggling to see this as a priority this quarter. We have bigger fires.",
      "link": "https://www.onyx.app/3854959-20"
    },
    {
      "text": "Sneha Reddy: That\u2019s fair, David. If timing is the issue, I don\u2019t want to force a full demo. Would it be reasonable to do a 20-minute working session later\u2014where we just look at one segment and map the top objections you\u2019re hearing\u2014so you can decide if it\u2019s worth it?",
      "link": "https://www.onyx.app/3854959-21"
    },
    {
      "text": "David Zimmerman: Honestly, no. My calendar\u2019s packed, and I don\u2019t want to add another vendor evaluation. If we revisit, it\u2019d be next quarter at the earliest.",
      "link": "https://www.onyx.app/3854959-22"
    },
    {
      "text": "Sneha Reddy: Completely understood. Before I let you go\u2014if next quarter opens up, what would need to be true for this to be worth a look? For example: a push to increase win rate in a certain segment, reducing discounting, or training new reps faster.",
      "link": "https://www.onyx.app/3854959-23"
    },
    {
      "text": "David Zimmerman: If we were hiring a bunch of new reps, maybe. Or if we saw a big drop in conversion. But right now, not really.",
      "link": "https://www.onyx.app/3854959-24"
    },
    {
      "text": "Sneha Reddy: That\u2019s clear. I\u2019ll step back. Would it be okay if I sent a short one-pager on the positioning recommendations and the objection-handling output\u2014just so you have it on file\u2014and then I can follow up in, say, 8\u201310 weeks?",
      "link": "https://www.onyx.app/3854959-25"
    },
    {
      "text": "David Zimmerman: You can send it, sure. But I can\u2019t promise I\u2019ll read it.",
      "link": "https://www.onyx.app/3854959-26"
    },
    {
      "text": "Sneha Reddy: Fair enough. What\u2019s the best email to send it to?",
      "link": "https://www.onyx.app/3854959-27"
    },
    {
      "text": "David Zimmerman: Use david.zimmerman@ivorynook.com.",
      "link": "https://www.onyx.app/3854959-28"
    },
    {
      "text": "Sneha Reddy: Perfect\u2014thanks. I\u2019ll send something brief, and I\u2019ll check back later in the quarter. Appreciate the time today, David.",
      "link": "https://www.onyx.app/3854959-29"
    },
    {
      "text": "David Zimmerman: No problem. Take care.",
      "link": "https://www.onyx.app/3854959-30"
    }
  ],
  "primary_owners": [
    {
      "display_name": null,
      "first_name": null,
      "middle_initial": null,
      "last_name": null,
      "email": "sneha_reddy@netherite-extraction.onyx.app"
    }
  ],
  "secondary_owners": [
    {
      "display_name": null,
      "first_name": null,
      "middle_initial": null,
      "last_name": null,
      "email": "david_zimmerman@ivorynook_furniture.onyx.app"
    }
  ]
}