{
  "id": "FIREFLIES_7071724",
  "semantic_identifier": "7071724 - Northeastwind Parcel Services - buy - Discussion with Charles Arnold",
  "title": null,
  "source": "fireflies",
  "doc_updated_at": "2025-08-16 00:00:00",
  "metadata": {
    "meeting_date": "2025-08-16 00:00:00",
    "duration_min": "25"
  },
  "doc_metadata": {
    "hierarchy": {
      "source_path": [
        "2025-08"
      ],
      "year_month": "2025-08",
      "meeting_title": "7071724 - Northeastwind Parcel Services - buy - Discussion with Charles Arnold",
      "organizer_email": "james_choi@netherite-extraction.onyx.app"
    }
  },
  "sections": [
    {
      "text": "James Choi: Hey Charles, good to see you again. How\u2019s your week going?",
      "link": "https://www.onyx.app/1074519-1"
    },
    {
      "text": "Charles Arnold: Hey James. Busy, but good. We\u2019ve been talking internally about what it would take to actually roll this out.",
      "link": "https://www.onyx.app/1074519-2"
    },
    {
      "text": "James Choi: Perfect\u2014this is exactly what I wanted to cover on call three. My goal today is to confirm the scope, address the one risk you raised around segment ambiguity, and if everything lines up, lock in next steps to get you live. Sound okay?",
      "link": "https://www.onyx.app/1074519-3"
    },
    {
      "text": "Charles Arnold: Yep. We\u2019re interested. We just don\u2019t want to buy something that spits out \u201cinsights\u201d that our team argues about because the segments aren\u2019t clean.",
      "link": "https://www.onyx.app/1074519-4"
    },
    {
      "text": "James Choi: Totally fair. Let me anchor on the two pieces you told me matter most: first, being able to separate SMB versus mid-market with confidence; second, turning that into segment-specific messaging for landing pages and outbound. Customer Analyzer does that with two core outputs: the fit score and the positioning recommendations. Today I\u2019ll focus mostly on the fit estimation and how we keep segments unambiguous.",
      "link": "https://www.onyx.app/1074519-5"
    },
    {
      "text": "Charles Arnold: Great. Start with the fit score\u2014what exactly is it using?",
      "link": "https://www.onyx.app/1074519-6"
    },
    {
      "text": "James Choi: Fit estimation is a 0\u2013100 score at both account and segment level. Underneath, it\u2019s a set of \u201cfit drivers\u201d you choose\u2014things like industry, company size, tech stack, problem severity, willingness to pay, time-to-value, adoption/usage patterns, support burden, and churn risk signals. We ingest the signals you already have\u2014CRM fields, onboarding surveys, product usage, support tickets, and any interview notes\u2014and then we give you: the score, a driver breakdown explaining why it\u2019s high or low, and comparisons across segments like SMB vs mid-market.",
      "link": "https://www.onyx.app/1074519-7"
    },
    {
      "text": "Charles Arnold: Okay, but we\u2019re not instrumented perfectly on product usage yet. Does that break it?",
      "link": "https://www.onyx.app/1074519-8"
    },
    {
      "text": "James Choi: No. It\u2019s designed to be incremental. We can start with CRM + onboarding survey + support tickets\u2014which you already have\u2014and then add usage events later when you\u2019re ready. The score will show confidence and which drivers are based on stronger signals versus weaker ones, so you\u2019re not over-trusting a number that\u2019s underfed.",
      "link": "https://www.onyx.app/1074519-9"
    },
    {
      "text": "Charles Arnold: That\u2019s helpful. Now on the segmentation issue\u2014our \u201cmid-market\u201d definition varies by team. Sales thinks 200\u20131,000 employees, marketing uses revenue bands, and ops sometimes buckets by shipment volume. It gets messy.",
      "link": "https://www.onyx.app/1074519-10"
    },
    {
      "text": "James Choi: That\u2019s the common failure mode, and it\u2019s exactly where we put guardrails. We handle it in two ways. First, we force explicit segment definitions in the system\u2014so \u201cSMB\u201d and \u201cmid-market\u201d are named tiers with clear rules. You can define them by employee count, revenue, shipment volume, or even a hybrid\u2014but it\u2019s declared and versioned, so everyone is looking at the same cut.",
      "link": "https://www.onyx.app/1074519-11"
    },
    {
      "text": "Charles Arnold: Versioned? Meaning we can change it without losing history?",
      "link": "https://www.onyx.app/1074519-12"
    },
    {
      "text": "James Choi: Exactly. You can compare \u201cSegment Definition v1\u201d versus \u201cv2\u201d and see how the fit scores and outcomes shift. That\u2019s important because teams evolve definitions over time, but you don\u2019t want debates about which view someone used in a slide.",
      "link": "https://www.onyx.app/1074519-13"
    },
    {
      "text": "Charles Arnold: That already sounds like it would reduce internal churn. But what about overlapping industries and personas? We serve logistics teams and customer service teams\u2014same account might have both.",
      "link": "https://www.onyx.app/1074519-14"
    },
    {
      "text": "James Choi: Great nuance. Second guardrail: we separate segment dimensions. So you can have a \u201cCompany Tier\u201d dimension (SMB vs mid-market) and a \u201cPersona\u201d dimension (Ops vs CS vs Sales), and we don\u2019t mash them into one ambiguous segment unless you intentionally create a combined segment. That way your recommendations can say, \u201cMid-market + Ops persona is high-fit, SMB + CS persona is medium-fit,\u201d instead of a muddy blend.",
      "link": "https://www.onyx.app/1074519-15"
    },
    {
      "text": "Charles Arnold: That\u2019s actually what we need. We\u2019ve had campaigns fail because we used the wrong narrative for the wrong persona inside the same company tier.",
      "link": "https://www.onyx.app/1074519-16"
    },
    {
      "text": "James Choi: Exactly\u2014and that flows directly into the second output: positioning recommendations. Once we have clean segments, Customer Analyzer produces practical messaging guidance: value propositions, differentiators, proof points, and objection handling\u2014specific to SMB vs mid-market, and optionally by persona. So you can build two landing pages\u2014one for SMB, one for mid-market\u2014and have outbound sequences that aren\u2019t just \u201cslightly different,\u201d but grounded in what correlates with conversion and retention in your own data.",
      "link": "https://www.onyx.app/1074519-17"
    },
    {
      "text": "Charles Arnold: When you say \u201cgrounded in our own data,\u201d how does it learn that? We don\u2019t have a ton of win/loss notes.",
      "link": "https://www.onyx.app/1074519-18"
    },
    {
      "text": "James Choi: You don\u2019t need perfect win/loss. We can use what you do have: conversion stage movement in CRM, renewal/expansion outcomes, support burden, and onboarding time-to-value. Even sparse interview notes and ticket themes help. The system looks at outcomes by segment and drivers, then recommends what to emphasize. For example, if mid-market accounts correlate strongly with \u201ctime-to-value under 14 days\u201d and \u201clow support burden,\u201d it\u2019ll recommend positioning around operational reliability and fast deployment, with proof points pulled from the signals you have.",
      "link": "https://www.onyx.app/1074519-19"
    },
    {
      "text": "Charles Arnold: Got it. One concern\u2014our data quality in CRM isn\u2019t amazing. Titles are inconsistent, industry fields are messy.",
      "link": "https://www.onyx.app/1074519-20"
    },
    {
      "text": "James Choi: That\u2019s common. Two things: we can map and normalize key fields during onboarding\u2014basic cleanup like standardizing industry taxonomy and size bands. And for persona, we can infer from a mix of title + department + interaction signals. You\u2019ll also see in the driver breakdown if \u201cindustry\u201d is noisy, so it won\u2019t silently dominate the score.",
      "link": "https://www.onyx.app/1074519-21"
    },
    {
      "text": "Charles Arnold: Okay. Let\u2019s talk implementation. If we buy, what does the first 30 days look like?",
      "link": "https://www.onyx.app/1074519-22"
    },
    {
      "text": "James Choi: Week 1: connect sources\u2014CRM, support ticketing, onboarding survey tool. Week 2: define segments explicitly with you\u2014SMB vs mid-market tiers, plus persona dimension if you want it. Week 3: run initial fit estimation and review driver breakdowns with your team; iterate on definitions if needed. Week 4: generate positioning recommendations and turn them into two concrete outputs: one SMB landing page outline + one mid-market landing page outline, plus an outbound messaging matrix for each.",
      "link": "https://www.onyx.app/1074519-23"
    },
    {
      "text": "Charles Arnold: That\u2019s pretty concrete. Who needs to be involved from our side?",
      "link": "https://www.onyx.app/1074519-24"
    },
    {
      "text": "James Choi: Usually one marketing ops or rev ops person for the data connections, one marketer for messaging review, and someone from sales to validate objections. We can keep it tight\u20143 people in a working group.",
      "link": "https://www.onyx.app/1074519-25"
    },
    {
      "text": "Charles Arnold: Pricing-wise, we\u2019re close, but my CFO is going to ask for justification. What\u2019s the \u201cwhy now\u201d argument?",
      "link": "https://www.onyx.app/1074519-26"
    },
    {
      "text": "James Choi: Two simple levers: improve conversion and reduce churn by targeting the right customers with the right narrative. For Northeastwind Parcel Services specifically, you told me you\u2019re running split messaging now but it\u2019s opinion-driven. With fit estimation you\u2019ll prioritize segments where you\u2019re more likely to win and retain; with positioning recommendations you\u2019ll stop using one-size-fits-all value props. Even a small lift\u2014say 10\u201315% improvement in mid-funnel conversion on your mid-market segment\u2014pays for the tool quickly, and you\u2019ll likely see a reduction in support burden if you stop pulling in low-fit customers.",
      "link": "https://www.onyx.app/1074519-27"
    },
    {
      "text": "Charles Arnold: Makes sense. My other question is adoption. If this becomes \u201canother dashboard,\u201d it\u2019ll die.",
      "link": "https://www.onyx.app/1074519-28"
    },
    {
      "text": "James Choi: Agreed. That\u2019s why we tie it to the two deliverables you care about: segment-specific landing page and outbound messaging for SMB vs mid-market. The tool isn\u2019t the goal\u2014the outputs are. We set it up so your team can export the messaging framework and the fit driver rationale into whatever you use\u2014docs, enablement, campaign briefs\u2014so it becomes part of the workflow, not another place to click.",
      "link": "https://www.onyx.app/1074519-29"
    },
    {
      "text": "Charles Arnold: Alright. I\u2019m leaning yes. What do you need from me to finalize?",
      "link": "https://www.onyx.app/1074519-30"
    },
    {
      "text": "James Choi: If you\u2019re comfortable, I\u2019d propose we finalize today with the annual agreement for Customer Analyzer, start date next Monday, and we schedule the kickoff with your ops lead and marketing lead. I\u2019ll also include the segment definition workshop as part of onboarding, specifically to prevent the ambiguity problem you called out.",
      "link": "https://www.onyx.app/1074519-31"
    },
    {
      "text": "Charles Arnold: Can you send the final order form with that onboarding scope spelled out? That\u2019s what I\u2019ll forward for signature.",
      "link": "https://www.onyx.app/1074519-32"
    },
    {
      "text": "James Choi: Absolutely. One more thing\u2014do you want to start with just SMB vs mid-market, or include persona from day one?",
      "link": "https://www.onyx.app/1074519-33"
    },
    {
      "text": "Charles Arnold: Let\u2019s do SMB vs mid-market first, but set it up so we can layer persona in after we see the first results.",
      "link": "https://www.onyx.app/1074519-34"
    },
    {
      "text": "James Choi: Perfect. That\u2019s a clean approach. I\u2019ll write it as Phase 1: company tier segmentation + fit estimation + initial positioning recs for SMB and mid-market. Phase 2 optional: persona dimension and deeper objections/proof points by role.",
      "link": "https://www.onyx.app/1074519-35"
    },
    {
      "text": "Charles Arnold: Good. If you send it today, I can probably get signature by end of week.",
      "link": "https://www.onyx.app/1074519-36"
    },
    {
      "text": "James Choi: Great. I\u2019ll send the order form within the hour, plus a one-page summary you can share internally: what we\u2019re connecting, how segments are defined and versioned, and the two deliverables in the first month. Once signed, I\u2019ll send a kickoff invite for next Monday. Anything else you want to see before you sign?",
      "link": "https://www.onyx.app/1074519-37"
    },
    {
      "text": "Charles Arnold: No, I think you covered the main risk. The versioning and separate dimensions for segmenting is what I needed to hear.",
      "link": "https://www.onyx.app/1074519-38"
    },
    {
      "text": "James Choi: Awesome. I\u2019ll get that over shortly. Thanks, Charles\u2014excited to get Northeastwind live and ship those two ICP landing pages with confidence.",
      "link": "https://www.onyx.app/1074519-39"
    },
    {
      "text": "Charles Arnold: Same here. Talk soon.",
      "link": "https://www.onyx.app/1074519-40"
    }
  ],
  "primary_owners": [
    {
      "display_name": null,
      "first_name": null,
      "middle_initial": null,
      "last_name": null,
      "email": "james_choi@netherite-extraction.onyx.app"
    }
  ],
  "secondary_owners": [
    {
      "display_name": null,
      "first_name": null,
      "middle_initial": null,
      "last_name": null,
      "email": "charles_arnold@northeastwind_parcel_services.onyx.app"
    }
  ]
}