{
  "id": "FIREFLIES_8267577",
  "semantic_identifier": "8267577 - Orchardline Supply - sales_pitch - Discussion with Madeline Cho",
  "title": null,
  "source": "fireflies",
  "doc_updated_at": "2025-08-18 00:00:00",
  "metadata": {
    "meeting_date": "2025-08-18 00:00:00",
    "duration_min": "42"
  },
  "doc_metadata": {
    "hierarchy": {
      "source_path": [
        "2025-08"
      ],
      "year_month": "2025-08",
      "meeting_title": "8267577 - Orchardline Supply - sales_pitch - Discussion with Madeline Cho",
      "organizer_email": "mina_park@netherite-extraction.onyx.app"
    }
  },
  "sections": [
    {
      "text": "Mina Park: Hi Madeline, thanks for taking a few minutes\u2014this is Mina Park. I work with teams that are trying to turn messy customer feedback and support noise into a clean, prioritized list of \u201cwhat we fix next.\u201d Does that sound relevant at Orchardline Supply right now?",
      "link": "https://www.onyx.app/6936773-1"
    },
    {
      "text": "Madeline Cho: Hi Mina\u2014yes, it does. We\u2019ve got feedback coming from support, account managers, and email threads, and it\u2019s hard to know what\u2019s actually urgent versus just loud.",
      "link": "https://www.onyx.app/6936773-2"
    },
    {
      "text": "Mina Park: That\u2019s exactly the problem Issue Tracker is built for. It\u2019s an issue-intelligence and triage layer that sits between your support tools like Zendesk or Intercom and delivery tools like Jira or Linear\u2014plus it pulls in customer and revenue context from your CRM. Instead of another ticketing system, it standardizes an \u201cissue object\u201d: the theme or root cause, the evidence from real conversations, and which customers are impacted\u2014then keeps that linked to the downstream engineering work.",
      "link": "https://www.onyx.app/6936773-3"
    },
    {
      "text": "Madeline Cho: Okay. We\u2019ve tried tags and dashboards, but it still turns into debates in triage meetings. What\u2019s actually different?",
      "link": "https://www.onyx.app/6936773-4"
    },
    {
      "text": "Mina Park: Two things tend to change the game. First is deduping and clustering\u2014Issue Tracker continuously ingests customer-reported problems and requests and automatically groups duplicates into themes, so you don\u2019t have ten tickets that look different but are actually the same root cause. Second is issue_prioritization: each cluster gets an explainable priority score based on inputs you control\u2014frequency and velocity, severity, customer tier or ARR, churn-risk flags, and segment importance. The key is it\u2019s not a black box; you can see why something rises to the top.",
      "link": "https://www.onyx.app/6936773-5"
    },
    {
      "text": "Madeline Cho: \u201cExplainable\u201d is good, because our product and support teams argue about severity all the time. How do you keep it from being just another score people ignore?",
      "link": "https://www.onyx.app/6936773-6"
    },
    {
      "text": "Mina Park: We\u2019ve found the score matters most when it\u2019s grounded in business impact and tailored views. Issue Tracker can show different lenses for different teams: Support can see SLA and escalation risk; Product can see impact versus effort; Sales can see deal blockers; Exec can see revenue exposure. Everyone\u2019s looking at the same clustered issues, but through the lens that matches their decision-making. That\u2019s what reduces the circular debate.",
      "link": "https://www.onyx.app/6936773-7"
    },
    {
      "text": "Madeline Cho: We\u2019re especially struggling with prioritizing issues for our best-fit customers. Sometimes lower-value segments flood us with volume and it crowds out what matters.",
      "link": "https://www.onyx.app/6936773-8"
    },
    {
      "text": "Mina Park: That\u2019s a perfect fit for one of the core use cases. If you\u2019re already segmenting customers by fit\u2014say ICP Tier-1 versus lower-fit\u2014Issue Tracker can weight issue clusters using those fit tiers so problems impacting Tier-1 customers outrank similar-volume issues from low-fit segments. So you\u2019re not just prioritizing by \u201chow many people complained,\u201d you\u2019re prioritizing by \u201cwho is complaining\u201d and what that means to retention and growth.",
      "link": "https://www.onyx.app/6936773-9"
    },
    {
      "text": "Madeline Cho: We do have fit tiers, but they live in different places depending on the team. Would we have to rebuild that?",
      "link": "https://www.onyx.app/6936773-10"
    },
    {
      "text": "Mina Park: Typically no. We can pull the customer tier signals from your CRM and, if you have something like a customer fit model, connect that context as well. The idea is to use what you already trust\u2014ARR bands, segments, churn-risk flags\u2014and apply it consistently to every issue cluster. If those signals are messy today, that\u2019s actually a good starting point for a working session: we map the fields you have, decide which ones should influence priority, and set sensible defaults.",
      "link": "https://www.onyx.app/6936773-11"
    },
    {
      "text": "Madeline Cho: How does it connect to our engineering workflow? We live in Jira and our PMs don\u2019t want another place to manage tickets.",
      "link": "https://www.onyx.app/6936773-12"
    },
    {
      "text": "Mina Park: Totally. Issue Tracker isn\u2019t trying to replace Jira. It sits between support and Jira. Once an issue theme is validated and prioritized, you can link it to the Jira epic or ticket your team already uses. The value is the issue object remains the source of truth for \u201cwhy we\u2019re doing this,\u201d with evidence attached\u2014support conversations, account notes\u2014while Jira remains the system of record for delivery. That way, when someone asks \u201cwhy is this P1,\u201d you don\u2019t have to dig through six tools and Slack threads.",
      "link": "https://www.onyx.app/6936773-13"
    },
    {
      "text": "Madeline Cho: Evidence is a big one for us\u2014leadership always asks for examples and customer names, and we scramble.",
      "link": "https://www.onyx.app/6936773-14"
    },
    {
      "text": "Mina Park: Exactly. Each cluster maintains a defensible history: who reported it, what they said, how often it\u2019s appearing, and which customers are impacted. That makes prioritization conversations faster and more consistent, and it makes status updates easier because you can trace the issue through to the engineering work and back to the original customer conversations.",
      "link": "https://www.onyx.app/6936773-15"
    },
    {
      "text": "Madeline Cho: This sounds promising. What would you need from us to see if it\u2019s a fit?",
      "link": "https://www.onyx.app/6936773-16"
    },
    {
      "text": "Mina Park: For a first step, I\u2019d suggest a 30\u201345 minute working session rather than a generic demo. We\u2019d look at three things: one, where your customer-reported issues currently come from\u2014Zendesk, Intercom, email, call notes; two, what customer context you trust most\u2014ARR, segment, ICP tier; and three, how you run triage today\u2014who decides, and what \u201cpriority\u201d means at Orchardline. Then we can show you Issue Tracker prioritizing a handful of real clusters in the Product view and the Exec revenue-exposure view.",
      "link": "https://www.onyx.app/6936773-17"
    },
    {
      "text": "Madeline Cho: I like the working session idea. If we can align on what to fix next without the weekly argument, that\u2019s worth it. Who should join from your side and ours?",
      "link": "https://www.onyx.app/6936773-18"
    },
    {
      "text": "Mina Park: On our side, it\u2019d be me and a solutions lead to map integrations and scoring inputs. From your side, ideally you, someone from Support Ops or Support leadership who owns Zendesk workflows, and a PM or product ops person who runs triage. If Sales is frequently escalating deal blockers, we can optionally include an account leader, but we can start lean.",
      "link": "https://www.onyx.app/6936773-19"
    },
    {
      "text": "Madeline Cho: Let\u2019s start lean. I can bring our Support Ops manager and one PM who owns our triage meeting. Do you have times next week?",
      "link": "https://www.onyx.app/6936773-20"
    },
    {
      "text": "Mina Park: Yes\u2014does Tuesday at 11am PT or Thursday at 2pm PT work? I\u2019ll send a calendar invite with a short agenda and a few questions in advance\u2014mainly which tools you\u2019re using and what fields you rely on for tiers and revenue impact.",
      "link": "https://www.onyx.app/6936773-21"
    },
    {
      "text": "Madeline Cho: Tuesday at 11am PT works. Send it over and I\u2019ll loop them in.",
      "link": "https://www.onyx.app/6936773-22"
    },
    {
      "text": "Mina Park: Perfect. I\u2019ll send the invite right after this. Thanks, Madeline\u2014looking forward to making triage a lot less painful at Orchardline.",
      "link": "https://www.onyx.app/6936773-23"
    },
    {
      "text": "Madeline Cho: Thanks, Mina. Talk Tuesday.",
      "link": "https://www.onyx.app/6936773-24"
    }
  ],
  "primary_owners": [
    {
      "display_name": null,
      "first_name": null,
      "middle_initial": null,
      "last_name": null,
      "email": "mina_park@netherite-extraction.onyx.app"
    }
  ],
  "secondary_owners": [
    {
      "display_name": null,
      "first_name": null,
      "middle_initial": null,
      "last_name": null,
      "email": "madeline_cho@orchardline_supply.onyx.app"
    }
  ]
}