{
  "id": "FIREFLIES_2601675",
  "semantic_identifier": "2601675 - Lumentrail Innovations - sales_call - Discussion with Victoria Baker",
  "title": null,
  "source": "fireflies",
  "doc_updated_at": "2025-12-05 00:00:00",
  "metadata": {
    "meeting_date": "2025-12-05 00:00:00",
    "duration_min": "18"
  },
  "doc_metadata": {
    "hierarchy": {
      "source_path": [
        "2025-12"
      ],
      "year_month": "2025-12",
      "meeting_title": "2601675 - Lumentrail Innovations - sales_call - Discussion with Victoria Baker",
      "organizer_email": "james_choi@netherite-extraction.onyx.app"
    }
  },
  "sections": [
    {
      "text": "James Choi: Hi Victoria, good to see you again. Last time you mentioned you\u2019re trying to tighten up who you\u2019re really targeting\u2014especially splitting messaging for SMB versus mid-market. Does that still feel like the priority for Lumentrail?",
      "link": "https://www.onyx.app/5607133-1"
    },
    {
      "text": "Victoria Baker: Yes, that\u2019s still the priority. We have interest coming in from a few directions, and our outbound is a bit all over the place. But we\u2019re also trying not to overcomplicate things.",
      "link": "https://www.onyx.app/5607133-2"
    },
    {
      "text": "James Choi: Totally fair. What I\u2019d like to do today is focus on one piece of Customer Analyzer: the positioning recommendations. The idea is we ingest the signals you already have\u2014CRM fields, onboarding survey answers, product usage, support tickets\u2014and then generate segment-specific messaging blocks you can actually use: landing page hero copy, sales deck bullets, and email openers, plus objection handling tied back to what we see in your data. If we can land that for SMB and mid-market, we\u2019re basically at \u201cready to deploy\u201d rather than \u201cinteresting insight.\u201d",
      "link": "https://www.onyx.app/5607133-3"
    },
    {
      "text": "Victoria Baker: Okay. My main worry is we don\u2019t have perfectly clean segment definitions. Like, industries overlap and personas overlap. So I\u2019m not sure the tool will know what \u201cSMB\u201d means for us beyond company size.",
      "link": "https://www.onyx.app/5607133-4"
    },
    {
      "text": "James Choi: That\u2019s a common starting point. Customer Analyzer doesn\u2019t require perfect segmentation upfront\u2014it can start with a draft definition and then it learns fit drivers from the observed outcomes and language. For example, we can define SMB and mid-market initially by employee count and maybe one or two context fields, then the system will surface what\u2019s actually driving success: activation patterns, which use cases show up most, what support tickets correlate with churn risk, that kind of thing. Then the positioning recs come out as \u201cfor this segment, lead with these top use cases and these differentiators,\u201d with the evidence linked underneath.",
      "link": "https://www.onyx.app/5607133-5"
    },
    {
      "text": "Victoria Baker: \u201cLearns\u201d is the part that makes me nervous. If our tags are messy, wouldn\u2019t it just generate messy recommendations? We\u2019ve been burned by tools that confidently output the wrong message.",
      "link": "https://www.onyx.app/5607133-6"
    },
    {
      "text": "James Choi: Fair. The mechanism here is pretty transparent\u2014we show the drivers and the underlying examples. So when it suggests a value proposition or differentiator for, say, mid-market ops leaders, you can click into the evidence: the customer language from tickets or interview notes, the usage event patterns, the fields it\u2019s leaning on. It\u2019s not a black box where you just take the copy and pray.",
      "link": "https://www.onyx.app/5607133-7"
    },
    {
      "text": "Victoria Baker: But we don\u2019t have interview notes in a structured place, and support tickets are\u2026 honestly chaotic. We use Zendesk, but tagging isn\u2019t consistent. That \u201cevidence\u201d might not be strong.",
      "link": "https://www.onyx.app/5607133-8"
    },
    {
      "text": "James Choi: We can still work with what you have. For a first pass, we usually start with CRM and product events because those are more structured\u2014then layer in support and survey data as it becomes available. The immediate output you\u2019d get is segment-specific messaging blocks you can edit. Think of it as a starting draft that\u2019s anchored to your real customer signals, not generic positioning templates.",
      "link": "https://www.onyx.app/5607133-9"
    },
    {
      "text": "Victoria Baker: Let\u2019s make this concrete. We need two landing pages\u2014one for SMB and one for mid-market\u2014and we need outbound sequences that don\u2019t sound like marketing wrote them. How would your positioning recommendations help with that in a week or two?",
      "link": "https://www.onyx.app/5607133-10"
    },
    {
      "text": "James Choi: Great. In week one, we connect your CRM and product usage events, and define your two tiers. Then Customer Analyzer generates: (1) an SMB value prop, top 2\u20133 use cases, and proof points to collect; (2) the same for mid-market; and (3) objections we\u2019re likely to hit and how to respond, based on what shows up in tickets and sales notes. From there, you can export editable messaging blocks: landing page hero copy, subheaders, three bullets, and email openers tailored for each tier.",
      "link": "https://www.onyx.app/5607133-11"
    },
    {
      "text": "Victoria Baker: And what if SMB and mid-market aren\u2019t actually different in use cases? We\u2019ve seen cases where it\u2019s more about persona or industry than company size.",
      "link": "https://www.onyx.app/5607133-12"
    },
    {
      "text": "James Choi: Then the tool will show that too. If the fit drivers aren\u2019t separating cleanly by size, it\u2019ll become obvious when the recommendations look too similar\u2014and that\u2019s a signal to refine the segments. We can pivot to an industry-based split or persona-based split.",
      "link": "https://www.onyx.app/5607133-13"
    },
    {
      "text": "Victoria Baker: That sounds like extra cycles though. We\u2019re already stretched. I don\u2019t have bandwidth for a segmentation science project.",
      "link": "https://www.onyx.app/5607133-14"
    },
    {
      "text": "James Choi: Understood. The goal isn\u2019t to do a giant resegmentation effort. It\u2019s to get you to \u201cgood enough\u201d messaging for two tiers, quickly, and improve it iteratively. If we keep the scope tight\u2014SMB vs mid-market and only the top use cases\u2014we can get you something usable without boiling the ocean.",
      "link": "https://www.onyx.app/5607133-15"
    },
    {
      "text": "Victoria Baker: I hear that. But I\u2019m still stuck on the ambiguity problem. If our segments overlap\u2014say healthcare SMB and fintech SMB, different needs\u2014won\u2019t the SMB page become watered down?",
      "link": "https://www.onyx.app/5607133-16"
    },
    {
      "text": "James Choi: That\u2019s a good callout. If there\u2019s meaningful variance inside SMB, we can either (a) pick a priority slice and position to it, or (b) let the SMB page focus on a broader outcome while outbound messaging goes more specific by persona or industry. Customer Analyzer can generate messaging for a segment definition like \u201cSMB + Industry = Healthcare\u201d if you want to go there.",
      "link": "https://www.onyx.app/5607133-17"
    },
    {
      "text": "Victoria Baker: We don\u2019t reliably capture industry. We have it sometimes, but a lot of records are blank or wrong. And we definitely don\u2019t have persona standardized. So I\u2019m not sure we can cleanly do those cuts.",
      "link": "https://www.onyx.app/5607133-18"
    },
    {
      "text": "James Choi: If those fields are missing, we can infer some of it from signals\u2014like domain enrichment or the language in tickets and onboarding surveys\u2014though obviously that\u2019s not perfect. Another approach is to keep the first iteration purely on what you do trust: size, lifecycle stage, and product behaviors. Then we create two pages and two sequences that are aligned to those behaviors.",
      "link": "https://www.onyx.app/5607133-19"
    },
    {
      "text": "Victoria Baker: But our product behaviors aren\u2019t mapped cleanly to success yet. We\u2019re still figuring out what \u201cgood usage\u201d means. That\u2019s partly why we\u2019re looking at tools like this.",
      "link": "https://www.onyx.app/5607133-20"
    },
    {
      "text": "James Choi: Right\u2014and that\u2019s where the fit drivers come in. The fit score and positioning recommendations are tied to observed patterns, so you\u2019re not guessing from scratch. We can define \u201csuccess\u201d initially as retention past X days or conversion to paid, then the system identifies which signals correlate and uses that to inform positioning.",
      "link": "https://www.onyx.app/5607133-21"
    },
    {
      "text": "Victoria Baker: That assumes we have enough volume and clean conversion data. We\u2019re not huge. Mid-market especially is low volume.",
      "link": "https://www.onyx.app/5607133-22"
    },
    {
      "text": "James Choi: For low volume segments, we can rely more on qualitative signals\u2014tickets, surveys, call notes\u2014paired with whatever quantitative we have. And we can keep the recommendations labeled with confidence, so you know what\u2019s strong versus what\u2019s speculative.",
      "link": "https://www.onyx.app/5607133-23"
    },
    {
      "text": "Victoria Baker: How much work is on my team to make this not speculative? Because right now, I\u2019m hearing \u201cconnect data, define segments, refine segments, validate drivers\u201d\u2014and that\u2019s a lot.",
      "link": "https://www.onyx.app/5607133-24"
    },
    {
      "text": "James Choi: For onboarding, we\u2019d need someone to help with data connections and confirm which CRM fields are meaningful, plus a quick working session to define the two tiers. After that, you\u2019d review the recommended messaging blocks and tweak. Typical time from your side is a few hours spread across the first couple weeks.",
      "link": "https://www.onyx.app/5607133-25"
    },
    {
      "text": "Victoria Baker: I\u2019m going to be honest: we tried a similar \u201cmessaging generator\u201d tool last quarter. It produced decent copy, but it didn\u2019t reflect what actually wins deals for us, and we still had to do all the work. So leadership is skeptical.",
      "link": "https://www.onyx.app/5607133-26"
    },
    {
      "text": "James Choi: That\u2019s fair. The differentiation here is it\u2019s grounded in your customer language and signals, and it links everything back to evidence. So instead of \u201chere\u2019s copy,\u201d it\u2019s \u201chere\u2019s copy because your retained customers talk about X and exhibit Y behaviors.\u201d",
      "link": "https://www.onyx.app/5607133-27"
    },
    {
      "text": "Victoria Baker: But if that evidence is incomplete or noisy, we\u2019re back to square one. Also, we have a lot of overlapping personas\u2014ops, IT, finance\u2014and we don\u2019t track that well. Objection handling would be different, and I\u2019m not sure the system can separate that.",
      "link": "https://www.onyx.app/5607133-28"
    },
    {
      "text": "James Choi: If persona is a key axis and it\u2019s not captured, it does limit how cleanly we can generate persona-specific objection playbooks. We can still produce a general objection-handling set for SMB and mid-market, but I agree it may not be as sharp as you want without better inputs.",
      "link": "https://www.onyx.app/5607133-29"
    },
    {
      "text": "Victoria Baker: That\u2019s kind of the crux. We want sharper, not broader. And we don\u2019t want to spend a quarter cleaning fields just to get there.",
      "link": "https://www.onyx.app/5607133-30"
    },
    {
      "text": "James Choi: Understood. One option is to run a lightweight pilot: pick a single tier\u2014say SMB\u2014generate positioning and a landing page draft, run it for two weeks, and see if conversion improves. If it does, we expand to mid-market.",
      "link": "https://www.onyx.app/5607133-31"
    },
    {
      "text": "Victoria Baker: I don\u2019t think we can justify even a pilot right now. Budget is tight, and we have a website refresh already underway with an agency. Also, if we can\u2019t define segments clearly, we\u2019ll end up debating outputs instead of shipping.",
      "link": "https://www.onyx.app/5607133-32"
    },
    {
      "text": "James Choi: Okay. If timing and segmentation readiness are blockers, it may not be the right moment. Would it help if I sent a short checklist of the minimum inputs needed for clean recommendations\u2014like required CRM fields, a couple survey questions, and basic usage events\u2014so you can gauge effort before deciding?",
      "link": "https://www.onyx.app/5607133-33"
    },
    {
      "text": "Victoria Baker: That would be useful, yes. I need to share something concrete with the team. But for purchase, I don\u2019t think we\u2019re there.",
      "link": "https://www.onyx.app/5607133-34"
    },
    {
      "text": "James Choi: Got it. I\u2019ll send the checklist and a sample of what the editable messaging blocks look like\u2014landing page hero, bullets, and an outbound opener\u2014so you can visualize the output. Then maybe we regroup once you know whether the data and segment definitions are workable.",
      "link": "https://www.onyx.app/5607133-35"
    },
    {
      "text": "Victoria Baker: Sounds good. Send that over, and we\u2019ll revisit later this quarter if things loosen up.",
      "link": "https://www.onyx.app/5607133-36"
    },
    {
      "text": "James Choi: Will do. Thanks for the candid feedback, Victoria. I\u2019ll follow up by end of day with the materials and suggested next steps if you decide to re-open the conversation.",
      "link": "https://www.onyx.app/5607133-37"
    },
    {
      "text": "Victoria Baker: Thanks, James. Talk soon.",
      "link": "https://www.onyx.app/5607133-38"
    }
  ],
  "primary_owners": [
    {
      "display_name": null,
      "first_name": null,
      "middle_initial": null,
      "last_name": null,
      "email": "james_choi@netherite-extraction.onyx.app"
    }
  ],
  "secondary_owners": [
    {
      "display_name": null,
      "first_name": null,
      "middle_initial": null,
      "last_name": null,
      "email": "victoria_baker@lumentrail_innovations.onyx.app"
    }
  ]
}