{
  "id": "FIREFLIES_6769765",
  "semantic_identifier": "6769765 - Zestwood Homewares - sales_pitch - Discussion with Timothy Hart",
  "title": null,
  "source": "fireflies",
  "doc_updated_at": "2025-12-14 00:00:00",
  "metadata": {
    "meeting_date": "2025-12-14 00:00:00",
    "duration_min": "25"
  },
  "doc_metadata": {
    "hierarchy": {
      "source_path": [
        "2025-12"
      ],
      "year_month": "2025-12",
      "meeting_title": "6769765 - Zestwood Homewares - sales_pitch - Discussion with Timothy Hart",
      "organizer_email": "james_choi@netherite-extraction.onyx.app"
    }
  },
  "sections": [
    {
      "text": "James Choi: Hi Timothy\u2014James Choi here. I\u2019ll keep this brief. I work with teams that are trying to get sharper on who their best customers are and how to sell to them more consistently. Do you have two minutes for a quick overview?",
      "link": "https://www.onyx.app/2236140-1"
    },
    {
      "text": "Timothy Hart: I\u2019ve got a couple minutes, yeah. What is it?",
      "link": "https://www.onyx.app/2236140-2"
    },
    {
      "text": "James Choi: Thanks. The product is called Customer Analyzer. It pulls together signals you already have\u2014CRM fields, onboarding survey answers, product usage events, support tickets, even interview notes\u2014and turns that into two things: a fit score for accounts and segments, and very practical positioning recommendations your team can use in sales conversations.",
      "link": "https://www.onyx.app/2236140-3"
    },
    {
      "text": "Timothy Hart: Okay. We already have Salesforce reports and some dashboards. What\u2019s different?",
      "link": "https://www.onyx.app/2236140-4"
    },
    {
      "text": "James Choi: Totally fair. The difference is we\u2019re not just reporting what happened\u2014we\u2019re estimating customer-product fit with a 0\u2013100 score and showing the \u201cwhy\u201d behind it. You define fit drivers like industry, company size, problem severity, time-to-value, adoption patterns, support burden, churn risk signals\u2014then we break down which drivers are pulling a segment up or down and compare segments side by side.",
      "link": "https://www.onyx.app/2236140-5"
    },
    {
      "text": "Timothy Hart: Sounds like a lot of analysis. We\u2019re a homewares company\u2014mostly retail and ecomm. Not sure we need \u201cfit scoring\u201d like a SaaS company would.",
      "link": "https://www.onyx.app/2236140-6"
    },
    {
      "text": "James Choi: That makes sense. Where it tends to help outside SaaS is when teams have multiple customer types and inconsistent outcomes\u2014some customers adopt quickly and reorder, others churn or become support-heavy. The fit estimation helps you identify which profiles are most likely to convert and stick, then align marketing and sales around that.",
      "link": "https://www.onyx.app/2236140-7"
    },
    {
      "text": "Timothy Hart: We don\u2019t really have a \u201csales\u201d motion in the classic sense. It\u2019s mostly demand gen, partnerships, and retail relationships. I\u2019m not sure how this fits.",
      "link": "https://www.onyx.app/2236140-8"
    },
    {
      "text": "James Choi: Got it\u2014then let me anchor on one use case that\u2019s relevant even with partnerships and retail: sales enablement. Customer Analyzer can generate an objection-handling guide tied to the strongest value drivers for your best-fit accounts. So when you\u2019re talking to a retail partner or a distributor, you can standardize messaging: here are the proof points that matter for this segment, here are the differentiators, and here\u2019s how to handle the top objections based on what wins with similar profiles.",
      "link": "https://www.onyx.app/2236140-9"
    },
    {
      "text": "Timothy Hart: We already have a pitch deck and some battlecards. My team updates them quarterly.",
      "link": "https://www.onyx.app/2236140-10"
    },
    {
      "text": "James Choi: That\u2019s great\u2014most teams do. The issue we see is those assets become opinion-based over time. What we do is tie them to observed outcomes. For example, if \u201cfast time-to-value\u201d and \u201clow support burden\u201d are the highest drivers in your highest-performing segment, the positioning recommendations will emphasize those\u2014and if a segment scores low because of, say, high returns or high support tickets, we\u2019ll flag the objections you\u2019ll most likely get and what messaging actually performs better.",
      "link": "https://www.onyx.app/2236140-11"
    },
    {
      "text": "Timothy Hart: We don\u2019t have clean data on returns and support in one place. It\u2019s split across systems. And I\u2019m not excited about another tool that needs a bunch of integration work.",
      "link": "https://www.onyx.app/2236140-12"
    },
    {
      "text": "James Choi: Totally reasonable. The setup can start lightweight. Many customers begin with just CRM fields plus a couple of signal sources\u2014like support tickets or onboarding survey themes\u2014then expand. Even with partial inputs, the fit model can still surface useful segment comparisons and driver breakdowns.",
      "link": "https://www.onyx.app/2236140-13"
    },
    {
      "text": "Timothy Hart: \u201cModel\u201d makes me nervous. Is this AI making stuff up, or is it explainable?",
      "link": "https://www.onyx.app/2236140-14"
    },
    {
      "text": "James Choi: It\u2019s explainable. The fit score comes with a driver breakdown\u2014what inputs contributed, how strongly, and what would change the score. We\u2019re not trying to replace your judgment; it\u2019s a decision aid to align teams on where you\u2019re seeing traction and why.",
      "link": "https://www.onyx.app/2236140-15"
    },
    {
      "text": "Timothy Hart: Okay, but to be candid, we\u2019re not in a place to take on new software. Budget is tight this quarter, and we\u2019re midstream on a marketing ops cleanup.",
      "link": "https://www.onyx.app/2236140-16"
    },
    {
      "text": "James Choi: I hear you. The reason I reached out to Zestwood Homewares specifically is I noticed you\u2019ve been expanding channels\u2014when channel mix expands, messaging can get fragmented. Customer Analyzer helps you pick the segments that are actually best-fit and then gives your team a consistent narrative and objection handling tied to those segments.",
      "link": "https://www.onyx.app/2236140-17"
    },
    {
      "text": "Timothy Hart: We\u2019re already standardizing messaging through brand. And our channel teams have pretty different needs\u2014one narrative won\u2019t work everywhere.",
      "link": "https://www.onyx.app/2236140-18"
    },
    {
      "text": "James Choi: Completely agree\u2014it shouldn\u2019t be one narrative. It\u2019s more like: one core truth, then segment-specific packaging. For instance, you might have different proof points for boutique retailers versus large retail partners versus B2B hospitality buyers. The segment comparison view shows what\u2019s driving success in each, so the messaging adapts without everyone freelancing.",
      "link": "https://www.onyx.app/2236140-19"
    },
    {
      "text": "Timothy Hart: I\u2019m still not seeing a clear ROI for us. Our biggest constraint isn\u2019t messaging\u2014it\u2019s supply chain and margins.",
      "link": "https://www.onyx.app/2236140-20"
    },
    {
      "text": "James Choi: That\u2019s helpful context. If margins and supply chain are the bottleneck, then a tool focused on ICP and positioning may not be the top lever right now. The only angle where it could still help is prioritization\u2014if you can\u2019t serve everyone equally, focusing on the best-fit segments can reduce wasted effort and lower support burden.",
      "link": "https://www.onyx.app/2236140-21"
    },
    {
      "text": "Timothy Hart: Maybe, but we already prioritize based on revenue and retailer tier. It\u2019s not perfect, but it\u2019s workable.",
      "link": "https://www.onyx.app/2236140-22"
    },
    {
      "text": "James Choi: Understood. Would it be useful if I sent a one-pager showing how the fit estimation works\u2014like the 0\u2013100 score, driver breakdown, and segment comparisons\u2014just so you can see whether it maps to your world? If it doesn\u2019t, we can leave it there.",
      "link": "https://www.onyx.app/2236140-23"
    },
    {
      "text": "Timothy Hart: You can send it, sure. But I\u2019m not committing to a longer call. We\u2019re really slammed.",
      "link": "https://www.onyx.app/2236140-24"
    },
    {
      "text": "James Choi: Fair. If you glance at it and it resonates, the next step would just be a 20-minute discovery\u2014mostly to understand your segments, what data you actually have, and whether we can produce anything meaningful without heavy integration. If it\u2019s not a fit, I\u2019ll be the first to say so.",
      "link": "https://www.onyx.app/2236140-25"
    },
    {
      "text": "Timothy Hart: Send the one-pager and maybe a couple examples. But again, no promises on timing.",
      "link": "https://www.onyx.app/2236140-26"
    },
    {
      "text": "James Choi: Will do. What\u2019s the best email to send it to\u2014same one I used to reach you?",
      "link": "https://www.onyx.app/2236140-27"
    },
    {
      "text": "Timothy Hart: Yes, use that.",
      "link": "https://www.onyx.app/2236140-28"
    },
    {
      "text": "James Choi: Perfect. I\u2019ll send a short overview plus an example of an objection-handling guide tied to best-fit drivers, so you can see how it turns into sales-ready material. If it looks relevant, you can propose times; if not, no worries.",
      "link": "https://www.onyx.app/2236140-29"
    },
    {
      "text": "Timothy Hart: Sounds fine.",
      "link": "https://www.onyx.app/2236140-30"
    },
    {
      "text": "James Choi: Thanks, Timothy. I appreciate the time\u2014I'll get that over today.",
      "link": "https://www.onyx.app/2236140-31"
    },
    {
      "text": "Timothy Hart: Alright. Bye.",
      "link": "https://www.onyx.app/2236140-32"
    }
  ],
  "primary_owners": [
    {
      "display_name": null,
      "first_name": null,
      "middle_initial": null,
      "last_name": null,
      "email": "james_choi@netherite-extraction.onyx.app"
    }
  ],
  "secondary_owners": [
    {
      "display_name": null,
      "first_name": null,
      "middle_initial": null,
      "last_name": null,
      "email": "timothy_hart@zestwood_homewares.onyx.app"
    }
  ]
}