{
  "id": "FIREFLIES_8062516",
  "semantic_identifier": "8062516 - Terraspire Energy - buy - Discussion with Max Chavez",
  "title": null,
  "source": "fireflies",
  "doc_updated_at": "2025-12-23 00:00:00",
  "metadata": {
    "meeting_date": "2025-12-23 00:00:00",
    "duration_min": "44"
  },
  "doc_metadata": {
    "hierarchy": {
      "source_path": [
        "2025-12"
      ],
      "year_month": "2025-12",
      "meeting_title": "8062516 - Terraspire Energy - buy - Discussion with Max Chavez",
      "organizer_email": "sneha_reddy@netherite-extraction.onyx.app"
    }
  },
  "sections": [
    {
      "text": "Sneha Reddy: Hey Max, good to see you again. Last time we aligned on using Sales Accelerator on top of Salesforce to tighten forecasting and help reps move deals forward. Today I\u2019d love to confirm scope, address the privacy/compliance questions, and\u2014if we\u2019re aligned\u2014lock in next steps to get you live this quarter. Sound good?",
      "link": "https://www.onyx.app/2627091-1"
    },
    {
      "text": "Max Chavez: Yep, sounds good. We\u2019re definitely interested. The big thing is making sure it won\u2019t create any compliance headaches, and I want to be confident the forecasting value is real\u2014not another dashboard no one trusts.",
      "link": "https://www.onyx.app/2627091-2"
    },
    {
      "text": "Sneha Reddy: Totally fair. Why don\u2019t we anchor on two things: (1) the sales_forecast capability\u2014how it improves accuracy and makes the \u201cwhy\u201d explainable\u2014and (2) the weekly pipeline hygiene workflow\u2014alerts and a prioritized task list that your managers can run without nagging. Then we\u2019ll tackle privacy and what we do and don\u2019t ingest. Cool?",
      "link": "https://www.onyx.app/2627091-3"
    },
    {
      "text": "Max Chavez: Works for me. Start with forecasting\u2014our leadership is tired of end-of-quarter surprises.",
      "link": "https://www.onyx.app/2627091-4"
    },
    {
      "text": "Sneha Reddy: Great. In Sales Accelerator, the forecast isn\u2019t just \u201cstage probability.\u201d It combines your CRM stage data with activity signals\u2014emails, calls, meetings\u2014plus cycle-time benchmarks and slippage patterns. Optionally, we can weight by your Customer Analyzer fit tier so Tier 1 ICP deals carry more predictive weight than random inbound. The output is commit, best-case, and pipeline views, but the key is it\u2019s explainable: it shows drivers like stage age, last touch, whether a next meeting is scheduled, fit tier, and how similar deals historically converted at Terraspire.",
      "link": "https://www.onyx.app/2627091-5"
    },
    {
      "text": "Max Chavez: Explainable helps. Right now our reps argue with the number because the CRM fields are messy.",
      "link": "https://www.onyx.app/2627091-6"
    },
    {
      "text": "Sneha Reddy: Exactly. Two ways we reduce that arguing. First, we surface slippage diagnostics\u2014what\u2019s stale, which stages have inflated age, where conversion is dropping. Second, we link the forecast to \u201cwhat to do next,\u201d not just \u201chere\u2019s the bad news.\u201d So if an opp is in Stage 3, 28 days old, no meeting scheduled, and last touch was 10 days ago, it flags risk and recommends the next best action: schedule a meeting, add a mutual plan step, or loop in an exec\u2014whatever pattern matches your wins.",
      "link": "https://www.onyx.app/2627091-7"
    },
    {
      "text": "Max Chavez: Okay, but I\u2019m also thinking about adoption. If it\u2019s one more thing reps have to open, it\u2019ll die.",
      "link": "https://www.onyx.app/2627091-8"
    },
    {
      "text": "Sneha Reddy: We\u2019re aligned. That\u2019s why it sits on top of Salesforce rather than replacing it. Reps get an ordered task queue\u2014think \u201ctop 10 actions that most improve forecast health.\u201d Managers get the weekly pipeline hygiene run: alerts for missing next steps, stale opps, and single-threaded deals. It\u2019s designed to be lightweight: your team can start their day with the queue, knock out the highest-impact fixes, and your forecast improves as a byproduct.",
      "link": "https://www.onyx.app/2627091-9"
    },
    {
      "text": "Max Chavez: The weekly hygiene is interesting. Right now managers spend half their 1:1s doing detective work.",
      "link": "https://www.onyx.app/2627091-10"
    },
    {
      "text": "Sneha Reddy: That\u2019s the use case we see most: automatic hygiene so 1:1s become coaching, not data cleanup. For example, the system flags \u201csingle-threaded\u201d deals\u2014only one contact engaged\u2014because historically those slip. It\u2019ll also flag \u201cno next meeting scheduled,\u201d \u201cstage age beyond benchmark,\u201d and \u201cmissing close plan.\u201d Then it gives reps an ordered list: update next steps, add stakeholders, confirm timeline, book the next meeting\u2014whatever is most likely to de-risk the quarter.",
      "link": "https://www.onyx.app/2627091-11"
    },
    {
      "text": "Max Chavez: That would help. Now, the privacy piece: we\u2019re in energy, we have strict internal policies. I\u2019m worried about parsing call notes and emails\u2014PII, retention, consent. Our legal team will ask.",
      "link": "https://www.onyx.app/2627091-12"
    },
    {
      "text": "Sneha Reddy: Completely. Let me be crisp about what we can do. Sales Accelerator can use activity signals in two modes. Mode A is metadata-only: timestamps, meeting held/not held, email sent, reply received, next meeting on calendar\u2014no content ingestion. That alone powers a lot of the slippage and \u201cstale opp\u201d detection.",
      "link": "https://www.onyx.app/2627091-13"
    },
    {
      "text": "Max Chavez: That sounds safer. What about the more advanced risk signals?",
      "link": "https://www.onyx.app/2627091-14"
    },
    {
      "text": "Sneha Reddy: Mode B includes content-derived signals\u2014like extracting whether \u201cpricing\u201d was discussed or whether the customer mentioned \u201cprocurement\u201d or \u201ctimeline slip.\u201d If you choose that, we implement guardrails: configurable redaction for PII, retention controls, and consent settings aligned to your tooling. Also, we don\u2019t need to store raw emails or call transcripts to generate risk flags; we can store only the derived risk indicators and minimal references.",
      "link": "https://www.onyx.app/2627091-15"
    },
    {
      "text": "Max Chavez: If we start with metadata-only, will we still get value?",
      "link": "https://www.onyx.app/2627091-16"
    },
    {
      "text": "Sneha Reddy: Yes. For most teams, metadata gets you 70\u201380% of the benefit: forecast accuracy improves because the system sees real buyer engagement, not just stage. And the hygiene alerts become immediately useful\u2014missing next step, last touch, no meeting scheduled, stage age. Then if legal gets comfortable later, you can progressively turn on content signals for a subset of reps or only for specific fields.",
      "link": "https://www.onyx.app/2627091-17"
    },
    {
      "text": "Max Chavez: That phased approach will go over better internally. How does Customer Analyzer fit in again? We already spent time building our ICP tiers there.",
      "link": "https://www.onyx.app/2627091-18"
    },
    {
      "text": "Sneha Reddy: Perfect\u2014Sales Accelerator consumes those fit scores and positioning blocks; we don\u2019t duplicate that work. In forecasting, fit tier can be a weighting factor. In the action queue, it prioritizes outreach and follow-ups toward Tier 1 accounts and recommends sequences that match the positioning blocks you already approved. So your team stays consistent in messaging and spends time where the win rate is highest.",
      "link": "https://www.onyx.app/2627091-19"
    },
    {
      "text": "Max Chavez: Got it. So implementation-wise, what are we talking? We don\u2019t want a three-month project.",
      "link": "https://www.onyx.app/2627091-20"
    },
    {
      "text": "Sneha Reddy: For your initial scope\u2014Salesforce integration, metadata-based activity signals, forecast views, and the weekly pipeline hygiene alerts\u2014we\u2019re typically live in 2\u20134 weeks. Week 1: connect Salesforce and calendar/email metadata, map stages, confirm your segments. Week 2: calibrate cycle-time benchmarks and historical win rates. Week 3: roll out to a pilot pod\u2014say 10 reps plus two managers\u2014then expand. Minimal IT lift.",
      "link": "https://www.onyx.app/2627091-21"
    },
    {
      "text": "Max Chavez: Okay. Let\u2019s talk purchase. We have budget allocated if we can show it\u2019ll help forecasting before Q2 closes.",
      "link": "https://www.onyx.app/2627091-22"
    },
    {
      "text": "Sneha Reddy: That\u2019s doable. Here\u2019s what I\u2019m proposing to get this over the line: we start with a pilot for Terraspire\u2019s commercial team\u2014forecasting + pipeline hygiene, metadata-only for privacy. Success criteria: (1) reduction in stale opps and missing next steps by, say, 30% in the first month, and (2) improved forecast hygiene\u2014fewer \u201csurprise slips\u201d week to week. If we hit those, it rolls into the full team rollout automatically.",
      "link": "https://www.onyx.app/2627091-23"
    },
    {
      "text": "Max Chavez: That sounds reasonable. Legal will still want to see a clear statement on what data you ingest and store.",
      "link": "https://www.onyx.app/2627091-24"
    },
    {
      "text": "Sneha Reddy: Absolutely. I can send a one-pager today: data sources, what\u2019s metadata-only, what\u2019s optional, retention defaults, and redaction/derived-signal storage. We can also add an explicit line in the order form that the initial deployment excludes content ingestion. Would that address the concern?",
      "link": "https://www.onyx.app/2627091-25"
    },
    {
      "text": "Max Chavez: Yes, having that in writing helps. Procurement will also ask about security review\u2014SOC 2, etc.",
      "link": "https://www.onyx.app/2627091-26"
    },
    {
      "text": "Sneha Reddy: We can support that. I\u2019ll include our security packet and SOC 2 report under NDA if needed. But to keep momentum: if we align on the scope today, can we target signature by end of next week? That puts kickoff the following Monday.",
      "link": "https://www.onyx.app/2627091-27"
    },
    {
      "text": "Max Chavez: I think so. I\u2019d need to loop in my VP for the final yes, but she\u2019s been pushing for better forecast discipline. If you send the one-pager and the security packet, I can tee it up.",
      "link": "https://www.onyx.app/2627091-28"
    },
    {
      "text": "Sneha Reddy: Great. To make it easy for your VP, what\u2019s the single most important outcome she cares about\u2014forecast accuracy, rep productivity, or manager visibility?",
      "link": "https://www.onyx.app/2627091-29"
    },
    {
      "text": "Max Chavez: Forecast accuracy and fewer end-of-quarter fire drills. She wants to trust commit.",
      "link": "https://www.onyx.app/2627091-30"
    },
    {
      "text": "Sneha Reddy: Perfect. Then I\u2019ll frame it as: \u201cExplainable forecasting tied to concrete actions that improve forecast health,\u201d plus the weekly hygiene automation that reduces manual cleanup. If we start metadata-only, we eliminate the biggest privacy risk upfront. If your VP says yes, are you comfortable being the business owner for the pilot?",
      "link": "https://www.onyx.app/2627091-31"
    },
    {
      "text": "Max Chavez: Yes, I can own it. I\u2019ll also have our sales ops manager involved for the Salesforce mapping.",
      "link": "https://www.onyx.app/2627091-32"
    },
    {
      "text": "Sneha Reddy: Awesome. Last detail: for the pilot group, do you want a mix of top performers and mid-performers, or focus on one segment?",
      "link": "https://www.onyx.app/2627091-33"
    },
    {
      "text": "Max Chavez: Mix is better. If it works for the messy middle, it\u2019ll work for everyone.",
      "link": "https://www.onyx.app/2627091-34"
    },
    {
      "text": "Sneha Reddy: Agreed. Here\u2019s what I\u2019ll do right after this call: send the pilot SOW with metadata-only language, the data-handling one-pager, and the security packet. You\u2019ll review with your VP and procurement. Let\u2019s book a 20-minute follow-up for next Thursday to finalize signature and kickoff date. Does 11:00 a.m. work?",
      "link": "https://www.onyx.app/2627091-35"
    },
    {
      "text": "Max Chavez: Yeah, 11:00 works. Send it over and I\u2019ll start socializing it today.",
      "link": "https://www.onyx.app/2627091-36"
    },
    {
      "text": "Sneha Reddy: Perfect. Anything else that would block approval\u2014pricing structure, term length, or stakeholder concerns\u2014so I can address it now rather than in email?",
      "link": "https://www.onyx.app/2627091-37"
    },
    {
      "text": "Max Chavez: Term length might come up. If we can do an initial annual with the pilot baked in, that\u2019s fine. As long as the privacy stance is clear, I think we\u2019re good.",
      "link": "https://www.onyx.app/2627091-38"
    },
    {
      "text": "Sneha Reddy: Great\u2014annual agreement with a defined pilot phase, metadata-only at launch, and clear success criteria. I\u2019ll put it all in writing today. Thanks, Max\u2014excited to get Terraspire forecasting out of the guesswork zone.",
      "link": "https://www.onyx.app/2627091-39"
    },
    {
      "text": "Max Chavez: Thanks, Sneha. Looking forward to the docs.",
      "link": "https://www.onyx.app/2627091-40"
    }
  ],
  "primary_owners": [
    {
      "display_name": null,
      "first_name": null,
      "middle_initial": null,
      "last_name": null,
      "email": "sneha_reddy@netherite-extraction.onyx.app"
    }
  ],
  "secondary_owners": [
    {
      "display_name": null,
      "first_name": null,
      "middle_initial": null,
      "last_name": null,
      "email": "max_chavez@terraspire_energy.onyx.app"
    }
  ]
}